index,Date,Adj Close,Close,High,Low,Open,Volume,Target,lag1,lag2,lag3,lag5,lag10,Return,MA5,MA20,Volatility20
20,2015-01-30,194.95101928710935,209.21075439453125,212.8680877685547,207.7821044921875,212.5823516845703,21746801,207.56495666503903,212.44520568847656,207.2906494140625,203.2218780517578,202.0103912353516,197.55300903320312,-0.015224873084159984,206.9797821044922,200.20629119873047,0.020022858983984666
21,2015-02-02,193.41737365722656,207.56495666503903,210.27366638183597,207.0277862548828,209.39361572265625,19302710,214.3195953369141,209.21075439453125,212.44520568847656,207.2906494140625,202.7304229736328,198.79879760742188,-0.007866697552213586,207.94668884277343,200.46344757080078,0.02011642882145636
22,2015-02-03,199.7116241455078,214.3195953369141,215.0624847412109,208.74215698242188,208.74215698242188,17092333,212.3080596923828,207.56495666503903,209.21075439453125,212.44520568847656,203.2218780517578,201.0731964111328,0.03254228835349826,210.16623229980468,201.16919860839843,0.021035299679792983
23,2015-02-04,197.83721923828125,212.3080596923828,215.7368011474609,211.64517211914065,214.66246032714844,14072894,211.1422882080078,214.3195953369141,207.56495666503903,209.21075439453125,207.2906494140625,206.4220428466797,-0.009385682356151892,211.16971435546876,202.2286819458008,0.017932469226231894
24,2015-02-05,196.7509002685547,211.1422882080078,214.84532165527344,209.7479248046875,213.953857421875,12365643,207.9878387451172,212.3080596923828,214.3195953369141,207.56495666503903,212.44520568847656,207.26779174804688,-0.005490943142074323,210.909130859375,203.02186584472656,0.017658603195395268
25,2015-02-06,193.8114318847656,207.9878387451172,212.5823516845703,206.41061401367188,211.2337188720703,9045844,204.9705352783203,211.1422882080078,212.3080596923828,214.3195953369141,209.21075439453125,202.0103912353516,-0.014939922692241536,210.6645477294922,203.79733428955078,0.01769202493305254
26,2015-02-09,190.9998016357422,204.9705352783203,209.83935546875,203.8961944580078,205.9991607666016,8839692,201.61036682128903,207.9878387451172,211.1422882080078,212.3080596923828,207.56495666503903,202.7304229736328,-0.014507114863068993,210.14566345214843,204.2133560180664,0.01764269448524855
27,2015-02-10,187.86865234375,201.61036682128903,206.75347900390625,196.87869262695312,205.2677001953125,13651008,205.88487243652344,204.9705352783203,207.9878387451172,211.1422882080078,214.3195953369141,203.2218780517578,-0.01639342187631332,207.60381774902345,204.5756607055664,0.01787045092356759
28,2015-02-11,191.8518218994141,205.88487243652344,206.8106384277344,201.8389434814453,202.52468872070312,9781008,207.8163909912109,201.61036682128903,204.9705352783203,207.9878387451172,212.3080596923828,207.2906494140625,0.021201814582398892,206.31918029785157,205.23340911865233,0.018188020619878353
29,2015-02-12,193.6516876220703,207.8163909912109,208.91358947753903,202.8104248046875,207.55352783203125,8709626,209.72506713867188,205.88487243652344,201.61036682128903,204.9705352783203,211.1422882080078,212.44520568847656,0.009381546744202884,205.65400085449218,206.0814521789551,0.017959197455669942
30,2015-02-13,195.4302673339844,209.72506713867188,210.47938537597656,207.7935333251953,208.92501831054688,7393680,206.36489868164065,207.8163909912109,205.88487243652344,201.61036682128903,207.9878387451172,209.21075439453125,0.009184435059993445,206.00144653320314,206.6900550842285,0.016505833961818147
31,2015-02-16,192.2991180419922,206.36489868164065,211.25657653808597,205.724853515625,209.99935913085935,12266698,206.10202026367188,209.72506713867188,207.8163909912109,205.88487243652344,204.9705352783203,207.56495666503903,-0.016021777953750482,206.2803192138672,207.06836013793946,0.017026090443814826
32,2015-02-18,192.0541839599609,206.10202026367188,207.55352783203125,204.44479370117188,205.724853515625,9835036,206.1934509277344,206.36489868164065,209.72506713867188,207.8163909912109,201.61036682128903,214.3195953369141,-0.0012738523830756465,207.17864990234375,207.3198013305664,0.016892135704115654
33,2015-02-19,192.13937377929688,206.1934509277344,207.46209716796875,202.8789978027344,207.31350708007807,9550637,199.5759735107422,206.10202026367188,206.36489868164065,209.72506713867188,205.88487243652344,212.3080596923828,0.000443618475673091,207.24036560058593,207.30837173461913,0.015814050004069678
34,2015-02-20,185.97293090820312,199.5759735107422,204.8105316162109,199.16452026367188,204.6390838623047,18717199,194.6271514892578,206.1934509277344,206.10202026367188,206.36489868164065,207.8163909912109,211.1422882080078,-0.032093538311803504,205.5922821044922,206.9237808227539,0.017326387309216883
35,2015-02-23,181.3614044189453,194.6271514892578,200.41030883789065,193.6328125,198.8559417724609,14104463,192.34130859375,199.5759735107422,206.1934509277344,206.10202026367188,209.72506713867188,207.9878387451172,-0.024796682358249944,202.5726989746094,206.55461883544922,0.017286014360588877
36,2015-02-24,179.2313690185547,192.34130859375,195.85006713867188,191.3241271972656,195.2671813964844,19946218,192.7299041748047,194.6271514892578,199.5759735107422,206.1934509277344,206.36489868164065,204.9705352783203,-0.011744727690956247,199.76798095703126,206.03516311645507,0.01737848994127366
37,2015-02-25,179.59352111816406,192.7299041748047,195.781494140625,192.2498779296875,194.0214080810547,15274116,192.467041015625,192.34130859375,194.6271514892578,199.5759735107422,206.10202026367188,201.61036682128903,0.002020343855908102,197.09355773925782,205.51056442260742,0.01737272108634429
38,2015-02-26,179.34852600097656,192.467041015625,194.2957000732422,191.2326812744141,193.4042205810547,21459750,195.5643310546875,192.7299041748047,192.34130859375,194.6271514892578,206.1934509277344,205.88487243652344,-0.0013638939961350127,194.34827575683593,204.76938400268554,0.016552096001029082
39,2015-02-27,182.2347412109375,195.5643310546875,196.81011962890625,193.0613555908203,193.7356719970703,18659378,197.55300903320312,192.467041015625,192.7299041748047,192.34130859375,199.5759735107422,207.8163909912109,0.016092573682841893,193.545947265625,203.9253402709961,0.01586050057568313
40,2015-03-02,184.0878143310547,197.55300903320312,200.12457275390625,195.5643310546875,198.63877868652344,14579511,205.90773010253903,195.5643310546875,192.467041015625,192.7299041748047,194.6271514892578,209.72506713867188,0.010168919699162782,194.13111877441406,203.3424530029297,0.01593188287690086
41,2015-03-03,191.8731384277344,205.90773010253903,207.19921875,198.27305603027344,198.63877868652344,20636925,202.94757080078125,197.55300903320312,195.5643310546875,192.467041015625,192.34130859375,206.36489868164065,0.04229103424049452,196.8444030761719,203.25959167480468,0.018776536743427608
42,2015-03-04,189.11471557617188,202.94757080078125,207.93069458007807,201.1646270751953,207.0963592529297,14476047,202.28468322753903,205.90773010253903,197.55300903320312,195.5643310546875,192.7299041748047,206.10202026367188,-0.014376144597794682,198.8879364013672,202.69099044799805,0.017342119609427973
43,2015-03-05,188.4970245361328,202.28468322753903,205.4391326904297,200.73031616210935,204.01048278808597,10716702,198.787353515625,202.94757080078125,205.90773010253903,197.55300903320312,192.467041015625,206.1934509277344,-0.003266299619289037,200.85146484374997,202.18982162475587,0.017269560353553166
44,2015-03-09,185.2380523681641,198.787353515625,203.83905029296875,197.5301513671875,202.3189697265625,14065391,196.38723754882807,202.28468322753903,202.94757080078125,205.90773010253903,195.5643310546875,199.5759735107422,-0.017289147433768304,201.49606933593748,201.57207489013672,0.0175838710051099
45,2015-03-10,183.0015563964844,196.38723754882807,200.19314575195312,195.5300445556641,198.6273498535156,15234060,195.65577697753903,198.787353515625,202.28468322753903,202.94757080078125,197.55300903320312,194.6271514892578,-0.012073786004743403,201.26291503906248,200.99204483032227,0.017491712360355457
46,2015-03-11,182.3199462890625,195.65577697753903,198.7759246826172,194.84429931640625,196.79869079589844,11635873,197.4501495361328,196.38723754882807,198.787353515625,202.28468322753903,205.90773010253903,192.34130859375,-0.0037245830249390544,199.2125244140625,200.52630691528321,0.01727413238883156
47,2015-03-12,183.9919891357422,197.4501495361328,198.27305603027344,195.5757598876953,196.12437438964844,11782380,194.3185577392578,195.65577697753903,196.38723754882807,198.787353515625,202.94757080078125,192.7299041748047,0.00917106863039252,198.1130401611328,200.31829605102538,0.017112247694550952
48,2015-03-13,181.0738525390625,194.3185577392578,198.7759246826172,193.6099548339844,198.63877868652344,12936157,192.48989868164065,197.4501495361328,195.65577697753903,196.38723754882807,202.28468322753903,192.467041015625,-0.015860164219839823,196.51981506347656,199.7399803161621,0.01659126621197238
49,2015-03-16,179.3698272705078,192.48989868164065,195.1986083984375,192.0784454345703,194.6385803222656,13839990,195.8614959716797,194.3185577392578,197.4501495361328,195.65577697753903,198.787353515625,195.5643310546875,-0.0094106248980651,195.26032409667968,198.9736557006836,0.016398681113107064
50,2015-03-17,182.5116271972656,195.8614959716797,196.5586700439453,192.2384490966797,194.42141723632807,19070082,198.55877685546875,192.48989868164065,194.3185577392578,197.4501495361328,196.38723754882807,197.55300903320312,0.017515710243140248,195.15517578125,198.28047714233398,0.01684289844036345
51,2015-03-18,185.02508544921875,198.55877685546875,199.38168334960935,195.3700408935547,195.89578247070312,9269885,195.7014923095703,195.8614959716797,192.48989868164065,194.3185577392578,195.65577697753903,205.90773010253903,0.013771368744059265,195.73577575683595,197.8901710510254,0.016973620474331687
52,2015-03-19,182.3625030517578,195.7014923095703,200.39886474609372,195.2328948974609,200.1360015869141,13934612,195.2328948974609,198.55877685546875,195.8614959716797,192.48989868164065,197.4501495361328,202.94757080078125,-0.014390119596567885,195.38604431152345,197.37014465332032,0.017204449233517494
53,2015-03-20,181.92588806152344,195.2328948974609,196.8444061279297,193.9756774902344,196.10150146484372,10405717,192.4556121826172,195.7014923095703,198.55877685546875,195.8614959716797,194.3185577392578,202.28468322753903,-0.0023944498663717173,195.56891174316405,196.82211685180664,0.01719106228004571
54,2015-03-23,179.33790588378906,192.4556121826172,197.4958648681641,191.5755615234375,195.781494140625,13251683,193.8271026611328,195.2328948974609,195.7014923095703,198.55877685546875,192.48989868164065,198.787353515625,-0.01422548549670577,195.5620544433594,196.4660987854004,0.015999997505067903
55,2015-03-24,180.6158905029297,193.8271026611328,195.2786102294922,192.48989868164065,192.48989868164065,9238431,193.1299285888672,192.4556121826172,195.2328948974609,195.7014923095703,195.8614959716797,196.38723754882807,0.0071262690807594176,195.15517578125,196.42609634399415,0.015143392173714866
56,2015-03-25,179.9662628173828,193.1299285888672,194.1814117431641,192.2384490966797,194.06712341308597,10264941,189.56402587890625,193.8271026611328,192.4556121826172,195.2328948974609,198.55877685546875,195.65577697753903,-0.0035968864142001955,194.06940612792968,196.46552734375,0.014921553680564583
57,2015-03-26,176.6433563232422,189.56402587890625,194.124267578125,188.3753967285156,192.2613067626953,20621346,185.5409698486328,193.1299285888672,193.8271026611328,192.4556121826172,195.7014923095703,197.4501495361328,-0.01846374995328659,192.84191284179687,196.30723342895507,0.015490101662453064
58,2015-03-27,172.89453125,185.5409698486328,190.8669586181641,183.19798278808597,190.61550903320312,23326922,185.3238067626953,189.56402587890625,193.1299285888672,193.8271026611328,195.2328948974609,194.3185577392578,-0.021222676674124696,190.90352783203124,195.96092987060547,0.01615606471283794
59,2015-03-30,172.6921844482422,185.3238067626953,186.91246032714844,182.05506896972656,186.66102600097656,17330588,188.8097076416016,185.5409698486328,189.56402587890625,193.1299285888672,192.4556121826172,192.48989868164065,-0.0011704319866101542,189.47716674804687,195.44890365600585,0.015606818651881096
60,2015-03-31,175.9404754638672,188.8097076416016,190.38693237304688,186.9810333251953,186.9810333251953,20235395,191.10696411132807,185.3238067626953,185.5409698486328,189.56402587890625,193.8271026611328,195.8614959716797,0.01880978455924942,188.47368774414062,195.0117385864258,0.016090177294781273
61,2015-04-01,178.08119201660156,191.10696411132807,191.78128051757807,185.8609771728516,188.55825805664065,14588531,188.5011138916016,188.8097076416016,185.3238067626953,185.5409698486328,193.1299285888672,198.55877685546875,0.012167046379242041,188.0690948486328,194.27170028686524,0.012782073499467562
62,2015-04-06,175.65292358398438,188.5011138916016,191.55270385742188,187.7582244873047,191.0955352783203,12334096,190.37550354003903,191.10696411132807,188.8097076416016,185.3238067626953,189.56402587890625,195.7014923095703,-0.013635558661318381,187.85651245117188,193.54937744140625,0.012750383431040672
63,2015-04-07,177.39956665039062,190.37550354003903,191.11839294433597,188.82113647460935,188.82113647460935,21275454,197.93017578125,188.5011138916016,191.10696411132807,188.8097076416016,185.5409698486328,195.2328948974609,0.009943652903373845,188.82341918945312,192.95391845703125,0.013106210376478671
64,2015-04-08,184.43930053710935,197.93017578125,198.7530670166016,190.38693237304688,190.52407836914065,24821205,204.60479736328125,190.37550354003903,188.5011138916016,191.10696411132807,185.3238067626953,192.4556121826172,0.039683005957865225,191.34469299316407,192.9110595703125,0.01574982686214245
65,2015-04-09,190.6589813232422,204.60479736328125,205.49627685546875,196.30723571777344,197.8387451171875,27276420,206.7191925048828,197.93017578125,190.37550354003903,188.5011138916016,188.8097076416016,193.8271026611328,0.03372210202757553,194.5037109375,193.32193756103516,0.017181224371152343
66,2015-04-10,192.62924194335935,206.7191925048828,207.73638916015625,203.2333068847656,204.5705108642578,25323219,210.86798095703125,204.60479736328125,197.93017578125,190.37550354003903,191.10696411132807,193.1299285888672,0.010334044796845188,197.62615661621095,193.87510833740234,0.017214030983062917
67,2015-04-13,196.49526977539065,210.86798095703125,211.38229370117188,205.4391326904297,207.2792205810547,20177342,211.130859375,206.7191925048828,204.60479736328125,197.93017578125,188.5011138916016,189.56402587890625,0.020069681977160636,202.0995300292969,194.54599990844727,0.01759157170393112
68,2015-04-15,196.74024963378903,211.130859375,214.77674865722656,207.37066650390625,210.5251007080078,22231264,212.2052001953125,210.86798095703125,206.7191925048828,204.60479736328125,190.37550354003903,185.5409698486328,0.0012466492863243417,206.25060119628907,195.38661499023436,0.017010111252616852
69,2015-04-16,197.74136352539065,212.2052001953125,214.41102600097656,210.0679473876953,211.3251495361328,20177302,211.86231994628903,211.130859375,210.86798095703125,206.7191925048828,197.93017578125,185.3238067626953,0.00508850683170059,209.10560607910156,196.37238006591798,0.01670146233136595
70,2015-04-17,197.42184448242188,211.86231994628903,215.85108947753903,210.89083862304688,213.7366943359375,23958678,202.44468688964844,212.2052001953125,211.130859375,210.86798095703125,204.60479736328125,188.8097076416016,-0.0016157956954301333,210.55711059570314,197.17242126464845,0.01649463568115214
71,2015-04-20,188.6461334228516,202.44468688964844,214.2852935791016,200.8103179931641,214.25100708007807,37628162,200.3417205810547,211.86231994628903,212.2052001953125,211.130859375,206.7191925048828,191.10696411132807,-0.04445166586974092,209.70220947265625,197.36671676635743,0.019546483703570285
72,2015-04-21,186.68649291992188,200.3417205810547,204.6962432861328,199.42739868164065,203.4733123779297,17707007,201.09605407714844,202.44468688964844,211.86231994628903,212.2052001953125,210.86798095703125,188.5011138916016,-0.010387856262881634,207.59695739746093,197.59872817993164,0.01939893080061442
73,2015-04-22,187.3894195556641,201.09605407714844,202.69613647460935,198.18161010742188,201.58750915527344,14761313,200.4788818359375,200.3417205810547,202.44468688964844,211.86231994628903,211.130859375,190.37550354003903,0.003765234190391986,205.58999633789062,197.89188613891602,0.01938522367766261
74,2015-04-23,186.8143310546875,200.4788818359375,203.3018798828125,198.65020751953125,202.0332489013672,13337818,200.90174865722656,201.09605407714844,200.3417205810547,202.44468688964844,212.2052001953125,197.93017578125,-0.003069042025927393,203.24473266601564,198.29304962158204,0.019061891831974268
75,2015-04-24,187.20834350585935,200.90174865722656,202.1703948974609,198.55877685546875,200.4674530029297,12709854,200.078857421875,200.4788818359375,201.09605407714844,200.3417205810547,211.86231994628903,204.60479736328125,0.0021092836183869146,201.05261840820313,198.64678192138672,0.019026867455167348
76,2015-04-27,186.4415435791016,200.078857421875,202.86756896972656,199.1988067626953,201.1646270751953,11042925,197.77017211914065,200.90174865722656,200.4788818359375,201.09605407714844,202.44468688964844,206.7191925048828,-0.0040959884164849525,200.57945251464844,198.9942283630371,0.019034873573340647
77,2015-04-28,184.2902069091797,197.77017211914065,201.61036682128903,196.2500915527344,199.94171142578125,14687371,194.2957000732422,200.078857421875,200.90174865722656,200.4788818359375,200.3417205810547,210.86798095703125,-0.011538876883260052,200.0651428222656,199.40453567504883,0.018704281921502516
78,2015-04-29,181.05258178710935,194.2957000732422,198.9930877685547,193.70138549804688,197.0386962890625,16387960,197.1186981201172,197.77017211914065,200.078857421875,200.90174865722656,201.09605407714844,211.130859375,-0.01756823088471282,198.70507202148437,199.8422721862793,0.018479015940975778
79,2015-04-30,183.68312072753903,197.1186981201172,197.93017578125,193.8271026611328,194.2957000732422,34802149,203.65618896484372,194.2957000732422,197.77017211914065,200.078857421875,200.4788818359375,212.2052001953125,0.014529390232572492,198.0330352783203,200.4320167541504,0.018648902596136552
80,2015-05-04,189.77505493164065,203.65618896484372,204.33050537109372,196.69583129882807,197.99874877929688,15078502,203.93048095703125,197.1186981201172,194.2957000732422,197.77017211914065,200.90174865722656,211.86231994628903,0.03316524970524526,198.58392333984375,201.1743408203125,0.019534328531601124
81,2015-05-05,190.03062438964844,203.93048095703125,206.1363067626953,202.3189697265625,204.2847900390625,17846755,201.21034240722656,203.65618896484372,197.1186981201172,194.2957000732422,200.078857421875,202.44468688964844,0.0013468384809798284,199.354248046875,201.81551666259764,0.01944507949840692
82,2015-05-06,187.49591064453125,201.21034240722656,204.98196411132807,199.32452392578125,203.43902587890625,22438208,199.03880310058597,203.93048095703125,203.65618896484372,197.1186981201172,197.77017211914065,200.3417205810547,-0.013338558007803814,200.0422821044922,202.45097808837892,0.019431467758147226
83,2015-05-07,185.4723663330078,199.03880310058597,200.79888916015625,196.5815277099609,200.01028442382807,16735535,203.37045288085935,201.21034240722656,203.93048095703125,203.65618896484372,194.2957000732422,201.09605407714844,-0.010792384132251254,200.99090270996095,202.88414306640624,0.019618876949711532
84,2015-05-08,191.8964385986328,203.37045288085935,204.2962188720703,196.83297729492188,199.095947265625,17104443,204.79910278320312,199.03880310058597,201.21034240722656,203.93048095703125,197.1186981201172,200.4788818359375,0.02176284077675228,202.2412536621094,203.15615692138672,0.018183723240655737
85,2015-05-11,193.24447631835935,204.79910278320312,205.59913635253903,201.9303741455078,204.09048461914065,14214007,198.57020568847656,203.37045288085935,199.03880310058597,201.21034240722656,203.65618896484372,200.90174865722656,0.007024864635477357,202.46983642578124,203.1658721923828,0.016606407286857448
86,2015-05-12,187.36700439453125,198.57020568847656,204.55908203125,197.7587432861328,204.55908203125,16650201,202.3189697265625,204.79910278320312,203.37045288085935,199.03880310058597,203.93048095703125,200.078857421875,-0.030414669840230557,201.3977813720703,202.7584228515625,0.017754946482975324
87,2015-05-13,190.9042816162109,202.3189697265625,203.1304473876953,195.9414978027344,199.63311767578125,16701434,200.7417449951172,198.57020568847656,204.79910278320312,203.37045288085935,201.21034240722656,197.77017211914065,0.018878784080866184,201.6195068359375,202.33097229003906,0.017679372300145192
88,2015-05-14,189.416015625,200.7417449951172,202.57041931152344,198.9359436035156,202.52468872070312,12329713,199.770263671875,202.3189697265625,198.57020568847656,204.79910278320312,199.03880310058597,194.2957000732422,-0.00779573330952088,201.96009521484376,201.81151657104493,0.017709784002725472
89,2015-05-15,188.49935913085935,199.770263671875,202.74185180664065,198.8902282714844,201.58750915527344,8331715,203.7933349609375,200.7417449951172,202.3189697265625,198.57020568847656,203.37045288085935,197.1186981201172,-0.004839458395989427,201.24005737304688,201.18976974487305,0.01762867787742344
90,2015-05-18,192.29544067382807,203.7933349609375,204.35336303710935,199.3702545166016,199.9874267578125,9847540,204.70767211914065,199.770263671875,200.7417449951172,202.3189697265625,204.79910278320312,203.65618896484372,0.020138489158078254,201.03890380859374,200.78632049560548,0.01836562724291973
91,2015-05-19,193.158203125,204.70767211914065,206.8106384277344,202.66184997558597,203.72476196289065,14513036,207.7478179931641,203.7933349609375,199.770263671875,200.7417449951172,198.57020568847656,203.93048095703125,0.004486590095688969,202.26639709472656,200.89946975708008,0.015401881169871595
92,2015-05-20,196.02682495117188,207.7478179931641,208.23927307128903,205.19911193847656,205.81629943847656,8708891,204.98196411132807,204.70767211914065,203.7933349609375,199.770263671875,202.3189697265625,201.21034240722656,0.014851157470317178,203.35216674804687,201.26977462768554,0.015482083799096233
93,2015-05-21,193.4170379638672,204.98196411132807,209.2450408935547,204.376220703125,208.29641723632807,10759523,206.6049041748047,207.7478179931641,204.70767211914065,203.7933349609375,200.7417449951172,199.03880310058597,-0.013313515918261243,204.20021057128906,201.46407012939454,0.015842358006124282
94,2015-05-22,194.9484100341797,206.6049041748047,207.0049285888672,205.0391082763672,205.0391082763672,8349048,204.4676513671875,204.98196411132807,207.7478179931641,204.70767211914065,199.770263671875,203.37045288085935,0.007917477376669035,205.567138671875,201.7703712463379,0.015881481058391846
95,2015-05-25,192.93174743652344,204.4676513671875,207.55352783203125,203.9761962890625,205.724853515625,6617337,202.2046813964844,206.6049041748047,204.98196411132807,207.7478179931641,203.7933349609375,204.79910278320312,-0.010344637346115015,205.702001953125,201.94866638183595,0.016104113444159587
96,2015-05-26,190.79641723632807,202.2046813964844,204.8105316162109,201.77037048339844,204.5819396972656,9510249,202.36468505859372,204.4676513671875,206.6049041748047,204.98196411132807,204.70767211914065,198.57020568847656,-0.011067618547831781,205.20140380859374,202.0549575805664,0.016294617509462164
97,2015-05-27,190.9473876953125,202.36468505859372,203.64476013183597,201.19891357421875,202.52468872070312,8078236,200.19314575195312,202.2046813964844,204.4676513671875,206.6049041748047,207.7478179931641,202.3189697265625,0.0007912955377902264,204.1247772216797,202.28468322753906,0.01604027450709932
98,2015-05-28,188.8983917236328,200.19314575195312,204.41050720214844,199.32452392578125,202.4904022216797,26538868,200.4674530029297,202.36468505859372,202.2046813964844,204.4676513671875,204.98196411132807,200.7417449951172,-0.010730821467252682,203.1670135498047,202.5795555114746,0.01568658253223805
99,2015-05-29,189.15724182128903,200.4674530029297,202.6275634765625,199.5759735107422,201.13034057617188,29277517,206.2391662597656,200.19314575195312,202.36468505859372,202.2046813964844,206.6049041748047,199.770263671875,0.0013702130007808844,201.93952331542968,202.74699325561522,0.015389453591926838
100,2015-06-01,194.60330200195312,206.2391662597656,206.8449249267578,200.69602966308597,201.1531982421875,19594976,205.4162750244141,200.4674530029297,200.19314575195312,202.36468505859372,204.4676513671875,203.7933349609375,0.028791273448022237,202.2938262939453,202.8761421203613,0.014931898268511781
101,2015-06-02,193.82681274414065,205.4162750244141,210.022216796875,203.77047729492188,207.03921508789065,20178960,204.8905334472656,206.2391662597656,200.4674530029297,200.19314575195312,202.2046813964844,204.70767211914065,-0.003989985269408303,202.93614501953124,202.95043182373047,0.014968052216832473
102,2015-06-03,193.3307342529297,204.8905334472656,208.11355590820312,203.09616088867188,205.49627685546875,15546279,208.62786865234372,205.4162750244141,206.2391662597656,200.4674530029297,202.36468505859372,207.7478179931641,-0.0025593959246218434,203.44131469726562,203.13444137573242,0.01463506266181546
103,2015-06-04,196.8572235107422,208.62786865234372,209.4279022216797,204.02191162109372,206.68490600585935,15931395,207.4963836669922,204.8905334472656,205.4162750244141,206.2391662597656,200.19314575195312,204.98196411132807,0.01824064363637401,205.12825927734374,203.6138946533203,0.014841391964909972
104,2015-06-05,195.78958129882807,207.4963836669922,209.59934997558597,206.74205017089844,207.9878387451172,13066337,202.3989715576172,208.62786865234372,204.8905334472656,205.4162750244141,200.4674530029297,206.6049041748047,-0.00542346040661057,206.53404541015624,203.82019119262696,0.01421204072815242
105,2015-06-08,190.9797515869141,202.3989715576172,208.0106964111328,201.8618011474609,207.2792205810547,10846953,201.99896240234372,207.4963836669922,208.62786865234372,204.8905334472656,206.2391662597656,204.4676513671875,-0.02456626963463493,205.76600646972656,203.70018463134767,0.015237505017272128
106,2015-06-09,190.6023101806641,201.99896240234372,203.5876007080078,200.5474548339844,201.96466064453125,9153355,207.05064392089844,202.3989715576172,207.4963836669922,208.62786865234372,205.4162750244141,202.2046813964844,-0.00197633986079615,205.0825439453125,203.87162246704102,0.013527962023715036
107,2015-06-10,195.36898803710935,207.05064392089844,207.9878387451172,202.29611206054688,202.52468872070312,13509379,200.50173950195312,201.99896240234372,202.3989715576172,207.4963836669922,204.8905334472656,202.36468505859372,0.025008452808251258,205.51456604003906,204.10820617675782,0.014016316064733808
108,2015-06-11,189.1895904541016,200.50173950195312,207.8964080810547,199.70169067382807,207.0963592529297,14676438,203.4047393798828,207.05064392089844,201.99896240234372,202.3989715576172,208.62786865234372,200.19314575195312,-0.03162948105318264,203.88934020996092,204.0962059020996,0.015733788750073488
109,2015-06-12,191.9287872314453,203.4047393798828,204.0561981201172,200.753173828125,200.92462158203125,21543824,206.1248779296875,200.50173950195312,207.05064392089844,201.99896240234372,207.4963836669922,200.4674530029297,0.014478676769292598,203.07101135253907,204.2779296875,0.01600791215159385
110,2015-06-15,194.49545288085935,206.1248779296875,206.86778259277344,203.43902587890625,204.55908203125,12858570,206.6277618408203,203.4047393798828,200.50173950195312,207.05064392089844,202.3989715576172,206.2391662597656,0.013373034267035955,203.81619262695312,204.3945068359375,0.015650211451521706
111,2015-06-16,194.969970703125,206.6277618408203,206.86778259277344,204.1705017089844,205.49627685546875,13929305,212.85665893554688,206.1248779296875,203.4047393798828,200.50173950195312,201.99896240234372,205.4162750244141,0.002439705076765941,204.74195251464843,204.49051132202146,0.015630725744636732
112,2015-06-17,200.84744262695312,212.85665893554688,215.4053649902344,204.35336303710935,206.87921142578125,26232634,223.77149963378903,206.6277618408203,206.1248779296875,203.4047393798828,207.05064392089844,204.8905334472656,0.030145499516783802,205.9031555175781,204.7459533691406,0.01670287834648663
113,2015-06-18,211.1464691162109,223.77149963378903,224.4686737060547,213.15380859375,213.1652374267578,49366799,227.8174285888672,212.85665893554688,206.6277618408203,206.1248779296875,200.50173950195312,208.62786865234372,0.051277891670503006,210.5571075439453,205.68543014526367,0.01969531366761892
114,2015-06-19,214.9641265869141,227.8174285888672,230.04611206054688,224.58297729492188,224.58297729492188,45710935,226.6859436035156,223.77149963378903,212.85665893554688,206.6277618408203,203.4047393798828,207.4963836669922,0.018080626718324222,215.43964538574218,206.7460563659668,0.019915902981861452
115,2015-06-22,213.896484375,226.6859436035156,230.5718536376953,225.49729919433597,227.8860015869141,19394187,227.4402618408203,227.8174285888672,223.77149963378903,212.85665893554688,206.1248779296875,202.3989715576172,-0.004966630482839518,219.5518585205078,207.8569709777832,0.019732061881468657
116,2015-06-23,214.60824584960935,227.4402618408203,229.20034790039065,226.5259246826172,226.9030914306641,16007498,226.5030670166016,226.6859436035156,227.8174285888672,223.77149963378903,206.6277618408203,201.99896240234372,0.0033275915802881695,223.7143585205078,209.11875,0.019360562471160903
117,2015-06-24,213.7239227294922,226.5030670166016,230.0575408935547,225.53158569335935,227.4402618408203,18603004,229.62322998046875,227.4402618408203,226.6859436035156,227.8174285888672,212.85665893554688,207.05064392089844,-0.0041206197030965175,226.44364013671876,210.3256690979004,0.01946199319247168
118,2015-06-25,216.6680450439453,229.62322998046875,230.6404266357422,225.1544342041016,225.61160278320312,27175118,228.74319458007807,226.5030670166016,227.4402618408203,226.6859436035156,223.77149963378903,200.50173950195312,0.013775367393318527,227.61398620605468,211.79717330932618,0.019133226581381873
119,2015-06-26,215.83767700195312,228.74319458007807,231.8061981201172,227.5316925048828,228.5603179931641,20966796,226.49163818359372,229.62322998046875,226.5030670166016,227.4402618408203,227.8174285888672,203.4047393798828,-0.003832519037666793,227.79913940429688,213.2109603881836,0.01924958318307114
120,2015-06-29,213.71311950683597,226.49163818359372,227.17739868164065,222.18284606933597,225.81732177734372,20168946,228.6060333251953,228.74319458007807,229.62322998046875,226.5030670166016,226.6859436035156,206.1248779296875,-0.009843162331529487,227.7602783203125,214.223583984375,0.01886049032208947
121,2015-06-30,215.70823669433597,228.6060333251953,229.2346343994141,225.84017944335935,226.2744903564453,23184864,229.8746795654297,226.49163818359372,228.74319458007807,229.62322998046875,227.4402618408203,206.6277618408203,0.009335422528436332,227.9934326171875,215.38307189941406,0.01876645922999297
122,2015-07-01,216.9053192138672,229.8746795654297,230.9718780517578,228.811767578125,228.811767578125,14824266,231.0633087158203,228.6060333251953,226.49163818359372,228.74319458007807,226.5030670166016,212.85665893554688,0.005549487131994102,228.66775512695312,216.63227920532228,0.018669878014700016
123,2015-07-02,218.02687072753903,231.0633087158203,233.0977020263672,230.20611572265625,230.6404266357422,15931202,230.22897338867188,229.8746795654297,228.6060333251953,226.49163818359372,229.62322998046875,223.77149963378903,0.0051707702328838145,228.95577087402344,217.7540512084961,0.018443801652007905
124,2015-07-03,217.23960876464844,230.22897338867188,231.7376251220703,229.2803497314453,230.81185913085935,13831096,232.1376495361328,231.0633087158203,229.8746795654297,228.6060333251953,228.74319458007807,227.8174285888672,-0.0036108516396887724,229.2529266357422,218.89068069458008,0.018392820017888806
125,2015-07-06,219.0406188964844,232.1376495361328,232.9033966064453,227.4859771728516,227.69171142578125,12237733,229.3260803222656,230.22897338867188,231.0633087158203,229.8746795654297,226.49163818359372,226.6859436035156,0.008290338611025794,230.38212890625,220.37761459350585,0.01699215968745027
126,2015-07-07,216.38766479492188,229.3260803222656,232.37765502929688,228.5831756591797,231.09759521484372,11294999,227.80599975585935,232.1376495361328,230.22897338867188,231.0633087158203,228.6060333251953,227.4402618408203,-0.012111646772875573,230.52613830566406,221.74397048950195,0.017420129654470026
127,2015-07-08,214.95333862304688,227.80599975585935,230.5718536376953,226.6745147705078,227.63455200195312,15190654,225.7030334472656,229.3260803222656,232.1376495361328,230.22897338867188,229.8746795654297,226.5030670166016,-0.0066284679190004026,230.11240234375,222.78173828125,0.017084839347385226
128,2015-07-09,212.9690399169922,225.7030334472656,228.811767578125,224.73155212402344,227.66883850097656,16245867,228.99462890625,227.80599975585935,229.3260803222656,232.1376495361328,231.0633087158203,229.62322998046875,-0.009231391231343755,229.04034729003905,224.04180297851562,0.015191809199813756
129,2015-07-10,216.07492065429688,228.99462890625,229.4975128173828,226.3544921875,226.5487823486328,16110573,230.18325805664065,225.7030334472656,227.80599975585935,229.3260803222656,230.22897338867188,228.74319458007807,0.014583744882425309,228.7934783935547,225.321297454834,0.015194896972479718
130,2015-07-13,217.1964874267578,230.18325805664065,231.4404754638672,227.47454833984372,228.99462890625,9860248,228.08029174804688,228.99462890625,225.7030334472656,227.80599975585935,232.1376495361328,226.49163818359372,0.0051906420515970275,228.40260009765626,226.52421646118165,0.015097194760329051
131,2015-07-14,215.212158203125,228.08029174804688,231.21188354492188,227.4859771728516,230.61756896972656,9942927,231.1318817138672,230.18325805664065,228.99462890625,225.7030334472656,229.3260803222656,228.6060333251953,-0.009136052406019446,228.1534423828125,227.59684295654296,0.015444289806976319
132,2015-07-15,218.0915985107422,231.1318817138672,231.8747711181641,228.48031616210935,228.52603149414065,13532911,234.00059509277344,228.08029174804688,230.18325805664065,228.99462890625,227.80599975585935,229.8746795654297,0.013379454850887873,228.81861877441406,228.51060409545897,0.014433055787101504
133,2015-07-16,220.7984161376953,234.00059509277344,234.9377899169922,231.1318817138672,231.326171875,14854295,233.54342651367188,231.1318817138672,228.08029174804688,230.18325805664065,225.7030334472656,231.0633087158203,0.012411586656217333,230.47813110351564,229.0220588684082,0.009556995903547546
134,2015-07-17,220.36703491210935,233.54342651367188,235.7035369873047,232.6976776123047,234.3549041748047,10195142,234.24061584472656,234.00059509277344,231.1318817138672,228.08029174804688,228.99462890625,230.22897338867188,-0.0019537069079688107,231.387890625,229.30835876464843,0.008836558081538253
135,2015-07-20,221.02491760253903,234.24061584472656,235.4292449951172,232.67481994628903,234.9377899169922,6348354,230.3661193847656,233.54342651367188,234.00059509277344,231.1318817138672,230.18325805664065,232.1376495361328,0.0029852663440899097,232.1993621826172,229.68609237670898,0.008718862607831933
136,2015-07-21,217.3690490722656,230.3661193847656,235.08636474609372,229.21177673339844,234.98350524902344,7923338,240.1037750244141,234.24061584472656,233.54342651367188,234.00059509277344,228.08029174804688,229.3260803222656,-0.016540668858765706,232.65652770996093,229.83238525390624,0.009607444973870387
137,2015-07-22,226.55728149414065,240.1037750244141,240.9152374267578,229.63465881347656,229.72608947753903,17309440,238.93800354003903,230.3661193847656,234.24061584472656,233.54342651367188,231.1318817138672,227.80599975585935,0.04227034628900572,234.4509063720703,230.51242065429688,0.013283487203734366
138,2015-07-23,225.45730590820312,238.93800354003903,244.0925445556641,238.0008087158203,240.8123779296875,18642915,234.30918884277344,240.1037750244141,230.3661193847656,234.24061584472656,234.00059509277344,225.7030334472656,-0.004855281780790532,235.43838806152343,230.9781593322754,0.013140760210407415
139,2015-07-24,221.08963012695312,234.30918884277344,239.9323272705078,233.40628051757807,239.55517578125,13099664,229.80609130859372,238.93800354003903,240.1037750244141,230.3661193847656,233.54342651367188,228.99462890625,-0.019372450713935674,235.59154052734374,231.25645904541017,0.013943141516630687
140,2015-07-27,216.8405914306641,229.80609130859372,235.41781616210935,228.9832000732422,234.27490234375,20118553,230.92616271972656,234.30918884277344,238.93800354003903,240.1037750244141,234.24061584472656,230.18325805664065,-0.019218612622151077,234.7046356201172,231.42218170166015,0.01448438690827448
141,2015-07-28,217.89747619628903,230.92616271972656,232.4005126953125,228.6060333251953,230.4804229736328,13382878,227.66883850097656,229.80609130859372,234.30918884277344,238.93800354003903,230.3661193847656,228.08029174804688,0.0048739848659136165,234.81664428710937,231.5381881713867,0.014380409043567447
142,2015-07-29,214.82395935058597,227.66883850097656,231.48619079589844,226.77737426757807,230.7547149658203,14790821,228.61746215820312,230.92616271972656,229.80609130859372,234.30918884277344,240.1037750244141,231.1318817138672,-0.014105479346241956,232.32965698242188,231.42789611816406,0.014692741339904475
143,2015-07-30,215.71902465820312,228.61746215820312,230.41184997558597,226.82308959960935,228.6060333251953,11701228,229.0060577392578,227.66883850097656,230.92616271972656,229.80609130859372,238.93800354003903,234.00059509277344,0.004166682025843027,230.2655487060547,231.30560379028321,0.014674478956317148
144,2015-07-31,216.085693359375,229.0060577392578,230.3889923095703,226.2973480224609,228.5831756591797,16634259,229.1432037353516,228.61746215820312,227.66883850097656,230.92616271972656,234.30918884277344,233.54342651367188,0.0016997633399751244,229.20492248535157,231.2444580078125,0.014661946692322778
145,2015-08-03,216.2151031494141,229.1432037353516,231.74905395507807,228.44602966308597,228.811767578125,9887787,225.84017944335935,229.0060577392578,228.61746215820312,227.66883850097656,229.80609130859372,234.24061584472656,0.00059887497059119,229.0723449707031,231.09473571777343,0.014528759609220409
146,2015-08-04,213.09841918945312,225.84017944335935,229.8746795654297,224.0115203857422,229.36036682128903,12006872,225.7830352783203,229.1432037353516,229.0060577392578,228.61746215820312,230.92616271972656,230.3661193847656,-0.014414672738044865,228.05514831542968,230.92044067382812,0.014633965636290935
147,2015-08-05,213.0445251464844,225.7830352783203,228.76605224609372,224.94869995117188,225.89732360839844,14345010,223.77149963378903,225.84017944335935,229.1432037353516,229.0060577392578,227.66883850097656,240.1037750244141,-0.00025302922261172256,227.67798767089843,230.81929244995118,0.014566504914822307
148,2015-08-06,211.1464691162109,223.77149963378903,226.7545166015625,223.4400634765625,226.5259246826172,8708037,225.005859375,225.7830352783203,225.84017944335935,229.1432037353516,228.61746215820312,238.93800354003903,-0.008909153170217898,226.70879516601562,230.72271575927735,0.014556334302977637
149,2015-08-07,212.3112030029297,225.005859375,227.2116851806641,223.36004638671875,223.78292846679688,8608888,221.4742431640625,223.77149963378903,225.7830352783203,225.84017944335935,229.0060577392578,234.30918884277344,0.0055161615452863355,225.90875549316405,230.52327728271484,0.014204332894368286
150,2015-08-10,208.97882080078125,221.4742431640625,226.0230407714844,220.46847534179688,225.04014587402344,9288894,220.8113555908203,225.005859375,223.77149963378903,225.7830352783203,229.1432037353516,229.80609130859372,-0.01569566330737915,224.37496337890624,230.08782653808595,0.01450657994894535
151,2015-08-11,208.35333251953125,220.8113555908203,222.5600128173828,218.9826812744141,221.9542694091797,8762464,215.5310821533203,221.4742431640625,225.005859375,223.77149963378903,225.84017944335935,230.92616271972656,-0.002993068465984683,223.36919860839845,229.7243797302246,0.014408394485755625
152,2015-08-12,203.3709716796875,215.5310821533203,220.8113555908203,214.9939117431641,220.26275634765625,9650325,213.34811401367188,220.8113555908203,221.4742431640625,225.005859375,225.7830352783203,227.66883850097656,-0.023913052041058647,221.31880798339844,228.94433975219727,0.014786760125150225
153,2015-08-13,201.31118774414065,213.34811401367188,218.0569305419922,212.44520568847656,216.46827697753903,9340350,221.02850341796875,215.5310821533203,220.8113555908203,221.4742431640625,223.77149963378903,228.61746215820312,-0.010128321715081268,219.234130859375,227.91171569824218,0.0143725802375998
154,2015-08-14,208.5581970214844,221.02850341796875,222.18284606933597,213.5652618408203,214.9253387451172,12739366,217.31402587890625,213.34811401367188,215.5310821533203,220.8113555908203,225.005859375,229.0060577392578,0.035999331139176194,218.43865966796875,227.28596954345704,0.016994518502140808
155,2015-08-17,205.05328369140625,217.31402587890625,220.8113555908203,216.2511138916016,220.8113555908203,10857430,215.8053741455078,221.02850341796875,213.34811401367188,215.5310821533203,221.4742431640625,229.1432037353516,-0.016805423199370617,217.6066162109375,226.43964004516602,0.017225902718440246
156,2015-08-18,203.6297912597656,215.8053741455078,218.5255126953125,215.3710784912109,218.5255126953125,6630334,218.20550537109372,217.31402587890625,221.02850341796875,213.34811401367188,220.8113555908203,225.84017944335935,-0.0069422658169293605,216.605419921875,225.71160278320312,0.016978442460060104
157,2015-08-19,205.89450073242188,218.20550537109372,219.66842651367188,214.74246215820312,215.7825164794922,8877298,209.4507598876953,215.8053741455078,217.31402587890625,221.02850341796875,215.5310821533203,225.7830352783203,0.011121739831963628,217.1403045654297,224.6166893005371,0.01370912327902839
158,2015-08-20,197.6336975097656,209.4507598876953,219.4284210205078,208.8678741455078,219.4284210205078,19008087,207.54209899902344,218.20550537109372,215.8053741455078,217.31402587890625,213.34811401367188,223.77149963378903,-0.04012156095012154,216.36083374023437,223.14232711791993,0.01583574168979149
159,2015-08-21,195.83273315429688,207.54209899902344,208.44500732421875,205.0391082763672,208.0106964111328,20050521,189.6211700439453,209.4507598876953,218.20550537109372,215.8053741455078,221.02850341796875,225.005859375,-0.009112694982320813,213.6635528564453,221.80397262573243,0.015558673642752962
160,2015-08-24,178.9228973388672,189.6211700439453,201.1531982421875,186.9810333251953,201.1531982421875,35635706,193.8728179931641,207.54209899902344,209.4507598876953,218.20550537109372,217.31402587890625,221.4742431640625,-0.08634840372874153,208.12498168945314,219.7947265625,0.02369137242564153
161,2015-08-25,182.9346466064453,193.8728179931641,196.7301177978516,188.169677734375,192.20416259765625,49504268,195.0728912353516,189.6211700439453,207.54209899902344,209.4507598876953,215.8053741455078,220.8113555908203,0.02242179999328897,203.73847045898438,217.9420593261719,0.02455274204791943
162,2015-08-26,184.06700134277344,195.0728912353516,199.96456909179688,192.00987243652344,193.79281616210935,18955515,198.67306518554688,193.8728179931641,189.6211700439453,207.54209899902344,218.20550537109372,215.5310821533203,0.006190002572871389,199.11194763183593,216.31226196289063,0.024723810573925132
163,2015-08-27,187.46408081054688,198.67306518554688,201.4389190673828,195.9072113037109,198.13589477539065,26997546,199.4159698486328,195.0728912353516,193.8728179931641,189.6211700439453,209.4507598876953,213.34811401367188,0.018455531813755366,196.95640869140624,214.8150421142578,0.025275816523325407
164,2015-08-28,188.1650390625,199.4159698486328,201.8389434814453,197.97589111328125,200.01028442382807,10770215,195.64434814453125,198.67306518554688,195.0728912353516,193.8728179931641,207.54209899902344,221.02850341796875,0.0037393325682679723,195.33118286132813,213.33553771972657,0.025315495710887516
165,2015-08-31,184.6062164306641,195.64434814453125,199.51882934570312,195.1643218994141,199.51882934570312,20708942,191.9755859375,199.4159698486328,198.67306518554688,195.0728912353516,189.6211700439453,217.31402587890625,-0.018913338319716422,196.53581848144532,211.66059494018555,0.025400125846328
166,2015-09-01,181.1444549560547,191.9755859375,195.1871795654297,190.8898162841797,195.1871795654297,21645696,194.19284057617188,195.64434814453125,199.4159698486328,198.67306518554688,193.8728179931641,215.8053741455078,-0.01875220133791433,196.1563720703125,209.96736526489258,0.02548016776791384
167,2015-09-02,183.23660278320312,194.19284057617188,195.91864013671875,192.60418701171875,194.2957000732422,19652369,195.17575073242188,191.9755859375,195.64434814453125,199.4159698486328,195.0728912353516,218.20550537109372,0.011549669859550526,195.98036193847656,208.38785552978516,0.02579817609550457
168,2015-09-03,184.1640625,195.17575073242188,196.7529754638672,193.01564025878903,195.22146606445312,11659978,191.0726776123047,194.19284057617188,191.9755859375,195.64434814453125,198.67306518554688,209.4507598876953,0.005061515930935956,195.28089904785156,206.95806808471679,0.025937714621485645
169,2015-09-04,180.29249572753903,191.0726776123047,194.2271270751953,188.60397338867188,194.2271270751953,16199949,190.45550537109372,195.17575073242188,194.19284057617188,191.9755859375,199.4159698486328,207.54209899902344,-0.021022453377122274,193.61224060058595,205.26140899658202,0.025970335028748993
170,2015-09-07,179.71014404296875,190.45550537109372,192.92420959472656,189.19830322265625,191.6098480224609,10234633,193.9756774902344,191.0726776123047,195.17575073242188,194.19284057617188,195.64434814453125,189.6211700439453,-0.003230039212949287,192.57447204589843,203.7104721069336,0.02592067084708059
171,2015-09-08,183.03170776367188,193.9756774902344,194.9700164794922,188.60397338867188,191.0955352783203,12900468,199.79312133789065,190.45550537109372,191.0726776123047,195.17575073242188,191.9755859375,193.8728179931641,0.018482910810489805,192.9744903564453,202.3686882019043,0.026540976378668146
172,2015-09-09,188.5209045410156,199.79312133789065,200.8560333251953,194.4099884033203,196.81011962890625,17340694,198.18161010742188,193.9756774902344,190.45550537109372,191.0726776123047,194.19284057617188,195.0728912353516,0.02999058398932064,194.09454650878905,201.5817901611328,0.027362512420636136
173,2015-09-10,187.00033569335935,198.18161010742188,198.98165893554688,195.5529022216797,196.81011962890625,11074406,196.79869079589844,199.79312133789065,193.9756774902344,190.45550537109372,195.17575073242188,198.67306518554688,-0.008065899464793858,194.69571838378906,200.8234649658203,0.02733976994246036
174,2015-09-11,185.6954345703125,196.79869079589844,200.26171875,195.71292114257807,199.32452392578125,10634833,197.46157836914065,198.18161010742188,199.79312133789065,193.9756774902344,191.0726776123047,199.4159698486328,-0.006978040549644571,195.8409210205078,199.6119743347168,0.02572858117576196
175,2015-09-14,186.3209228515625,197.46157836914065,197.88446044921875,194.73001098632807,196.98155212402344,7964072,198.18161010742188,196.79869079589844,198.18161010742188,199.79312133789065,190.45550537109372,195.64434814453125,0.0033683535726856118,197.2421356201172,198.6193519592285,0.025655890753587717
176,2015-09-15,187.00033569335935,198.18161010742188,198.86737060546875,195.5757598876953,197.0386962890625,11509788,199.45025634765625,197.46157836914065,196.79869079589844,198.18161010742188,193.9756774902344,191.9755859375,0.0036464396984368097,198.0833221435547,197.73816375732423,0.025711063003471455
177,2015-09-16,188.19741821289065,199.45025634765625,200.5474548339844,197.77017211914065,199.34739685058597,13424811,204.6733856201172,198.18161010742188,197.46157836914065,196.79869079589844,199.79312133789065,194.19284057617188,0.006401432703804888,198.0147491455078,196.80040130615234,0.02558702931619418
178,2015-09-18,193.12586975097656,204.6733856201172,205.61056518554688,200.50173950195312,200.79888916015625,34261453,200.7188873291016,199.45025634765625,198.18161010742188,197.46157836914065,198.18161010742188,195.17575073242188,0.026187628775751648,199.31310424804687,196.56153259277343,0.024970899190096908
179,2015-09-21,189.3944854736328,200.7188873291016,203.02757263183597,200.2502899169922,201.1531982421875,12732187,193.815673828125,204.6733856201172,199.45025634765625,198.18161010742188,196.79869079589844,191.0726776123047,-0.019321018602561857,200.0971435546875,196.22037200927736,0.025251513619195448
180,2015-09-22,182.88070678710935,193.815673828125,202.27325439453125,193.0384979248047,201.1531982421875,15745524,194.37570190429688,200.7188873291016,204.6733856201172,199.45025634765625,197.46157836914065,190.45550537109372,-0.034392446036520585,199.3679626464844,196.43009719848632,0.01754385630650743
181,2015-09-23,183.4091644287109,194.37570190429688,195.85006713867188,192.00987243652344,192.69561767578125,15221260,191.4041290283203,193.815673828125,200.7188873291016,204.6733856201172,198.18161010742188,193.9756774902344,0.0028894880641516796,198.60678100585938,196.45524139404296,0.016831934238210968
182,2015-09-24,180.605224609375,191.4041290283203,193.83853149414065,190.809814453125,193.83853149414065,29076982,190.6955108642578,194.37570190429688,193.815673828125,200.7188873291016,199.45025634765625,199.79312133789065,-0.015287779526268364,196.9975555419922,196.2718032836914,0.017116716645787178
183,2015-09-28,179.93658447265625,190.6955108642578,192.2155914306641,189.4268798828125,191.9641571044922,11624639,192.18130493164065,191.4041290283203,194.37570190429688,193.815673828125,204.6733856201172,198.18161010742188,-0.003702209391510336,194.2019805908203,195.87292556762696,0.016510499211093998
184,2015-09-29,181.33856201171875,192.18130493164065,194.35284423828125,188.8325653076172,189.7240447998047,15853471,197.10726928710935,190.6955108642578,191.4041290283203,194.37570190429688,200.7188873291016,196.79869079589844,0.007791447531454887,192.4944641113281,195.51119232177734,0.016608142016159944
185,2015-09-30,185.9866180419922,197.10726928710935,197.67872619628903,191.6669921875,194.5242919921875,17292020,197.65586853027344,192.18130493164065,190.6955108642578,191.4041290283203,193.815673828125,197.46157836914065,0.025631860274967222,193.152783203125,195.58433837890624,0.017158109045518812
186,2015-10-01,186.50425720214844,197.65586853027344,199.770263671875,196.2615203857422,199.770263671875,8663393,202.9818572998047,197.10726928710935,192.18130493164065,190.6955108642578,194.37570190429688,198.18161010742188,0.0027832522115913694,193.8088165283203,195.86835250854492,0.016550487118015877
187,2015-10-05,191.5297698974609,202.9818572998047,203.43902587890625,197.00440979003903,197.22157287597656,16015412,205.2791290283203,197.65586853027344,197.10726928710935,192.18130493164065,191.4041290283203,199.45025634765625,0.02694576593720277,196.12436218261718,196.30780334472655,0.017375641248448242
188,2015-10-06,193.6974334716797,205.2791290283203,205.8391571044922,202.4675445556641,204.73052978515625,12330294,208.8793029785156,202.9818572998047,197.65586853027344,197.10726928710935,190.6955108642578,204.6733856201172,0.011317620988769095,199.04108581542968,196.81297225952147,0.01748283538053973
189,2015-10-07,197.094482421875,208.8793029785156,209.8507843017578,203.6676177978516,204.51336669921875,11515191,203.2333068847656,205.2791290283203,202.9818572998047,197.65586853027344,192.18130493164065,200.7188873291016,0.017537944394233174,202.38068542480468,197.70330352783202,0.016846953580456545
190,2015-10-08,191.7670135498047,203.2333068847656,209.13075256347656,202.58184814453125,209.13075256347656,10753149,202.83328247070312,208.8793029785156,205.2791290283203,202.9818572998047,197.10726928710935,193.815673828125,-0.027029945108207887,203.60589294433595,198.34219360351562,0.018214211854666203
191,2015-10-09,191.3895721435547,202.83328247070312,206.97064208984372,201.4960784912109,204.3647918701172,9327873,203.83905029296875,203.2333068847656,208.8793029785156,205.2791290283203,197.65586853027344,194.37570190429688,-0.001968301457050514,204.64137573242186,198.78507385253906,0.017894733569788452
192,2015-10-12,192.3385772705078,203.83905029296875,206.0905914306641,202.9818572998047,202.9818572998047,6212395,204.26193237304688,202.83328247070312,203.2333068847656,208.8793029785156,202.9818572998047,191.4041290283203,0.004958593629282193,204.81281433105468,198.98737030029298,0.016697855178353687
193,2015-10-13,192.7376251220703,204.26193237304688,204.8791046142578,201.8160858154297,202.3075408935547,6162561,206.3991851806641,203.83905029296875,202.83328247070312,203.2333068847656,205.2791290283203,190.6955108642578,0.0020745881589927517,204.609375,199.29138641357423,0.01655710913794151
194,2015-10-14,194.75428771972656,206.3991851806641,206.86778259277344,204.3419342041016,204.7648162841797,8002587,206.57061767578125,204.26193237304688,203.83905029296875,202.83328247070312,208.8793029785156,192.18130493164065,0.010463294764655018,204.11335144042968,199.7714111328125,0.016538462244510388
195,2015-10-15,194.91603088378903,206.57061767578125,208.23927307128903,205.7477264404297,207.4849548339844,9048478,209.1078948974609,206.3991851806641,204.26193237304688,203.83905029296875,203.2333068847656,197.10726928710935,0.0008305870731373233,204.78081359863282,200.22686309814452,0.01654130387541252
196,2015-10-16,197.3101348876953,209.1078948974609,209.1078948974609,206.57061767578125,206.75347900390625,15246935,220.23989868164065,206.57061767578125,206.3991851806641,204.26193237304688,202.83328247070312,197.65586853027344,0.012282856343402981,206.03573608398438,200.77317733764647,0.016687966965698534
197,2015-10-19,207.8141021728516,220.23989868164065,220.69705200195312,215.0967712402344,215.0967712402344,33505855,218.6855316162109,209.1078948974609,206.57061767578125,206.3991851806641,203.83905029296875,202.9818572998047,0.0532356934186462,209.31590576171874,201.8126594543457,0.020144928416787194
198,2015-10-20,206.3474578857422,218.6855316162109,220.9713592529297,217.8397674560547,220.582763671875,18091895,218.29693603515625,220.23989868164065,209.1078948974609,206.57061767578125,204.26193237304688,205.2791290283203,-0.0070576088834685136,212.20062561035155,202.51326675415038,0.019685002748563545
199,2015-10-21,205.9807891845703,218.29693603515625,222.8228759765625,217.8397674560547,218.4112243652344,14404450,218.4455108642578,218.6855316162109,220.23989868164065,209.1078948974609,206.3991851806641,208.8793029785156,-0.0017769606346734745,214.58017578125,203.3921691894531,0.018993314171671976
200,2015-10-23,206.1209716796875,218.4455108642578,222.42286682128903,215.1310577392578,220.3427581787109,12153422,215.5196533203125,218.29693603515625,218.6855316162109,220.23989868164065,206.57061767578125,203.2333068847656,0.0006806088614896844,216.9551544189453,204.62366104125977,0.016706922733353845
201,2015-10-26,203.36016845703125,215.5196533203125,220.12559509277344,215.16534423828125,219.8741607666016,10938775,214.76531982421875,218.4455108642578,218.29693603515625,218.6855316162109,209.1078948974609,202.83328247070312,-0.013393992544728617,218.2375061035156,205.68085861206055,0.017260745172995848
202,2015-10-27,202.6484222412109,214.76531982421875,216.7539978027344,214.27386474609372,214.5938873291016,11601798,214.17100524902344,215.5196533203125,218.4455108642578,218.29693603515625,220.23989868164065,203.83905029296875,-0.0035000682511893144,217.14259033203126,206.84891815185546,0.01671273724812827
203,2015-10-28,202.0876007080078,214.17100524902344,215.98825073242188,212.5594940185547,214.1595764160156,11958727,215.0967712402344,214.76531982421875,215.5196533203125,218.4455108642578,218.6855316162109,204.26193237304688,-0.002767274416939136,216.23968505859375,208.02269287109374,0.016685735849983546
204,2015-10-29,202.961181640625,215.0967712402344,216.0111083984375,213.71383666992188,213.953857421875,13280382,216.62828063964844,214.17100524902344,214.76531982421875,215.5196533203125,218.29693603515625,206.3991851806641,0.004322555194315569,215.5996520996094,209.16846618652343,0.016683637880497596
205,2015-10-30,204.40628051757807,216.62828063964844,218.50265502929688,214.89105224609372,215.34820556640625,13366359,219.3941345214844,215.0967712402344,214.17100524902344,214.76531982421875,218.4455108642578,206.57061767578125,0.007120094786097653,215.2362060546875,210.1445167541504,0.016024723259922873
206,2015-11-02,207.01608276367188,219.3941345214844,219.78273010253903,216.05682373046875,216.9254302978516,7222044,221.0856475830078,216.62828063964844,215.0967712402344,214.17100524902344,215.5196533203125,209.1078948974609,0.012767741467868854,216.01110229492187,211.23143005371094,0.016112137996179856
207,2015-11-03,208.6121368408203,221.0856475830078,221.82855224609372,219.7255859375,220.1827545166016,11373522,217.451171875,219.3941345214844,216.62828063964844,215.0967712402344,214.76531982421875,220.23989868164065,0.0077099283680155395,217.2751678466797,212.1366195678711,0.015309430099367888
208,2015-11-04,205.1827087402344,217.451171875,222.8686065673828,216.285400390625,221.26852416992188,10033187,214.09100341796875,221.0856475830078,219.3941345214844,216.62828063964844,214.17100524902344,218.6855316162109,-0.016439220490978457,217.931201171875,212.74522171020507,0.01589531346754553
209,2015-11-05,202.0121307373047,214.09100341796875,217.38259887695312,213.2681121826172,216.9254302978516,10767454,217.7026214599609,217.451171875,221.0856475830078,219.3941345214844,215.0967712402344,218.29693603515625,-0.015452519423361899,217.73004760742188,213.00580673217775,0.01601882536397751
210,2015-11-06,205.4200134277344,217.7026214599609,218.2397918701172,214.3881683349609,214.74246215820312,8367190,219.7255859375,214.09100341796875,217.451171875,221.0856475830078,216.62828063964844,218.4455108642578,0.016869546054400164,217.94491577148438,213.7292724609375,0.014893062778910615
211,2015-11-09,207.32882690429688,219.7255859375,220.582763671875,211.0851287841797,213.3824005126953,17031699,210.9251251220703,217.7026214599609,214.09100341796875,217.451171875,219.3941345214844,215.5196533203125,0.009292329435321767,218.0112060546875,214.57388763427736,0.01488639532269134
212,2015-11-10,199.02487182617188,210.9251251220703,219.3255615234375,209.4507598876953,218.7541046142578,11486238,213.279541015625,219.7255859375,217.7026214599609,214.09100341796875,221.0856475830078,214.76531982421875,-0.04005205300912451,215.9791015625,214.9281913757324,0.01785740734979042
213,2015-11-13,201.24644470214844,213.279541015625,214.5367431640625,209.0393218994141,209.1650390625,13682323,213.5652618408203,210.9251251220703,219.7255859375,217.7026214599609,217.451171875,214.17100524902344,0.011162330197467485,215.144775390625,215.37907180786132,0.017978352028617212
214,2015-11-16,201.5160369873047,213.5652618408203,215.32534790039065,211.38229370117188,211.66802978515625,15346549,212.0680389404297,213.279541015625,210.9251251220703,219.7255859375,214.09100341796875,215.0967712402344,0.0013396541638954762,215.0396270751953,215.73737564086915,0.01787617393685546
215,2015-11-17,200.10330200195312,212.0680389404297,214.6167449951172,211.7137451171875,214.4224548339844,8588142,208.4678649902344,213.5652618408203,213.279541015625,210.9251251220703,217.7026214599609,216.62828063964844,-0.0070106106558966985,213.91271057128907,216.01224670410156,0.01798556133267113
216,2015-11-18,196.7062530517578,208.4678649902344,212.8795166015625,207.999267578125,212.03375244140625,11249222,213.66812133789065,212.0680389404297,213.5652618408203,213.279541015625,219.7255859375,219.3941345214844,-0.01697650418320029,211.66116638183593,215.98024520874023,0.018247540725340683
217,2015-11-19,201.6131134033203,213.66812133789065,214.57102966308597,209.6679229736328,210.0450897216797,12183206,216.43397521972656,208.4678649902344,212.0680389404297,213.5652618408203,210.9251251220703,221.0856475830078,0.024945122107428164,212.209765625,215.65165634155272,0.014644727387743358
218,2015-11-20,204.22293090820312,216.43397521972656,217.79405212402344,211.56515502929688,213.49668884277344,11304265,218.01119995117188,213.66812133789065,208.4678649902344,212.0680389404297,213.279541015625,217.451171875,0.012944625826807554,212.8406524658203,215.53907852172853,0.01491922443891112
219,2015-11-23,205.71115112304688,218.01119995117188,218.95982360839844,216.285400390625,217.15402221679688,10499517,221.19993591308597,216.43397521972656,213.66812133789065,208.4678649902344,213.5652618408203,214.09100341796875,0.007287325059959215,213.72984008789064,215.5247917175293,0.015012919632557093
220,2015-11-24,208.719970703125,221.19993591308597,222.09141540527344,217.3940277099609,217.8397674560547,14806176,225.9887542724609,218.01119995117188,216.43397521972656,213.66812133789065,212.0680389404297,217.7026214599609,0.014626477734301258,215.55621948242188,215.6625129699707,0.015363882381214023
221,2015-11-26,213.23863220214844,225.9887542724609,226.7430877685547,221.3256683349609,221.9542694091797,23805828,223.7943572998047,221.19993591308597,218.01119995117188,216.43397521972656,208.4678649902344,219.7255859375,0.02164927552807505,219.06039733886718,216.18596801757812,0.015662511551973967
222,2015-11-27,211.16802978515625,223.7943572998047,226.86880493164065,222.66287231445312,226.0687561035156,10891864,221.0627899169922,225.9887542724609,221.19993591308597,218.01119995117188,213.66812133789065,210.9251251220703,-0.00971020429631897,221.08564453125,216.6374198913574,0.015848013223679142
223,2015-11-30,208.5905914306641,221.0627899169922,225.0172882080078,219.9655914306641,223.66864013671875,29919205,220.7884979248047,223.7943572998047,225.9887542724609,221.19993591308597,216.43397521972656,213.279541015625,-0.012205702662793971,222.01140747070312,216.98200912475585,0.01614095261070464
224,2015-12-01,208.33175659179688,220.7884979248047,223.7372131347656,219.7255859375,220.35418701171875,12981379,223.5429229736328,221.0627899169922,223.7943572998047,225.9887542724609,218.01119995117188,213.5652618408203,-0.0012407877069248174,222.56686706542968,217.26659545898437,0.01614148851758768
225,2015-12-02,210.9307861328125,223.5429229736328,223.9429473876953,220.46847534179688,220.86849975585935,7573628,223.37147521972656,220.7884979248047,221.0627899169922,223.7943572998047,221.19993591308597,212.0680389404297,0.012475401004658382,223.03546447753905,217.6123275756836,0.016284608071915053
226,2015-12-03,210.7690277099609,223.37147521972656,226.0573272705078,222.66287231445312,222.84573364257807,11361395,220.6856231689453,223.5429229736328,220.7884979248047,221.0627899169922,225.9887542724609,208.4678649902344,-0.0007669567509702713,222.5120086669922,217.8111946105957,0.01608037077236909
227,2015-12-04,208.2346954345703,220.6856231689453,223.1428985595703,219.75987243652344,222.2514190673828,13443688,217.62261962890625,223.37147521972656,223.5429229736328,220.7884979248047,223.7943572998047,213.66812133789065,-0.01202414967327059,221.8902618408203,217.79119338989258,0.016252942757539378
228,2015-12-07,205.3444976806641,217.62261962890625,222.41143798828125,217.0968780517578,220.6856231689453,14483909,215.07391357421875,220.6856231689453,223.37147521972656,223.5429229736328,221.0627899169922,216.43397521972656,-0.013879488369272663,221.2022277832031,217.79976577758788,0.016125962765558877
229,2015-12-08,202.9395904541016,215.07391357421875,217.97691345214844,213.97671508789065,216.90257263183597,7532164,209.3593292236328,217.62261962890625,220.6856231689453,223.37147521972656,220.7884979248047,218.01119995117188,-0.011711586134904528,220.05931091308594,217.8489112854004,0.015956096908675672
230,2015-12-09,197.5474090576172,209.3593292236328,215.65679931640625,208.6621551513672,213.99957275390625,9174419,217.2340240478516,215.07391357421875,217.62261962890625,220.6856231689453,223.5429229736328,221.19993591308597,-0.026570327640473845,217.22259216308595,217.43174667358397,0.01653522882760057
231,2015-12-10,204.97784423828125,217.2340240478516,218.0226287841797,210.2965240478516,210.86798095703125,18592203,217.82833862304688,209.3593292236328,215.07391357421875,217.62261962890625,223.37147521972656,225.9887542724609,0.03761329792859258,215.99510192871094,217.30716857910156,0.01861851436438644
232,2015-12-11,205.53858947753903,217.82833862304688,219.21127319335935,215.5310821533203,217.55404663085935,18155513,218.31979370117188,217.2340240478516,209.3593292236328,215.07391357421875,220.6856231689453,223.7943572998047,0.0027358263872345745,215.42364501953125,217.6523292541504,0.016112742773458782
233,2015-12-14,206.0023193359375,218.31979370117188,220.23989868164065,216.23968505859372,216.6054229736328,10563900,223.07432556152344,217.82833862304688,217.2340240478516,209.3593292236328,217.62261962890625,221.0627899169922,0.002256157675496251,215.56307983398438,217.90434188842772,0.015960815578402027
234,2015-12-15,210.48861694335935,223.07432556152344,223.5429229736328,217.98834228515625,218.7541046142578,15718833,223.7029266357422,218.31979370117188,217.82833862304688,217.2340240478516,215.07391357421875,220.7884979248047,0.021777832324536783,217.1631622314453,218.3797950744629,0.016605508312518304
235,2015-12-16,211.08175659179688,223.7029266357422,225.73731994628903,222.52572631835935,223.07432556152344,12097338,230.8004302978516,223.07432556152344,218.31979370117188,217.82833862304688,209.3593292236328,223.5429229736328,0.0028178996961503167,220.0318817138672,218.9615394592285,0.016459926859969172
236,2015-12-17,217.77882385253903,230.8004302978516,232.01193237304688,223.55435180664065,224.02294921875,19369032,226.73165893554688,223.7029266357422,223.07432556152344,218.31979370117188,217.2340240478516,223.37147521972656,0.03172736167938628,222.7451629638672,220.0781677246094,0.016974472217661414
237,2015-12-18,213.93963623046875,226.73165893554688,230.6404266357422,226.2973480224609,229.4517974853516,16016139,226.77737426757807,230.8004302978516,223.7029266357422,223.07432556152344,217.82833862304688,220.6856231689453,-0.01762895917071694,224.52582702636718,220.7313446044922,0.017042311632607058
238,2015-12-21,213.9827423095703,226.77737426757807,228.35459899902344,225.005859375,225.81732177734372,12331769,225.68017578125,226.73165893554688,230.8004302978516,223.7029266357422,218.31979370117188,217.62261962890625,0.0002016274756062586,226.21734313964845,221.24851455688477,0.016892777800937835
239,2015-12-22,212.94741821289065,225.68017578125,229.177490234375,224.92584228515625,226.9373779296875,11579277,229.4517974853516,226.77737426757807,226.73165893554688,230.8004302978516,223.07432556152344,215.07391357421875,-0.004838218494555235,226.73851318359374,221.63196334838867,0.01692839665996741
240,2015-12-23,216.5062561035156,229.4517974853516,230.160400390625,226.2973480224609,226.70880126953125,12919467,228.7088928222656,225.68017578125,226.77737426757807,226.73165893554688,223.7029266357422,209.3593292236328,0.016712241963855012,227.88828735351564,222.04455642700196,0.01701734164894818
241,2015-12-24,215.80532836914065,228.7088928222656,230.22897338867188,227.7374267578125,229.4746551513672,11901877,230.96044921875,229.4517974853516,225.68017578125,226.77737426757807,230.8004302978516,217.2340240478516,-0.003237737386360684,227.46997985839843,222.1805633544922,0.01640132111288981
242,2015-12-28,217.9298095703125,230.96044921875,231.7261962890625,228.5831756591797,228.72032165527344,12885935,232.10336303710935,228.7088928222656,229.4517974853516,225.68017578125,226.73165893554688,217.82833862304688,0.009844638608933032,228.31573791503905,222.53886795043945,0.016329197578603506
243,2015-12-29,219.00827026367188,232.10336303710935,232.8576812744141,230.2175445556641,230.96044921875,14913870,229.6118011474609,230.96044921875,228.7088928222656,229.4517974853516,226.77737426757807,218.31979370117188,0.004948526131748565,229.3809356689453,223.0908966064453,0.016007534450243516
244,2015-12-30,216.65725708007807,229.6118011474609,232.24050903320312,229.04034423828125,232.01193237304688,8151610,231.9204864501953,232.10336303710935,230.96044921875,228.7088928222656,225.68017578125,223.07432556152344,-0.010734708265515702,230.1672607421875,223.5320617675781,0.01626489688116524
245,2015-12-31,218.835693359375,231.9204864501953,233.08627319335935,228.37745666503903,229.36036682128903,18483713,232.0919342041016,229.6118011474609,232.10336303710935,230.96044921875,229.4517974853516,223.7029266357422,0.010054732775915731,230.66099853515624,223.95093994140626,0.016192360589676158
246,2016-01-01,218.9974670410156,232.0919342041016,232.9033966064453,230.4575653076172,230.8232879638672,5416562,227.5088348388672,231.9204864501953,229.6118011474609,232.10336303710935,228.7088928222656,230.8004302978516,0.0007392523037981213,231.33760681152344,224.386962890625,0.016182485697939824
247,2016-01-04,214.6729431152344,227.5088348388672,231.7376251220703,225.5430145263672,229.72608947753903,30170947,229.7603759765625,232.0919342041016,231.9204864501953,229.6118011474609,230.96044921875,226.73165893554688,-0.01974691357091296,230.64728393554688,224.7281234741211,0.016621917245777853
248,2016-01-05,216.7974548339844,229.7603759765625,230.86900329589844,227.89743041992188,228.65174865722656,14946239,235.9435577392578,227.5088348388672,232.0919342041016,231.9204864501953,232.10336303710935,226.77737426757807,0.009896499796546276,230.1786865234375,225.33501129150392,0.016299589477085374
249,2016-01-06,222.63180541992188,235.9435577392578,237.36077880859372,228.6746063232422,230.3204040527344,26759864,231.6119079589844,229.7603759765625,227.5088348388672,232.0919342041016,229.6118011474609,225.68017578125,0.026911436475565598,231.44503784179688,226.37849349975585,0.016765773970972477
250,2016-01-07,218.5445251464844,231.6119079589844,234.98350524902344,230.42327880859372,233.3948516845703,19739943,234.4691925048828,235.9435577392578,229.7603759765625,227.5088348388672,231.9204864501953,229.4517974853516,-0.018358838960376822,231.3833221435547,227.49112243652343,0.016042742108208576
251,2016-01-08,221.2406005859375,234.4691925048828,236.1035614013672,232.4005126953125,233.15484619140625,21313199,240.3780670166016,231.6119079589844,235.9435577392578,229.7603759765625,232.0919342041016,228.7088928222656,0.012336518321002687,231.85877380371093,228.352880859375,0.01424892517981864
252,2016-01-11,226.81610107421875,240.3780670166016,242.4810333251953,231.09759521484372,232.2290802001953,29016443,238.9722900390625,234.4691925048828,231.6119079589844,235.9435577392578,227.5088348388672,230.96044921875,0.025201069908558305,234.4326202392578,229.48036727905273,0.015015463476862067
253,2016-01-12,225.4896545410156,238.9722900390625,243.5325164794922,237.9779510498047,241.1552581787109,23373377,246.14979553222656,240.3780670166016,234.4691925048828,231.6119079589844,229.7603759765625,232.10336303710935,-0.005848191538381897,236.2750030517578,230.51299209594725,0.015202843938854694
254,2016-01-13,232.2621917724609,246.14979553222656,249.09852600097656,239.37229919433597,240.720947265625,71802356,242.67532348632807,238.9722900390625,240.3780670166016,234.4691925048828,235.9435577392578,229.6118011474609,0.03003488601959181,238.31625061035157,231.66676559448243,0.0157934172899577
255,2016-01-14,228.98374938964844,242.67532348632807,247.09841918945312,240.7095184326172,243.1782073974609,27823189,245.33831787109372,246.14979553222656,238.9722900390625,240.3780670166016,231.6119079589844,231.9204864501953,-0.014115274962491764,240.5289337158203,232.61538543701172,0.01636307384210016
256,2016-01-15,231.4965057373047,245.33831787109372,249.04136657714844,243.57823181152344,244.52685546875,28767318,232.43479919433597,242.67532348632807,246.14979553222656,238.9722900390625,234.4691925048828,232.0919342041016,0.010973486494252782,242.7027587890625,233.34227981567383,0.015138047691541588
257,2016-01-18,219.32098388671875,232.43479919433597,247.77273559570312,230.4347076416016,245.72691345214844,27254669,238.5494079589844,245.33831787109372,242.67532348632807,246.14979553222656,240.3780670166016,227.5088348388672,-0.052594795581575426,241.11410522460938,233.62743682861327,0.019152910938800158
258,2016-01-19,225.0906219482422,238.5494079589844,239.96661376953125,231.8061981201172,235.21209716796875,21489315,229.62322998046875,232.43479919433597,245.33831787109372,242.67532348632807,238.9722900390625,229.7603759765625,0.026306769837575406,241.02952880859374,234.2160385131836,0.01993897334086111
259,2016-01-20,216.6680450439453,229.62322998046875,236.56072998046875,226.2973480224609,236.56072998046875,45114225,224.9715576171875,238.5494079589844,232.43479919433597,245.33831787109372,246.14979553222656,235.9435577392578,-0.0374185710829783,237.72421569824218,234.41319122314454,0.02183053501712756
260,2016-01-21,212.27882385253903,224.9715576171875,234.4691925048828,223.25718688964844,232.5948181152344,31768619,229.53179931640625,229.62322998046875,238.5494079589844,232.43479919433597,242.67532348632807,231.6119079589844,-0.020257847447215593,234.18346252441407,234.18917922973634,0.022003107413883994
261,2016-01-22,216.58177185058597,229.53179931640625,231.09759521484372,227.22311401367188,227.22311401367188,23682648,229.486083984375,224.9715576171875,229.62322998046875,238.5494079589844,245.33831787109372,234.4691925048828,0.020270303266417766,231.02215881347655,234.23032455444337,0.022486000139402655
262,2016-01-25,216.5386199951172,229.486083984375,232.86911010742188,228.5831756591797,230.86900329589844,13099564,228.43460083007807,229.53179931640625,224.9715576171875,229.62322998046875,232.43479919433597,240.3780670166016,-0.00019916775003459009,230.4324157714844,234.1566062927246,0.02237637695075549
263,2016-01-27,215.5464782714844,228.43460083007807,230.86900329589844,227.8860015869141,230.4347076416016,17251028,232.44622802734372,229.486083984375,229.53179931640625,224.9715576171875,238.5494079589844,238.9722900390625,-0.004581903774036777,228.40945434570312,233.97316818237306,0.02236512967506987
264,2016-01-28,219.3318023681641,232.44622802734372,233.56629943847656,227.9202880859375,228.811767578125,23074633,236.67501831054688,228.43460083007807,229.486083984375,229.53179931640625,229.62322998046875,246.14979553222656,0.017561381606325588,228.97405395507812,234.1148895263672,0.02258133057064041
265,2016-01-29,223.3219757080078,236.67501831054688,237.72650146484372,232.6976776123047,232.91482543945312,19177163,235.50924682617188,232.44622802734372,228.43460083007807,229.486083984375,224.9715576171875,242.67532348632807,0.01819255282862975,231.31474609375,234.35261611938478,0.0228277359073056
266,2016-02-01,222.2219696044922,235.50924682617188,238.1379547119141,234.4234771728516,237.71507263183597,9918809,228.84605407714844,236.67501831054688,232.44622802734372,228.43460083007807,229.53179931640625,245.33831787109372,-0.004925621185947748,232.51023559570314,234.5234817504883,0.022869710316552386
267,2016-02-02,215.93472290039065,228.84605407714844,236.0807037353516,226.41163635253903,235.50924682617188,14771279,224.3315277099609,235.50924682617188,236.67501831054688,232.44622802734372,229.486083984375,232.43479919433597,-0.02829270119462235,232.38222961425782,234.59034271240233,0.023352128494129803
268,2016-02-03,211.6748809814453,224.3315277099609,227.2116851806641,222.8686065673828,225.84017944335935,15691478,222.42286682128903,228.84605407714844,235.50924682617188,236.67501831054688,228.43460083007807,238.5494079589844,-0.019727350709160985,231.56161499023438,234.31890029907225,0.0236657914112639
269,2016-02-04,209.8739318847656,222.42286682128903,228.811767578125,220.74278259277344,225.84017944335935,18203784,221.9314117431641,224.3315277099609,228.84605407714844,235.50924682617188,232.44622802734372,229.62322998046875,-0.008508215087535964,229.55694274902345,233.64286575317382,0.022781711852739268
270,2016-02-05,209.41021728515625,221.9314117431641,224.4686737060547,219.75987243652344,223.8057861328125,20998404,219.67987060546875,222.42286682128903,224.3315277099609,228.84605407714844,236.67501831054688,224.9715576171875,-0.00220955284476132,226.60822143554688,233.15884094238282,0.022481623520602546
271,2016-02-08,207.2856903076172,219.67987060546875,225.1087188720703,218.97125244140625,221.9771270751953,12078110,218.86839294433597,221.9314117431641,222.42286682128903,224.3315277099609,235.50924682617188,229.53179931640625,-0.010145211621962691,223.44234619140624,232.41937484741212,0.022294113939661072
272,2016-02-09,206.51995849609372,218.86839294433597,221.45138549804688,217.15402221679688,217.81690979003903,19603494,220.04559326171875,219.67987060546875,221.9314117431641,222.42286682128903,228.84605407714844,229.486083984375,-0.003693909955865493,221.44681396484376,231.34389114379883,0.021282730208996403
273,2016-02-10,207.6307830810547,220.04559326171875,222.41143798828125,216.84542846679688,217.5426177978516,16883350,211.33657836914065,218.86839294433597,219.67987060546875,221.9314117431641,224.3315277099609,228.43460083007807,0.005378576145904201,220.58962707519532,230.39755630493164,0.02139193445829054
274,2016-02-11,199.41311645507807,211.33657836914065,220.7999267578125,209.2678985595703,220.09130859375,17114833,207.2220764160156,220.04559326171875,218.86839294433597,219.67987060546875,222.42286682128903,232.44622802734372,-0.039578229054647474,218.37236938476562,228.65689544677736,0.021243049101816163
275,2016-02-12,195.5307464599609,207.2220764160156,213.4738311767578,203.0047149658203,213.4738311767578,29319458,216.4111175537109,211.33657836914065,220.04559326171875,218.86839294433597,221.9314117431641,236.67501831054688,-0.019468953197199323,215.43050231933594,226.8842330932617,0.021365786622066164
276,2016-02-15,204.2013397216797,216.4111175537109,217.4626007080078,209.83935546875,209.83935546875,19283523,212.7080841064453,207.2220764160156,211.33657836914065,220.04559326171875,219.67987060546875,235.50924682617188,0.04434392945299681,214.77675170898436,225.43787307739257,0.024032899179175154
277,2016-02-16,200.70726013183597,212.7080841064453,218.9826812744141,211.8966064453125,217.40545654296875,13024856,217.7483367919922,216.4111175537109,207.2220764160156,211.33657836914065,218.86839294433597,228.84605407714844,-0.017111105423438078,213.54468994140626,224.45153732299804,0.02159660020052383
278,2016-02-17,205.463134765625,217.7483367919922,218.85696411132807,209.4736175537109,213.7481231689453,15442221,214.89105224609372,212.7080841064453,216.4111175537109,207.2220764160156,220.04559326171875,224.3315277099609,0.02369563294559396,213.08523864746093,223.41148376464844,0.021409534480368884
279,2016-02-18,202.76705932617188,214.89105224609372,221.42852783203125,213.953857421875,220.1141662597656,14433087,215.86251831054688,217.7483367919922,212.7080841064453,216.4111175537109,211.33657836914065,222.42286682128903,-0.013121958073222584,213.79613342285157,222.67487487792968,0.020081555367931568
280,2016-02-19,203.68370056152344,215.86251831054688,217.7826232910156,214.26243591308597,214.86819458007807,10235503,219.9655914306641,214.89105224609372,217.7483367919922,212.7080841064453,207.2220764160156,221.9314117431641,0.004520737621688475,215.52422180175782,222.21942291259765,0.019729797703729682
281,2016-02-22,207.5552978515625,219.9655914306641,221.33709716796875,215.8053741455078,215.8053741455078,12770834,217.0740203857422,215.86251831054688,214.89105224609372,217.7483367919922,216.4111175537109,219.67987060546875,0.01900780715535988,216.23511657714843,221.74111251831056,0.019657084155735558
282,2016-02-23,204.82684326171875,217.0740203857422,221.0856475830078,215.49679565429688,220.14845275878903,18989787,217.759765625,219.9655914306641,215.86251831054688,214.89105224609372,212.7080841064453,218.86839294433597,-0.01314556074936546,217.10830383300782,221.1205093383789,0.019809208293628422
283,2016-02-24,205.47390747070312,217.759765625,219.1083984375,215.32534790039065,215.98825073242188,15186204,215.8053741455078,217.0740203857422,219.9655914306641,215.86251831054688,217.7483367919922,220.04559326171875,0.003159038737289954,217.11058959960937,220.586767578125,0.019843844413936242
284,2016-02-25,203.6297912597656,215.8053741455078,218.6512451171875,215.0624847412109,218.11407470703125,24826958,217.2340240478516,217.759765625,217.0740203857422,219.9655914306641,214.89105224609372,211.33657836914065,-0.008974988900648517,217.2934539794922,219.7547248840332,0.01933333914400188
285,2016-02-26,204.97784423828125,217.2340240478516,219.1541290283203,215.85108947753903,217.8397674560547,8349402,220.95993041992188,215.8053741455078,217.759765625,217.0740203857422,215.86251831054688,207.2220764160156,0.006620084916794111,217.56775512695313,218.78267517089844,0.01881521638687843
286,2016-02-29,208.4935302734375,220.95993041992188,227.3488311767578,213.7252655029297,217.451171875,31032353,224.3086700439453,217.2340240478516,215.8053741455078,217.759765625,219.9655914306641,216.4111175537109,0.017151578296268788,217.7666229248047,218.05520935058593,0.019403207496431242
287,2016-03-01,211.65333557128903,224.3086700439453,225.16586303710935,220.5027618408203,220.51419067382807,16453192,228.92605590820312,220.95993041992188,217.2340240478516,215.8053741455078,217.0740203857422,212.7080841064453,0.015155415815253592,219.21355285644532,217.82834014892578,0.018847242177861663
288,2016-03-02,216.0102081298828,228.92605590820312,229.8975372314453,225.6687469482422,226.96023559570312,20105967,231.52047729492188,224.3086700439453,220.95993041992188,217.2340240478516,217.759765625,217.7483367919922,0.020584963850720506,221.44681091308593,218.05806655883788,0.018875770411095474
289,2016-03-03,218.458251953125,231.52047729492188,232.6976776123047,228.01171875,230.86900329589844,15880459,230.04611206054688,228.92605590820312,224.3086700439453,220.95993041992188,215.8053741455078,214.89105224609372,0.011333010462378779,224.58983154296874,218.51294708251953,0.018861013334102925
290,2016-03-04,217.06707763671875,230.04611206054688,232.01193237304688,229.3832244873047,231.7833404541016,8987660,234.7549285888672,231.52047729492188,228.92605590820312,224.3086700439453,217.2340240478516,215.86251831054688,-0.006368185015863115,227.15224914550782,218.91868209838867,0.01893467467265634
291,2016-03-08,221.51019287109372,234.7549285888672,235.6463928222656,230.29754638671875,230.29754638671875,13222993,238.11509704589844,230.04611206054688,231.52047729492188,228.92605590820312,220.95993041992188,219.9655914306641,0.020469011565303008,229.91124877929687,219.67243499755858,0.019140292631425904
292,2016-03-09,224.6808319091797,238.11509704589844,238.61798095703125,232.83482360839844,233.15484619140625,11854901,231.2690277099609,234.7549285888672,230.04611206054688,231.52047729492188,224.3086700439453,217.0740203857422,0.01431351613033005,232.6725341796875,220.63477020263673,0.019207604411559793
293,2016-03-10,218.2209625244141,231.2690277099609,239.0751495361328,230.6404266357422,238.19509887695312,20706353,231.8976287841797,238.11509704589844,234.7549285888672,230.04611206054688,228.92605590820312,217.759765625,-0.028751093151468288,233.14112854003906,221.19594192504883,0.020582802174102913
294,2016-03-11,218.81414794921875,231.8976287841797,235.3378143310547,231.00616455078125,231.98907470703125,15319044,233.0977020263672,231.2690277099609,238.11509704589844,234.7549285888672,231.52047729492188,215.8053741455078,0.0027180512688760317,233.21655883789063,222.22399444580077,0.018025107377589767
295,2016-03-14,219.94647216796875,233.0977020263672,234.6177673339844,231.5433349609375,232.94911193847656,11880095,233.2691345214844,231.8976287841797,231.2690277099609,238.11509704589844,230.04611206054688,217.2340240478516,0.005175012993791306,233.82687683105468,223.51777572631835,0.017096714123955997
296,2016-03-15,220.10824584960935,233.2691345214844,234.94921875,232.0347900390625,234.0691680908203,10487788,233.5548553466797,233.0977020263672,231.8976287841797,231.2690277099609,234.7549285888672,220.95993041992188,0.0007354533898313864,233.52971801757812,224.36067657470704,0.014544682206265785
297,2016-03-16,220.37786865234372,233.5548553466797,234.48062133789065,229.82896423339844,233.3834228515625,11064129,232.24050903320312,233.2691345214844,233.0977020263672,231.8976287841797,238.11509704589844,224.3086700439453,0.0012248548260849201,232.61766967773437,225.40301513671875,0.013707116380223592
298,2016-03-17,221.6049652099609,232.24050903320312,237.0178985595703,231.326171875,234.7549285888672,16832997,234.80064392089844,233.5548553466797,233.2691345214844,233.0977020263672,231.2690277099609,228.92605590820312,-0.005627570069248189,232.8119659423828,226.12762374877929,0.013133030559565134
299,2016-03-18,224.0478363037109,234.80064392089844,235.47496032714844,232.17193603515625,232.75482177734372,14030979,237.1093292236328,232.24050903320312,233.5548553466797,233.2691345214844,231.8976287841797,231.52047729492188,0.011023636222435629,233.39256896972657,227.12310333251952,0.012643792031731231
300,2016-03-21,226.25082397460935,237.1093292236328,238.0693817138672,233.783447265625,234.9720764160156,12708074,239.52088928222656,234.80064392089844,232.24050903320312,233.5548553466797,233.0977020263672,230.04611206054688,0.009832533949575284,234.19489440917968,228.18544387817383,0.012699557135036668
301,2016-03-22,228.55194091796875,239.52088928222656,240.52664184570312,236.73216247558597,237.04075622558597,15333442,235.2578125,237.1093292236328,234.80064392089844,232.24050903320312,233.2691345214844,234.7549285888672,0.010170667120057653,235.44524536132812,229.16320877075196,0.012326805706012776
302,2016-03-23,224.48410034179688,235.2578125,239.30372619628903,233.7034454345703,239.30372619628903,16806372,233.24627685546875,239.52088928222656,237.1093292236328,234.80064392089844,233.5548553466797,238.11509704589844,-0.01779835067831348,235.78583679199218,230.07239837646483,0.012712057451293349
303,2016-03-28,222.56468200683597,233.24627685546875,235.8292694091797,232.16050720214844,235.440673828125,18070240,236.86932373046875,235.2578125,239.52088928222656,237.1093292236328,232.24050903320312,231.2690277099609,-0.008550345780891977,235.98699035644532,230.8467239379883,0.013023852111622382
304,2016-03-29,226.02178955078125,236.86932373046875,238.1836700439453,233.2005615234375,234.02345275878903,15871250,239.3380126953125,233.24627685546875,235.2578125,239.52088928222656,234.80064392089844,231.8976287841797,0.01553313915164889,236.40072631835938,231.89992141723633,0.012938845612403193
305,2016-03-30,228.37745666503903,239.3380126953125,240.412353515625,238.3436737060547,238.3436737060547,14453294,238.9151306152344,236.86932373046875,233.24627685546875,235.2578125,237.1093292236328,233.0977020263672,0.01042215566779281,236.84646301269532,233.00512084960937,0.012995616467392243
306,2016-03-31,227.97390747070312,238.9151306152344,241.3838348388672,236.05784606933597,237.95509338378903,30833349,236.45787048339844,239.3380126953125,236.86932373046875,233.24627685546875,239.52088928222656,233.2691345214844,-0.0017668822236626136,236.72531127929688,233.902880859375,0.012745896578292698
307,2016-04-01,225.62918090820312,236.45787048339844,239.1665802001953,234.2977600097656,237.52078247070312,12381116,236.5950164794922,238.9151306152344,239.3380126953125,236.86932373046875,235.2578125,233.5548553466797,-0.01028507539689194,236.96532287597657,234.51034088134764,0.012842207991152594
308,2016-04-04,225.76004028320312,236.5950164794922,238.22938537597656,234.3663330078125,237.72650146484372,8632568,234.74349975585935,236.45787048339844,238.9151306152344,239.3380126953125,233.24627685546875,232.24050903320312,0.0005800018236372662,237.63507080078125,234.8937889099121,0.012137184170220668
309,2016-04-05,223.9933319091797,234.74349975585935,238.2751007080078,233.65773010253903,235.749267578125,10259495,236.29786682128903,236.5950164794922,236.45787048339844,238.9151306152344,236.86932373046875,234.80064392089844,-0.007825679302900013,237.20990600585938,235.054940032959,0.012094451260807363
310,2016-04-06,225.47653198242188,236.29786682128903,236.97218322753903,233.7491607666016,235.9207000732422,6990781,237.097900390625,234.74349975585935,236.5950164794922,236.45787048339844,239.3380126953125,237.1093292236328,0.006621555302047888,236.60187683105468,235.3675277709961,0.012040102144224452
311,2016-04-07,226.2399139404297,237.097900390625,239.55517578125,233.63487243652344,236.56072998046875,8789163,236.8921813964844,236.29786682128903,234.74349975585935,236.5950164794922,238.9151306152344,239.52088928222656,0.0033856994991030565,236.23843078613282,235.48467636108398,0.011193060706668147
312,2016-04-08,226.0436248779297,236.8921813964844,241.02952575683597,235.7149810791016,236.789306640625,13411752,237.79507446289065,237.097900390625,236.29786682128903,234.74349975585935,236.45787048339844,235.2578125,-0.0008676542213224003,236.32529296875,235.42353057861328,0.01071560304015564
313,2016-04-11,226.90516662597656,237.79507446289065,238.9837188720703,236.1264190673828,237.04075622558597,10308361,239.4180145263672,236.8921813964844,237.097900390625,236.29786682128903,236.5950164794922,233.24627685546875,0.0038114093132313176,236.5653045654297,235.74983291625978,0.008365757055181954
314,2016-04-12,228.45376586914065,239.4180145263672,241.7152862548828,237.28076171875,237.79507446289065,11164859,243.68109130859372,237.79507446289065,236.8921813964844,237.097900390625,234.74349975585935,236.86932373046875,0.006824952397110229,237.50020751953124,236.12585220336913,0.008449138615418832
315,2016-04-13,232.52163696289065,243.68109130859372,244.56114196777344,240.59523010253903,240.59523010253903,16038542,243.38394165039065,239.4180145263672,237.79507446289065,236.8921813964844,236.29786682128903,239.3380126953125,0.017805998394314848,238.9768524169922,236.65502166748047,0.009169356841195514
316,2016-04-18,232.2380523681641,243.38394165039065,243.8525390625,241.24668884277344,243.6239471435547,19065716,237.1093292236328,243.68109130859372,239.4180145263672,237.79507446289065,237.097900390625,238.9151306152344,-0.0012194202537724186,240.23406066894532,237.16076202392577,0.009196869922686434
317,2016-04-20,226.25082397460935,237.1093292236328,244.4011383056641,236.76644897460935,244.4011383056641,21687934,237.9893798828125,243.38394165039065,243.68109130859372,239.4180145263672,236.8921813964844,236.45787048339844,-0.025780716608538756,240.277490234375,237.33848571777344,0.011122921467742275
318,2016-04-21,227.09054565429688,237.9893798828125,240.4694976806641,236.5835876464844,238.0465240478516,11380697,237.4864959716797,237.1093292236328,243.38394165039065,243.68109130859372,237.79507446289065,236.5950164794922,0.003711581750331039,240.31635131835938,237.6259292602539,0.011033919079753856
319,2016-04-22,226.6107177734375,237.4864959716797,239.4408721923828,235.2806701660156,237.4979248046875,11705087,232.44622802734372,237.9893798828125,237.1093292236328,243.38394165039065,239.4180145263672,234.74349975585935,-0.002113051899124363,239.93004760742187,237.76022186279297,0.010812235096123205
320,2016-04-25,221.80128479003903,232.44622802734372,238.7436981201172,231.39474487304688,238.7436981201172,61157544,232.4576568603516,237.4864959716797,237.9893798828125,237.1093292236328,243.68109130859372,236.29786682128903,-0.021223387560263762,237.68307495117188,237.5270668029785,0.011620106748723269
321,2016-04-26,221.8121795654297,232.4576568603516,234.0463104248047,230.29754638671875,232.10336303710935,26429236,233.01768493652344,232.44622802734372,237.4864959716797,237.9893798828125,243.38394165039065,237.097900390625,4.91676423612919e-05,235.49781799316406,237.17390518188478,0.011328026488826411
322,2016-04-27,222.3465576171875,233.01768493652344,234.5149078369141,232.24050903320312,232.67481994628903,14502641,227.828857421875,232.4576568603516,232.44622802734372,237.4864959716797,237.1093292236328,236.8921813964844,0.0024091616672721194,234.6794891357422,237.06189880371093,0.010673947986936784
323,2016-04-28,217.3953399658203,227.828857421875,232.9719696044922,226.51449584960935,231.7833404541016,61949033,224.62869262695312,233.01768493652344,232.4576568603516,232.44622802734372,237.9893798828125,237.79507446289065,-0.022267955825163832,232.6473846435547,236.79102783203126,0.011622224615894745
324,2016-04-29,214.34173583984372,224.62869262695312,228.25173950195312,223.74864196777344,227.08595275878903,23479680,225.6001739501953,227.828857421875,233.01768493652344,232.4576568603516,237.4864959716797,239.4180145263672,-0.014046354053367627,230.07582397460936,236.17899627685546,0.01126958794747239
325,2016-05-02,215.2687225341797,225.6001739501953,226.845947265625,223.55435180664065,223.78292846679688,10620873,223.0514678955078,224.62869262695312,227.828857421875,233.01768493652344,232.44622802734372,243.68109130859372,0.004324831845304633,228.70661315917968,235.49210433959962,0.010977786244932576
326,2016-05-03,212.8367462158203,223.0514678955078,227.4288330078125,222.3542938232422,225.84017944335935,17571826,223.57720947265625,225.6001739501953,224.62869262695312,227.828857421875,232.4576568603516,243.38394165039065,-0.011297447205205424,226.82537536621095,234.69892120361328,0.01113207260963878
327,2016-05-04,213.33839416503903,223.57720947265625,224.85726928710935,222.41143798828125,222.6514434814453,13546285,222.92575073242188,223.0514678955078,225.6001739501953,224.62869262695312,233.01768493652344,237.1093292236328,0.0023570415478939566,224.9372802734375,234.05488815307618,0.01107755047137259
328,2016-05-05,212.71676635742188,222.92575073242188,224.8001251220703,221.9314117431641,224.0115203857422,21665684,221.4856719970703,223.57720947265625,223.0514678955078,225.6001739501953,227.828857421875,237.9893798828125,-0.0029137976172569635,223.95665893554687,233.37142486572264,0.01104998620765407
329,2016-05-06,211.34263610839844,221.4856719970703,223.2800445556641,221.03993225097656,222.41143798828125,14748329,224.7201232910156,222.92575073242188,223.57720947265625,223.0514678955078,224.62869262695312,237.4864959716797,-0.006459903042246973,223.32805480957032,232.7085334777832,0.011022211388715985
330,2016-05-09,214.42898559570312,224.7201232910156,225.3830108642578,222.36572265625,222.8686065673828,15347096,224.5944061279297,221.4856719970703,222.92575073242188,223.57720947265625,225.6001739501953,232.44622802734372,0.01460343355297522,223.15204467773438,232.12964630126953,0.011516420842849711
331,2016-05-10,214.3090057373047,224.5944061279297,225.0858612060547,223.55435180664065,224.7201232910156,7248302,222.9600372314453,224.7201232910156,221.4856719970703,222.92575073242188,223.0514678955078,232.4576568603516,-0.0005594388310435905,223.46063232421875,231.50447158813478,0.011444853085702974
332,2016-05-11,212.7494659423828,222.9600372314453,224.18295288085935,221.7256774902344,222.1371307373047,12339923,226.9373779296875,224.5944061279297,224.7201232910156,221.4856719970703,223.57720947265625,233.01768493652344,-0.007276979532399586,223.33719787597656,230.8078643798828,0.011482210356060162
333,2016-05-12,216.5446929931641,226.9373779296875,227.2574005126953,222.88003540039065,223.09718322753903,12786216,223.5886383056641,222.9600372314453,224.5944061279297,224.7201232910156,222.92575073242188,227.828857421875,0.01783880531968829,224.1395233154297,230.26497955322264,0.012315944428333782
334,2016-05-13,213.34930419921875,223.5886383056641,226.42306518554688,222.8686065673828,226.0573272705078,14648291,223.08575439453125,226.9373779296875,222.9600372314453,224.5944061279297,221.4856719970703,224.62869262695312,-0.014756227707279468,224.56011657714845,229.4735107421875,0.01242287149204117
335,2016-05-16,212.8694610595703,223.08575439453125,224.58297729492188,221.9771270751953,223.3257598876953,9327335,221.5313873291016,223.5886383056641,226.9373779296875,222.9600372314453,224.7201232910156,225.6001739501953,-0.002249147876849489,224.23324279785157,228.44374389648436,0.011392804409721452
336,2016-05-17,211.38629150390625,221.5313873291016,224.7201232910156,220.891357421875,224.06866455078125,12157600,221.85140991210935,223.08575439453125,223.5886383056641,226.9373779296875,224.5944061279297,223.0514678955078,-0.006967576525216956,223.62063903808593,227.35111618041992,0.011382345065559128
337,2016-05-18,211.69161987304688,221.85140991210935,222.2971343994141,220.3770446777344,220.7884979248047,8228838,217.4283142089844,221.5313873291016,223.08575439453125,223.5886383056641,222.9600372314453,223.57720947265625,0.0014445925106421065,223.39891357421874,226.58822021484374,0.010295971854604385
338,2016-05-19,207.4710998535156,217.4283142089844,222.1599884033203,216.14825439453125,222.11427307128903,9134784,213.5424041748047,221.85140991210935,221.5313873291016,223.08575439453125,226.9373779296875,222.92575073242188,-0.01993719897870938,221.49710083007812,225.56016693115234,0.010797760163086154
339,2016-05-20,203.7631378173828,213.5424041748047,218.18264770507807,212.8909454345703,217.61119079589844,18544619,212.5823516845703,217.4283142089844,221.85140991210935,221.5313873291016,223.5886383056641,221.4856719970703,-0.017872143507697502,219.48785400390625,224.3629623413086,0.01118610682895315
340,2016-05-23,202.8470764160156,212.5823516845703,215.0281982421875,211.5880126953125,214.26243591308597,18365734,214.97105407714844,213.5424041748047,217.4283142089844,221.85140991210935,223.08575439453125,224.7201232910156,-0.0044958400367567375,217.38717346191407,223.36976852416993,0.010534520108588543
341,2016-05-24,205.1263732910156,214.97105407714844,215.7825164794922,212.13661193847656,212.13661193847656,12283217,217.4283142089844,212.5823516845703,213.5424041748047,217.4283142089844,221.5313873291016,224.5944061279297,0.011236597834435758,216.07510681152343,222.49543838500978,0.01106696833868332
342,2016-05-25,207.4710998535156,217.4283142089844,217.79405212402344,215.1310577392578,217.11973571777344,9240115,216.43397521972656,214.97105407714844,212.5823516845703,213.5424041748047,221.85140991210935,222.9600372314453,0.01143065582659375,215.19048767089845,221.71596984863282,0.011510239587007589
343,2016-05-26,206.52230834960935,216.43397521972656,217.7026214599609,215.8053741455078,217.15402221679688,14190024,222.80001831054688,217.4283142089844,214.97105407714844,212.5823516845703,217.4283142089844,226.9373779296875,-0.00457318078777047,214.9916198730469,221.1462257385254,0.010629421626641534
344,2016-05-27,212.5968170166016,222.80001831054688,223.3029022216797,216.8682861328125,216.93685913085935,13401594,221.42852783203125,216.43397521972656,217.4283142089844,214.97105407714844,213.5424041748047,223.5886383056641,0.029413326093361336,216.8431427001953,221.05479202270507,0.012435407961670097
345,2016-05-30,211.28811645507807,221.42852783203125,224.35438537597656,220.582763671875,223.1886138916016,9633652,218.94839477539065,222.80001831054688,216.43397521972656,217.4283142089844,212.5823516845703,223.08575439453125,-0.006155701821370596,218.6123779296875,220.84620971679686,0.012449503163979388
346,2016-05-31,208.9215545654297,218.94839477539065,222.41143798828125,218.6398162841797,221.49710083007807,23332727,217.97691345214844,221.42852783203125,222.80001831054688,216.43397521972656,214.97105407714844,221.5313873291016,-0.0112006031062174,219.40784606933593,220.64105606079102,0.0124452477835625
347,2016-06-01,207.99456787109372,217.97691345214844,220.83421325683597,217.5654754638672,218.97125244140625,9042808,218.5826568603516,218.94839477539065,221.42852783203125,222.80001831054688,217.4283142089844,221.85140991210935,-0.004437033321202488,219.51756591796874,220.3610412597656,0.012445692545298474
348,2016-06-02,208.57260131835935,218.5826568603516,218.78839111328125,216.03396606445312,218.18264770507807,10253825,219.3598480224609,217.97691345214844,218.94839477539065,221.42852783203125,216.43397521972656,217.4283142089844,0.00277893378069205,219.94730224609376,220.1438865661621,0.012469373693569938
349,2016-06-03,209.3141632080078,219.3598480224609,220.1027374267578,218.49122619628903,219.4398498535156,8643295,218.251220703125,218.5826568603516,217.97691345214844,218.94839477539065,222.80001831054688,213.5424041748047,0.00355559390334359,219.25926818847657,220.03759536743163,0.01243581318929245
350,2016-06-06,208.25631713867188,218.251220703125,220.12559509277344,217.7369079589844,219.66842651367188,8672842,218.3083648681641,219.3598480224609,218.5826568603516,217.97691345214844,221.42852783203125,212.5823516845703,-0.005053920894503849,218.62380676269532,219.71415023803712,0.01195434912604244
351,2016-06-07,208.31085205078125,218.3083648681641,219.6569976806641,217.51974487304688,218.81124877929688,18954268,218.0912170410156,218.251220703125,219.3598480224609,218.5826568603516,218.94839477539065,214.97105407714844,0.0002618274704488943,218.49580078125,219.39984817504882,0.011958768578453636
352,2016-06-08,208.1036376953125,218.0912170410156,218.9826812744141,216.959716796875,218.9826812744141,12135516,221.98855590820312,218.3083648681641,218.251220703125,219.3598480224609,217.97691345214844,217.4283142089844,-0.0009946839521226547,218.51866149902344,219.15640716552736,0.011877143321438698
353,2016-06-09,211.82249450683597,221.98855590820312,223.20004272460935,218.57122802734372,219.4398498535156,15643495,223.25718688964844,218.0912170410156,218.3083648681641,218.251220703125,218.5826568603516,216.43397521972656,0.017870223845165567,219.19984130859376,218.90896606445312,0.011879773060839682
354,2016-06-10,213.0330352783203,223.25718688964844,225.0172882080078,221.33709716796875,222.6400146484375,16316760,224.2629547119141,221.98855590820312,218.0912170410156,218.3083648681641,219.3598480224609,222.80001831054688,0.005714848570707032,219.97930908203125,218.89239349365235,0.011511525928396023
355,2016-06-13,213.9927215576172,224.2629547119141,224.8001251220703,220.13702392578125,221.70281982421875,10214469,223.15432739257807,223.25718688964844,221.98855590820312,218.0912170410156,218.251220703125,221.42852783203125,0.004504974000065554,221.18165588378906,218.95125350952148,0.011541458922517615
356,2016-06-14,212.9348907470703,223.15432739257807,225.2458648681641,221.565673828125,224.22866821289065,10923848,225.06300354003903,224.2629547119141,223.25718688964844,221.98855590820312,218.3083648681641,218.94839477539065,-0.0049434259918681445,222.15084838867188,219.03240051269532,0.01148285952038735
357,2016-06-15,214.75616455078125,225.06300354003903,225.49729919433597,222.58287048339844,224.0115203857422,11129082,223.16575622558597,223.15432739257807,224.2629547119141,223.25718688964844,218.0912170410156,217.97691345214844,0.008553166634780007,223.54520568847656,219.1929801940918,0.011625136369873265
358,2016-06-16,212.94577026367188,223.16575622558597,224.8458404541016,221.0513610839844,224.24009704589844,9372207,222.84573364257807,225.06300354003903,223.15432739257807,224.2629547119141,221.98855590820312,218.5826568603516,-0.008429849795884126,223.78064575195313,219.47985229492187,0.010801231028444911
359,2016-06-17,212.64041137695312,222.84573364257807,223.7029266357422,221.74853515625,223.3257598876953,10534878,226.3430633544922,223.16575622558597,225.06300354003903,223.15432739257807,223.25718688964844,219.3598480224609,-0.0014340129436543059,223.698355102539,219.94501876831055,0.00984390103582758
360,2016-06-20,215.9775848388672,226.3430633544922,226.89166259765625,221.26852416992188,222.21713256835935,10758608,225.63446044921875,222.84573364257807,223.16575622558597,225.06300354003903,224.2629547119141,218.251220703125,0.015693949597991752,224.11437683105464,220.63305435180663,0.010153610068756293
361,2016-06-21,215.30142211914065,225.63446044921875,227.2459716796875,223.9429473876953,227.2345428466797,13933068,224.1258087158203,226.3430633544922,222.84573364257807,223.16575622558597,223.15432739257807,218.3083648681641,-0.003130658809559539,224.61040344238282,221.16622467041014,0.010062149745684054
362,2016-06-22,213.86187744140625,224.1258087158203,225.3601531982422,223.3486175537109,225.1544342041016,12788710,224.1143798828125,225.63446044921875,226.3430633544922,222.84573364257807,225.06300354003903,218.0912170410156,-0.006686264723902768,224.42296447753907,221.50109939575196,0.010028557222887629
363,2016-06-23,213.85096740722656,224.1143798828125,224.4686737060547,221.7256774902344,224.0000915527344,9837526,217.48545837402344,224.1258087158203,225.63446044921875,226.3430633544922,223.16575622558597,221.98855590820312,-5.099293594656995e-05,224.61268920898436,221.88511962890624,0.009933397958334698
364,2016-06-24,207.525634765625,217.48545837402344,220.55990600585935,213.3595428466797,220.55990600585935,24985097,218.4455108642578,224.1143798828125,224.1258087158203,225.63446044921875,222.84573364257807,223.25718688964844,-0.02957829619079,223.54063415527344,221.61939163208007,0.010057393118877492
365,2016-06-27,208.44171142578125,218.4455108642578,219.07411193847656,214.98248291015625,214.98248291015625,9163399,218.9369659423828,217.48545837402344,224.1143798828125,224.1258087158203,226.3430633544922,224.2629547119141,0.004414329571328368,221.96112365722655,221.4702407836914,0.01005867408414547
366,2016-06-28,208.91064453125,218.9369659423828,219.79415893554688,218.29693603515625,218.6169586181641,7604977,221.0170745849609,218.4455108642578,217.48545837402344,224.1143798828125,225.63446044921875,223.15432739257807,0.0022497833724328675,220.6216247558594,221.46966934204102,0.009759908645401803
367,2016-06-29,210.8954925537109,221.0170745849609,221.4856719970703,219.4398498535156,219.8970184326172,7523987,221.5313873291016,218.9369659423828,218.4455108642578,217.48545837402344,224.1258087158203,225.06300354003903,0.009500947606652765,219.9998779296875,221.62167739868164,0.00991949523943682
368,2016-06-30,211.38629150390625,221.5313873291016,223.4400634765625,221.0513610839844,222.18284606933597,12758283,222.5142974853516,221.0170745849609,218.9369659423828,218.4455108642578,224.1143798828125,223.16575622558597,0.0023270271996247427,219.4832794189453,221.76911392211915,0.0099151196724576
369,2016-07-01,212.3241729736328,222.5142974853516,223.2800445556641,221.7256774902344,222.3542938232422,6610193,225.5430145263672,221.5313873291016,221.0170745849609,218.9369659423828,217.48545837402344,222.84573364257807,0.004436888912674908,220.48904724121093,221.92683639526368,0.009930344473898827
370,2016-07-04,215.2141876220703,225.5430145263672,227.1202392578125,222.9828948974609,222.9828948974609,7803505,227.0059509277344,222.5142974853516,221.5313873291016,221.0170745849609,218.4455108642578,226.3430633544922,0.013611336778100558,221.9085479736328,222.2914260864258,0.010227698216329496
371,2016-07-05,216.6101226806641,227.0059509277344,229.24606323242188,224.08009338378903,225.40586853027344,11359882,225.81732177734372,225.5430145263672,222.5142974853516,221.5313873291016,218.9369659423828,225.63446044921875,0.006486285573682471,223.52234497070313,222.7263053894043,0.010276393934711525
372,2016-07-07,215.47592163085935,225.81732177734372,228.6974639892578,225.41729736328125,226.86880493164065,12029091,223.64578247070312,227.0059509277344,225.5430145263672,222.5142974853516,221.0170745849609,224.1258087158203,-0.005236114496263045,224.48239440917968,223.11261062622071,0.010384765990816067
373,2016-07-08,213.40386962890625,223.64578247070312,226.0687561035156,223.17718505859372,225.61160278320312,7140617,226.86880493164065,225.81732177734372,227.0059509277344,225.5430145263672,221.5313873291016,224.1143798828125,-0.009616354004861272,224.9052734375,223.1954719543457,0.009955118876440303
374,2016-07-11,216.479248046875,226.86880493164065,227.4288330078125,225.2687225341797,226.5259246826172,8266601,229.36036682128903,223.64578247070312,225.81732177734372,227.0059509277344,222.5142974853516,217.48545837402344,0.01441128209676723,225.77617492675782,223.3760528564453,0.010379467109404933
375,2016-07-12,218.85671997070312,229.36036682128903,229.72608947753903,226.5259246826172,227.49740600585935,9767494,230.58328247070312,226.86880493164065,223.64578247070312,225.81732177734372,225.5430145263672,218.4455108642578,0.010982390859770819,226.53964538574218,223.63092346191405,0.010598132069584402
376,2016-07-13,220.02362060546875,230.58328247070312,232.4005126953125,229.53179931640625,229.7718048095703,14915296,229.70323181152344,229.36036682128903,226.86880493164065,223.64578247070312,227.0059509277344,218.9369659423828,0.005331852518211777,227.25511169433594,224.00237121582032,0.010534629046287323
377,2016-07-14,219.1838531494141,229.70323181152344,231.8061981201172,228.1831512451172,230.4347076416016,10758372,231.37188720703125,230.58328247070312,229.36036682128903,226.86880493164065,225.81732177734372,221.0170745849609,-0.003816628203701211,228.03229370117188,224.23438262939453,0.01047353676158546
378,2016-07-15,220.776123046875,231.37188720703125,233.3834228515625,229.3832244873047,230.6404266357422,13992989,230.01182556152344,229.70323181152344,230.58328247070312,229.36036682128903,223.64578247070312,221.5313873291016,0.007264396684139696,229.5775146484375,224.6446891784668,0.010310718519850265
379,2016-07-18,219.4783477783203,230.01182556152344,237.44078063964844,228.9832000732422,234.98350524902344,32106850,232.65196228027344,231.37188720703125,229.70323181152344,230.58328247070312,226.86880493164065,222.5142974853516,-0.005878249349675069,230.20611877441405,225.00299377441405,0.010432571880609474
380,2016-07-19,221.99757385253903,232.65196228027344,233.82916259765625,227.5088348388672,229.9546813964844,16649300,233.8405914306641,230.01182556152344,231.37188720703125,229.70323181152344,229.36036682128903,225.5430145263672,0.011478265138345378,230.86443786621095,225.3184387207031,0.010172943732321912
381,2016-07-20,223.1317596435547,233.8405914306641,235.0520782470703,232.36622619628903,233.14341735839844,12265316,230.03468322753903,232.65196228027344,230.01182556152344,231.37188720703125,230.58328247070312,227.0059509277344,0.005109044165115373,231.51589965820312,225.7287452697754,0.010145544541690608
382,2016-07-21,219.5001678466797,230.03468322753903,234.2977600097656,229.72608947753903,234.0691680908203,6711097,231.97764587402344,233.8405914306641,232.65196228027344,230.01182556152344,229.70323181152344,225.81732177734372,-0.016275652485481906,231.58218994140626,226.02418899536133,0.010776520822911945
383,2016-07-22,221.3541259765625,231.97764587402344,232.65196228027344,229.7489471435547,229.9546813964844,6899519,233.783447265625,230.03468322753903,233.8405914306641,232.65196228027344,231.37188720703125,223.64578247070312,0.008446389993123526,231.70334167480468,226.41735229492187,0.010885024821801424
384,2016-07-25,223.0772399902344,233.783447265625,234.01202392578125,230.2632598876953,231.7833404541016,8241568,234.08059692382807,231.97764587402344,230.03468322753903,233.8405914306641,230.01182556152344,226.86880493164065,0.007784376743706689,232.457666015625,227.23225173950195,0.008058732027940083
385,2016-07-26,223.3607940673828,234.08059692382807,236.53787231445312,232.05764770507807,233.8405914306641,10516399,231.5776214599609,233.783447265625,231.97764587402344,230.03468322753903,232.65196228027344,229.36036682128903,0.0012710466103507123,232.74339294433594,228.01400604248047,0.008073689986630115
386,2016-07-27,220.97244262695312,231.5776214599609,234.52633666992188,230.6289978027344,233.85202026367188,11030767,234.60633850097656,234.08059692382807,233.783447265625,231.97764587402344,233.8405914306641,230.58328247070312,-0.010692793408595302,232.29079895019532,228.6460388183594,0.008674922493330978
387,2016-07-28,223.8624420166016,234.60633850097656,235.55496215820312,231.56619262695312,232.00050354003903,15610838,231.98907470703125,231.5776214599609,234.08059692382807,233.783447265625,230.03468322753903,229.70323181152344,0.013078625740783556,233.20513000488282,229.32550201416015,0.008854399990661005
388,2016-07-29,221.3650360107422,231.98907470703125,234.27490234375,231.326171875,234.0691680908203,9629597,230.7547149658203,234.60633850097656,231.5776214599609,234.08059692382807,231.97764587402344,231.37188720703125,-0.011155980740624405,233.20741577148436,229.84838638305663,0.009406424639603755
389,2016-08-01,220.18722534179688,230.7547149658203,233.22341918945312,229.73751831054688,232.6976776123047,7978251,231.5090484619141,231.98907470703125,234.60633850097656,231.5776214599609,233.783447265625,230.01182556152344,-0.005320766690283807,232.60166931152344,230.2604072570801,0.009544578356797284
390,2016-08-02,220.9070281982422,231.5090484619141,233.15484619140625,230.02325439453125,230.41184997558597,7710138,227.20025634765625,230.7547149658203,231.98907470703125,234.60633850097656,234.08059692382807,232.65196228027344,0.0032689841081059434,232.0873596191406,230.55870895385743,0.009146436042424457
391,2016-08-03,216.7955474853516,227.20025634765625,231.8747711181641,226.6402282714844,231.8747711181641,11872282,226.98309326171875,231.5090484619141,230.7547149658203,231.98907470703125,231.5776214599609,233.8405914306641,-0.018611765470439856,231.21188659667968,230.56842422485352,0.01007833480875636
392,2016-08-04,216.58831787109372,226.98309326171875,228.5831756591797,224.7886962890625,228.35459899902344,10187608,232.2976531982422,227.20025634765625,231.5090484619141,230.7547149658203,234.60633850097656,230.03468322753903,-0.0009558223631808138,229.68723754882814,230.62671279907227,0.010004431794828844
393,2016-08-05,221.65948486328125,232.2976531982422,232.9262542724609,227.9088592529297,228.12600708007807,12109001,235.2692413330078,226.98309326171875,227.20025634765625,231.5090484619141,231.98907470703125,231.97764587402344,0.023413902155239308,229.74895324707032,231.0593063354492,0.010960968866223539
394,2016-08-08,224.49497985839844,235.2692413330078,236.35501098632807,232.84625244140625,233.13198852539065,13556347,235.6006774902344,232.2976531982422,226.98309326171875,227.20025634765625,230.7547149658203,233.783447265625,0.012792157362991885,230.6518585205078,231.47932815551758,0.010869738765185022
395,2016-08-09,224.81126403808597,235.6006774902344,236.46929931640625,233.3834228515625,234.7549285888672,13290768,229.41751098632807,235.2692413330078,232.2976531982422,226.98309326171875,231.5090484619141,234.08059692382807,0.0014087526076451695,231.47018432617188,231.79134368896484,0.01065629656379948
396,2016-08-10,218.9112701416016,229.41751098632807,236.4807281494141,229.04034423828125,235.72640991210935,13471958,231.8061981201172,235.6006774902344,235.2692413330078,232.2976531982422,227.20025634765625,231.5776214599609,-0.026244264531720685,231.91363525390625,231.7330551147461,0.012260936646360682
397,2016-08-11,221.1905517578125,231.8061981201172,233.80630493164065,228.4917449951172,229.02891540527344,14169454,236.76644897460935,229.41751098632807,235.6006774902344,235.2692413330078,226.98309326171875,234.60633850097656,0.010411965170049609,232.87825622558594,231.83820343017578,0.01245026737550166
398,2016-08-12,225.9236297607422,236.76644897460935,238.389404296875,232.46908569335935,232.46908569335935,16365425,234.27490234375,231.8061981201172,229.41751098632807,235.6006774902344,232.2976531982422,231.98907470703125,0.021398266719002246,233.7720153808594,232.1079315185547,0.013229410184273314
399,2016-08-16,223.5462188720703,234.27490234375,238.82369995117188,232.126220703125,236.86932373046875,13367575,231.6233367919922,236.76644897460935,231.8061981201172,229.41751098632807,235.2692413330078,230.7547149658203,-0.01052322506693737,233.57314758300782,232.32108535766602,0.013400549151503417
400,2016-08-17,221.01605224609372,231.6233367919922,235.16636657714844,230.22897338867188,234.09202575683597,15486572,232.7091064453125,234.27490234375,236.76644897460935,231.8061981201172,235.6006774902344,231.5090484619141,-0.011318180160276747,232.77767944335938,232.26965408325196,0.013432217875548288
401,2016-08-18,222.05210876464844,232.7091064453125,233.9891662597656,232.24050903320312,232.24050903320312,7749690,231.98907470703125,231.6233367919922,234.27490234375,236.76644897460935,229.41751098632807,227.20025634765625,0.004687652239011575,233.43599853515624,232.21307983398438,0.013423885882188864
402,2016-08-19,221.3650360107422,231.98907470703125,233.6120147705078,230.20611572265625,232.6976776123047,8177802,231.29188537597656,232.7091064453125,231.6233367919922,234.27490234375,231.8061981201172,226.98309326171875,-0.003094127897613874,233.47257385253906,232.310799407959,0.012904378751974172
403,2016-08-22,220.6997985839844,231.29188537597656,233.08627319335935,230.22897338867188,231.326171875,6684236,230.9718780517578,231.98907470703125,232.7091064453125,231.6233367919922,236.76644897460935,232.2976531982422,-0.003005267950377144,232.3776611328125,232.27651138305663,0.012786862806324593
404,2016-08-23,220.3944549560547,230.9718780517578,232.01193237304688,229.72608947753903,231.326171875,7320433,233.2691345214844,231.29188537597656,231.98907470703125,232.7091064453125,234.27490234375,235.2692413330078,-0.0013835648565818648,231.71705627441406,232.13593292236328,0.012654100816807231
405,2016-08-24,222.5864715576172,233.2691345214844,233.6005859375,231.09759521484372,231.25759887695312,8719596,231.48619079589844,230.9718780517578,231.29188537597656,231.98907470703125,231.6233367919922,235.6006774902344,0.009946044034035095,232.0462158203125,232.0953598022461,0.012865944092490608
406,2016-08-25,220.8852081298828,231.48619079589844,235.21209716796875,230.6404266357422,233.42913818359372,14960746,234.9606475830078,233.2691345214844,230.9718780517578,231.29188537597656,232.7091064453125,229.41751098632807,-0.007643290353193999,231.8016326904297,232.09078826904297,0.012751297434266907
407,2016-08-26,224.2005157470703,234.9606475830078,235.62353515625,231.9204864501953,232.67481994628903,9639663,241.7152862548828,231.48619079589844,233.2691345214844,230.9718780517578,231.98907470703125,231.8061981201172,0.015009347966560949,232.395947265625,232.10850372314454,0.012861893489088254
408,2016-08-29,230.6458740234375,241.7152862548828,242.24102783203125,234.5491943359375,234.81207275390625,16193208,243.7611083984375,234.9606475830078,231.48619079589844,233.2691345214844,231.29188537597656,236.76644897460935,0.028747957333956187,234.48062744140626,232.5948143005371,0.014054811948139796
409,2016-08-30,232.59796142578125,243.7611083984375,244.2411193847656,240.69808959960935,242.75534057617188,18170724,242.2981719970703,241.7152862548828,234.9606475830078,231.48619079589844,230.9718780517578,234.27490234375,0.0084637681598565,237.0384735107422,233.24513397216796,0.014007119802084547
410,2016-08-31,231.2020263671875,242.2981719970703,245.4983367919922,239.3265838623047,243.4182281494141,23295502,235.2578125,243.7611083984375,241.7152862548828,234.9606475830078,233.2691345214844,231.6233367919922,-0.006001516857955691,238.8442810058594,233.7845901489258,0.014144836348109192
411,2016-09-01,224.48410034179688,235.2578125,245.2126007080078,234.457763671875,240.69808959960935,42621045,231.634765625,242.2981719970703,243.7611083984375,241.7152862548828,231.48619079589844,232.7091064453125,-0.029056593531194497,239.59860534667968,234.18746795654297,0.015119691361819078
412,2016-09-02,221.02696228027344,231.634765625,236.0235595703125,229.10891723632807,235.69210815429688,28124615,233.13198852539065,235.2578125,242.2981719970703,243.7611083984375,234.9606475830078,231.98907470703125,-0.015400325440839469,238.9334289550781,234.42005157470703,0.015598318260696206
413,2016-09-06,222.45559692382807,233.13198852539065,234.2977600097656,232.01193237304688,233.13198852539065,11510431,232.61767578125,231.634765625,235.2578125,242.2981719970703,241.7152862548828,231.29188537597656,0.006463722733290211,237.21676940917968,234.46176834106444,0.014761917616203348
414,2016-09-07,221.96487426757807,232.61767578125,234.766357421875,231.56619262695312,233.6120147705078,12927438,236.2178497314453,233.13198852539065,231.634765625,235.2578125,243.7611083984375,230.9718780517578,-0.002206101133498617,234.9880828857422,234.32919006347657,0.014471093069167395
415,2016-09-08,225.40011596679688,236.2178497314453,236.80075073242188,233.2005615234375,233.85202026367188,12206479,238.7665557861328,232.61767578125,233.13198852539065,231.634765625,242.2981719970703,233.2691345214844,0.015476785837980955,233.7720184326172,234.36004867553712,0.014902537941708335
416,2016-09-09,227.8321533203125,238.7665557861328,239.98947143554688,235.440673828125,236.5835876464844,15269894,239.21229553222656,236.2178497314453,232.61767578125,233.13198852539065,235.2578125,231.48619079589844,0.010789642093453677,234.47376708984376,234.82750091552734,0.013690551909454608
417,2016-09-12,228.2574615478516,239.21229553222656,241.3838348388672,235.2463836669922,235.5321044921875,33684893,238.8122711181641,238.7665557861328,236.2178497314453,232.61767578125,231.634765625,234.9606475830078,0.0018668433048596444,235.98927307128906,235.19780578613282,0.01354972345300559
418,2016-09-14,227.87576293945312,238.8122711181641,242.069580078125,237.93223571777344,239.55517578125,18604842,243.4410858154297,239.21229553222656,238.7665557861328,236.2178497314453,233.13198852539065,241.7152862548828,-0.0016722569095892759,237.12532958984374,235.30009689331055,0.01273874853126886
419,2016-09-15,232.2926025390625,243.4410858154297,244.6297149658203,239.3265838623047,239.3265838623047,31371009,245.8526306152344,238.8122711181641,239.21229553222656,238.7665557861328,232.61767578125,243.7611083984375,0.019382650127619527,239.29001159667968,235.75840606689454,0.01312515249249626
420,2016-09-16,234.5937347412109,245.8526306152344,250.03570556640625,242.09243774414065,243.89825439453125,39324529,247.41842651367188,243.4410858154297,238.8122711181641,239.21229553222656,236.2178497314453,242.2981719970703,0.009906071490467738,241.2169677734375,236.46987075805663,0.012846499917915808
421,2016-09-19,236.0878143310547,247.41842651367188,248.6985015869141,244.8125915527344,245.16688537597656,16678060,245.54405212402344,245.8526306152344,243.4410858154297,238.8122711181641,238.7665557861328,235.2578125,0.006368839310440411,242.9473419189453,237.2053367614746,0.012863173607288482
422,2016-09-20,234.29928588867188,245.54405212402344,247.95559692382807,244.36685180664065,247.7841644287109,11531268,245.0983123779297,247.41842651367188,245.8526306152344,243.4410858154297,239.21229553222656,231.634765625,-0.007575726739757815,244.21369323730468,237.88308563232422,0.013015765284225071
423,2016-09-21,233.8739471435547,245.0983123779297,247.9898834228516,244.3554229736328,245.4983367919922,10943394,248.9156494140625,245.54405212402344,247.41842651367188,245.8526306152344,238.8122711181641,233.13198852539065,-0.0018153147764646826,245.4709014892578,238.5734069824219,0.01298992972920164
424,2016-09-22,237.51644897460935,248.9156494140625,250.4814453125,246.6412506103516,247.5555877685547,18761415,252.0815277099609,245.0983123779297,245.54405212402344,247.41842651367188,243.4410858154297,232.61767578125,0.015574717749368583,246.56581420898436,239.4705955505371,0.013240926730338314
425,2016-09-23,240.537353515625,252.0815277099609,253.6016082763672,248.9270782470703,248.9270782470703,31085948,253.08729553222656,248.9156494140625,245.0983123779297,245.54405212402344,245.8526306152344,236.2178497314453,0.012718679212619932,247.81159362792968,240.41121520996094,0.01332258058654799
426,2016-09-26,241.49708557128903,253.08729553222656,258.1961364746094,251.49864196777344,252.2186737060547,38213411,253.84161376953125,252.0815277099609,248.9156494140625,245.0983123779297,247.41842651367188,238.7665557861328,0.003989851344533557,248.94536743164062,241.49127044677735,0.013039817042684991
427,2016-09-27,242.2168426513672,253.84161376953125,257.37322998046875,252.9501495361328,255.3274078369141,19374535,249.3042449951172,253.08729553222656,252.0815277099609,248.9156494140625,245.54405212402344,239.21229553222656,0.0029804666240491606,250.6048797607422,242.43531875610353,0.012807415320460359
428,2016-09-28,237.8872833251953,249.3042449951172,253.2701568603516,248.30990600585935,253.24729919433597,24820234,245.1440277099609,253.84161376953125,253.08729553222656,252.0815277099609,245.0983123779297,238.8122711181641,-0.017874802744256235,251.4460662841797,242.81476669311525,0.01228879927724658
429,2016-09-29,233.9175720214844,245.1440277099609,253.8987579345703,243.98968505859372,250.298583984375,21260295,247.7155914306641,249.3042449951172,253.84161376953125,253.08729553222656,248.9156494140625,243.4410858154297,-0.01668731025914849,250.69174194335938,242.8839126586914,0.012826610832014949
430,2016-09-30,236.37136840820312,247.7155914306641,250.1957244873047,243.7382354736328,244.1268310546875,11199883,249.315673828125,245.1440277099609,249.3042449951172,253.84161376953125,252.0815277099609,245.8526306152344,0.010490011707508184,249.8185546875,243.1547836303711,0.012925739257378908
431,2016-10-03,237.89816284179688,249.315673828125,253.25872802734372,246.0126495361328,248.46990966796875,18125170,250.60716247558597,247.7155914306641,245.1440277099609,249.3042449951172,253.08729553222656,247.41842651367188,0.006459352793337425,249.0642303466797,243.85767669677733,0.010820412406779218
432,2016-10-04,239.13052368164065,250.60716247558597,253.33872985839844,249.61282348632807,249.85284423828125,13113580,249.0185089111328,249.315673828125,247.7155914306641,245.1440277099609,253.84161376953125,245.54405212402344,0.00518013419545893,248.41734008789064,244.80629653930663,0.009923712106626521
433,2016-10-05,237.6146240234375,249.0185089111328,252.9272918701172,248.19561767578125,252.3558349609375,10789932,253.9102020263672,250.60716247558597,249.315673828125,247.7155914306641,249.3042449951172,245.0983123779297,-0.006339218515384326,248.36019287109374,245.60062255859376,0.010165782843721676
434,2016-10-06,242.2823028564453,253.9102020263672,257.4418029785156,249.61282348632807,249.61282348632807,21111045,253.49874877929688,249.0185089111328,250.60716247558597,249.315673828125,245.1440277099609,248.9156494140625,0.01964389368735664,250.113427734375,246.6652488708496,0.010697368542756925
435,2016-10-07,241.88967895507807,253.49874877929688,256.7103271484375,252.9272918701172,254.64166259765625,15280380,250.60716247558597,253.9102020263672,249.0185089111328,250.60716247558597,247.7155914306641,252.0815277099609,-0.0016204675660397294,251.27005920410156,247.5292938232422,0.01044950576709526
436,2016-10-10,239.13052368164065,250.60716247558597,256.4703369140625,250.0699920654297,254.64166259765625,11553662,241.64671325683597,253.49874877929688,253.9102020263672,249.0185089111328,249.315673828125,253.08729553222656,-0.011406708386669018,251.52835693359376,248.12132415771484,0.010816674309361365
437,2016-10-13,230.58042907714844,241.64671325683597,248.93850708007807,240.4694976806641,248.9270782470703,21938040,246.3326568603516,250.60716247558597,253.49874877929688,253.9102020263672,250.60716247558597,253.84161376953125,-0.035754960593446405,249.73626708984375,248.2430450439453,0.013791035781096727
438,2016-10-14,235.05172729492188,246.3326568603516,247.32699584960935,242.67532348632807,242.98391723632807,15265659,242.44674682617188,241.64671325683597,250.60716247558597,253.49874877929688,249.0185089111328,249.3042449951172,0.019391712555739016,249.1990966796875,248.6190643310547,0.014399472210388644
439,2016-10-17,231.34381103515625,242.44674682617188,247.05270385742188,242.01243591308597,246.8698272705078,9826781,247.12127685546875,246.3326568603516,241.64671325683597,250.60716247558597,253.9102020263672,245.1440277099609,-0.015775050225608878,246.90640563964843,248.5693473815918,0.014266219274543142
440,2016-10-18,235.8042755126953,247.12127685546875,247.4984436035156,242.7667694091797,243.66966247558597,11073137,248.54991149902344,242.44674682617188,246.3326568603516,241.64671325683597,253.49874877929688,247.7155914306641,0.019280646535745793,245.63091125488282,248.6327796936035,0.01475805900199793
441,2016-10-19,237.16748046875,248.54991149902344,250.23001098632807,247.1898498535156,247.88702392578125,17073242,248.59564208984372,247.12127685546875,242.44674682617188,246.3326568603516,250.60716247558597,249.315673828125,0.005781107404969621,245.2194610595703,248.6893539428711,0.014746047603036386
442,2016-10-20,237.21112060546875,248.59564208984372,250.9843292236328,247.79559326171875,250.05856323242188,10125508,243.2582244873047,248.54991149902344,247.12127685546875,242.44674682617188,241.64671325683597,250.60716247558597,0.00018398956790810495,246.60924682617187,248.8419334411621,0.014628650325392603
443,2016-10-21,232.1180877685547,243.2582244873047,250.75575256347656,241.93243408203125,250.75575256347656,43608816,243.052490234375,248.59564208984372,248.54991149902344,247.12127685546875,246.3326568603516,249.0185089111328,-0.021470278230420692,245.9943603515625,248.74992904663085,0.015445348438664248
444,2016-10-24,231.9217987060547,243.052490234375,245.4983367919922,242.44674682617188,244.58399963378903,10513017,242.49246215820312,243.2582244873047,248.59564208984372,248.54991149902344,242.44674682617188,253.9102020263672,-0.0008457442841379725,246.11550903320312,248.45677108764647,0.014988857541542082
445,2016-10-25,231.38742065429688,242.49246215820312,243.49822998046875,240.97238159179688,243.4410858154297,7658966,240.93809509277344,243.052490234375,243.2582244873047,248.59564208984372,247.12127685546875,253.49874877929688,-0.002304144572359057,245.18974609375,247.9773178100586,0.01463296506371693
446,2016-10-26,229.90426635742188,240.93809509277344,242.1724548339844,240.4923553466797,241.395263671875,10945927,239.71517944335935,242.49246215820312,243.052490234375,243.2582244873047,248.54991149902344,250.60716247558597,-0.006409960341017151,243.6673828125,247.36985778808594,0.01459983022536193
447,2016-10-27,228.73733520507807,239.71517944335935,240.90380859375,238.50369262695312,240.26377868652344,12842476,241.14382934570312,240.93809509277344,242.49246215820312,243.052490234375,248.59564208984372,241.64671325683597,-0.005075642558488802,241.89129028320312,246.66353607177734,0.01455594942050827
448,2016-10-28,230.1005401611328,241.14382934570312,241.84100341796875,238.5951232910156,240.0123443603516,8127969,240.2409210205078,239.71517944335935,240.93809509277344,242.49246215820312,243.2582244873047,246.3326568603516,0.005959780710012685,241.46841125488282,246.25551528930663,0.014225069749340177
449,2016-11-01,229.23898315429688,240.2409210205078,241.37240600585935,239.4180145263672,240.3094940185547,10223897,234.01202392578125,241.14382934570312,239.71517944335935,240.93809509277344,243.052490234375,242.44674682617188,-0.003744272982830088,240.90609741210938,246.01035995483397,0.01378865444455818
450,2016-11-02,223.2953643798828,234.01202392578125,238.3779754638672,233.3834228515625,237.95509338378903,7039997,234.0577392578125,240.2409210205078,241.14382934570312,239.71517944335935,242.49246215820312,247.12127685546875,-0.02592771068420452,239.210009765625,245.32518157958984,0.014584392521248163
451,2016-11-03,223.33897399902344,234.0577392578125,236.5264434814453,233.2919921875,234.03488159179688,7311872,229.8518218994141,234.01202392578125,240.2409210205078,241.14382934570312,240.93809509277344,248.54991149902344,0.0001953546286397323,237.8339385986328,244.56228485107422,0.01444302048887938
452,2016-11-04,219.32565307617188,229.8518218994141,234.7320709228516,228.5831756591797,233.2119903564453,11535892,228.84605407714844,234.0577392578125,234.01202392578125,240.2409210205078,239.71517944335935,248.59564208984372,-0.0179695718318702,235.86126708984375,243.52451782226564,0.014674262903941337
453,2016-11-07,218.365966796875,228.84605407714844,232.36622619628903,228.36602783203125,231.7833404541016,9506040,229.3832244873047,229.8518218994141,234.0577392578125,234.01202392578125,241.14382934570312,243.2582244873047,-0.004375722645808655,233.4017120361328,242.5158950805664,0.014665836407501015
454,2016-11-08,218.8785095214844,229.3832244873047,229.8861083984375,228.194580078125,229.8861083984375,13432073,229.63465881347656,228.84605407714844,229.8518218994141,234.0577392578125,240.2409210205078,243.052490234375,0.0023473002946128307,231.23017272949218,241.28954620361327,0.01366721658696093
455,2016-11-09,219.11846923828125,229.63465881347656,230.6404266357422,212.5823516845703,217.15402221679688,21640144,230.96044921875,229.3832244873047,228.84605407714844,229.8518218994141,234.01202392578125,242.49246215820312,0.0010961321462537033,230.35469970703124,240.09634170532226,0.013715744117204613
456,2016-11-10,220.38351440429688,230.96044921875,235.2006683349609,230.18325805664065,232.83482360839844,9764091,228.9832000732422,229.63465881347656,229.3832244873047,228.84605407714844,234.0577392578125,240.93809509277344,0.005773476931242971,229.73524169921876,239.11400604248047,0.013820499998574891
457,2016-11-11,218.49681091308597,228.9832000732422,232.58338928222656,227.46311950683597,228.0917205810547,14775330,225.2458648681641,230.96044921875,229.63465881347656,229.3832244873047,229.8518218994141,239.71517944335935,-0.00856098588392984,229.56151733398437,238.48083038330077,0.011706045073337744
458,2016-11-15,214.93063354492188,225.2458648681641,228.5831756591797,223.9086456298828,227.78314208984372,14487470,225.50872802734372,228.9832000732422,230.96044921875,229.63465881347656,228.84605407714844,241.14382934570312,-0.016321438445626946,228.8414794921875,237.4264907836914,0.010864872716726159
459,2016-11-16,215.1814727783203,225.50872802734372,227.85171508789065,224.1715240478516,227.4402618408203,16550762,223.4972076416016,225.2458648681641,228.9832000732422,230.96044921875,229.3832244873047,240.2409210205078,0.0011670054823580411,228.06658020019532,236.57958984375,0.010588940480092396
460,2016-11-17,213.26206970214844,223.4972076416016,228.1602935791016,222.7314453125,225.3830108642578,12628378,225.72589111328125,225.50872802734372,225.2458648681641,228.9832000732422,229.63465881347656,234.01202392578125,-0.008919922538422664,226.8390899658203,235.39838638305665,0.009169742189719464
461,2016-11-18,215.38870239257807,225.72589111328125,226.91452026367188,224.4686737060547,225.1544342041016,18163751,226.6402282714844,223.4972076416016,225.50872802734372,225.2458648681641,230.96044921875,234.0577392578125,0.009971862714515778,225.79217834472655,234.25718536376954,0.009471294577724026
462,2016-11-21,216.2611541748047,226.6402282714844,227.1088104248047,224.74298095703125,225.73731994628903,13232434,228.9146270751953,225.72589111328125,223.4972076416016,225.50872802734372,228.9832000732422,229.8518218994141,0.004050652557815226,225.323583984375,233.15941467285157,0.009615918273272269
463,2016-11-22,218.431396484375,228.9146270751953,230.3661193847656,227.0516662597656,228.05743408203125,17646355,230.6404266357422,226.6402282714844,225.72589111328125,223.4972076416016,225.2458648681641,228.84605407714844,0.010035282884495178,226.05733642578124,232.4422348022461,0.00927589606468866
464,2016-11-23,220.07815551757807,230.6404266357422,230.9833068847656,228.48031616210935,229.72608947753903,13107911,225.6916046142578,228.9146270751953,226.6402282714844,225.72589111328125,225.50872802734372,229.3832244873047,0.007539053238305948,227.08367614746095,231.82163162231444,0.00956308542257537
465,2016-11-24,215.35597229003903,225.6916046142578,229.8518218994141,224.514404296875,229.8518218994141,18913793,227.14309692382807,230.6404266357422,228.9146270751953,226.6402282714844,223.4972076416016,229.63465881347656,-0.021456871606035488,227.52255554199218,230.9815887451172,0.010452299240134346
466,2016-11-25,216.74099731445312,227.14309692382807,227.6459808349609,225.005859375,226.2973480224609,10454964,225.53158569335935,225.6916046142578,230.6404266357422,228.9146270751953,225.72589111328125,230.96044921875,0.006431308386730228,227.80599670410157,230.2918388366699,0.010658534643654422
467,2016-11-28,215.20327758789065,225.53158569335935,228.72032165527344,224.94869995117188,226.98309326171875,8312777,228.05743408203125,227.14309692382807,225.6916046142578,230.6404266357422,226.6402282714844,228.9832000732422,-0.007094696040924053,227.58426818847656,229.58265914916993,0.010689848858365235
468,2016-11-29,217.61343383789065,228.05743408203125,229.5660858154297,225.8516082763672,226.0687561035156,9885281,226.30877685546875,225.53158569335935,227.14309692382807,225.6916046142578,228.9146270751953,225.2458648681641,0.011199532787864674,227.41282958984374,228.92833938598633,0.010980983817481185
469,2016-11-30,215.9448699951172,226.30877685546875,228.57174682617188,225.53158569335935,228.57174682617188,27596098,228.06886291503903,228.05743408203125,225.53158569335935,227.14309692382807,230.6404266357422,225.50872802734372,-0.007667617736738741,226.54649963378907,228.2317321777344,0.011035001317553054
470,2016-12-01,217.62435913085935,228.06886291503903,232.01193237304688,227.4402618408203,228.5831756591797,12627845,227.38311767578125,226.30877685546875,228.05743408203125,225.53158569335935,225.6916046142578,223.4972076416016,0.007777365438611961,227.0219512939453,227.93457412719727,0.009846790205005469
471,2016-12-02,216.97003173828125,227.38311767578125,229.72608947753903,226.70880126953125,227.6459808349609,12481430,227.17739868164065,228.06886291503903,226.30877685546875,228.05743408203125,227.14309692382807,225.72589111328125,-0.003006746429534468,227.06995544433593,227.6008430480957,0.009848270889868244
472,2016-12-05,216.77374267578125,227.17739868164065,228.5146026611328,225.49729919433597,227.4402618408203,3987213,229.7718048095703,227.38311767578125,228.06886291503903,226.30877685546875,225.53158569335935,226.6402282714844,-0.0009047241336268552,227.39911804199218,227.46712188720704,0.009043427993702042
473,2016-12-06,219.2493133544922,229.7718048095703,230.0803985595703,227.3488311767578,227.66883850097656,6726369,228.38888549804688,227.17739868164065,227.38311767578125,228.06886291503903,228.05743408203125,228.9146270751953,0.01142017710822274,227.7419921875,227.51340942382814,0.009375036599125178
474,2016-12-07,217.92974853515625,228.38888549804688,230.3204040527344,227.7488555908203,229.4975128173828,4930865,233.1662750244141,229.7718048095703,227.17739868164065,227.38311767578125,226.30877685546875,230.6404266357422,-0.006018664094446069,228.15801391601562,227.46369247436525,0.009462472447602186
475,2016-12-08,222.48834228515625,233.1662750244141,233.56629943847656,229.5775146484375,229.73751831054688,8750556,235.2006683349609,228.38888549804688,229.7718048095703,227.17739868164065,228.06886291503903,225.6916046142578,0.020917784663422534,229.17749633789063,227.6402732849121,0.010575179531093971
476,2016-12-09,224.42955017089844,235.2006683349609,235.86355590820312,233.22341918945312,233.6120147705078,8239158,234.80064392089844,233.1662750244141,228.38888549804688,229.7718048095703,227.38311767578125,227.14309692382807,0.00872507531517508,230.74100646972656,227.85228424072267,0.010668181478357455
477,2016-12-12,224.0478363037109,234.80064392089844,238.11509704589844,233.2691345214844,233.2691345214844,9023848,237.6807861328125,235.2006683349609,233.1662750244141,228.38888549804688,227.17739868164065,225.53158569335935,-0.0017007792405282496,232.26565551757812,228.14315643310547,0.01045393917201859
478,2016-12-13,226.7960968017578,237.6807861328125,237.95509338378903,234.88064575195312,234.98350524902344,10365823,242.1838836669922,234.80064392089844,235.2006683349609,233.1662750244141,229.7718048095703,228.05743408203125,0.012266330125075608,233.84745178222656,228.7649024963379,0.009853889647083015
479,2016-12-14,231.0929718017578,242.1838836669922,243.31536865234372,237.3150634765625,237.6807861328125,24139260,240.6866607666016,237.6807861328125,234.80064392089844,235.2006683349609,228.38888549804688,226.30877685546875,0.018945988893117383,236.60645141601563,229.59866027832032,0.010486484489672066
480,2016-12-15,229.6643218994141,240.6866607666016,244.035400390625,239.7037506103516,240.5609436035156,19331986,241.64671325683597,242.1838836669922,237.6807861328125,234.80064392089844,233.1662750244141,228.06886291503903,-0.006182173965173177,238.11052856445312,230.4581329345703,0.010330814288147333
481,2016-12-16,230.58042907714844,241.64671325683597,242.75534057617188,240.4694976806641,240.4694976806641,14942206,242.8810577392578,240.6866607666016,242.1838836669922,237.6807861328125,235.2006683349609,227.38311767578125,0.003988806389089161,239.3997375488281,231.25417404174806,0.010227652974705693
482,2016-12-19,231.7582092285156,242.8810577392578,243.88682556152344,241.0066680908203,241.1552581787109,15009634,241.81814575195312,241.64671325683597,240.6866607666016,242.1838836669922,234.80064392089844,227.17739868164065,0.005108054091800929,241.0158203125,232.06621551513672,0.010233580550904129
483,2016-12-20,230.74400329589844,241.81814575195312,242.52674865722656,240.7323760986328,241.0866851806641,11688169,243.0410614013672,242.8810577392578,241.64671325683597,240.6866607666016,237.6807861328125,229.7718048095703,-0.004376265474130836,241.84329223632812,232.7113914489746,0.010257739051296389
484,2016-12-21,231.910888671875,243.0410614013672,243.96682739257807,241.65814208984372,242.32102966308597,20367894,240.7780914306641,241.81814575195312,242.8810577392578,241.64671325683597,242.1838836669922,228.38888549804688,0.005057170733037131,242.0147277832031,233.33142318725587,0.010212245233096204
485,2016-12-22,229.75157165527344,240.7780914306641,242.90391540527344,240.2294921875,241.84100341796875,28892834,241.68099975585935,243.0410614013672,241.81814575195312,242.8810577392578,240.6866607666016,233.1662750244141,-0.009311060269630467,242.03301391601562,234.08574752807618,0.008989870458774316
486,2016-12-23,230.6131134033203,241.68099975585935,244.343994140625,240.4694976806641,240.4694976806641,10265033,239.429443359375,240.7780914306641,243.0410614013672,241.81814575195312,241.64671325683597,235.2006683349609,0.0037499604711970225,242.0398712158203,234.81264266967773,0.008960326428077137
487,2016-12-26,228.4646759033203,239.429443359375,243.66966247558597,238.78941345214844,241.0066680908203,15321770,243.3725128173828,241.68099975585935,240.7780914306641,243.0410614013672,242.8810577392578,234.80064392089844,-0.009316232549347325,241.34954833984375,235.5075355529785,0.009106516708877247
488,2016-12-27,232.2271728515625,243.3725128173828,243.92111206054688,239.3265838623047,239.52088928222656,17442849,239.9437561035156,239.429443359375,241.68099975585935,240.7780914306641,241.81814575195312,237.6807861328125,0.016468607213396824,241.6604217529297,236.2732894897461,0.009425813094885107
489,2016-12-28,228.9554443359375,239.9437561035156,244.48114013671875,239.3494415283203,244.10397338867188,9637310,243.5439453125,243.3725128173828,239.429443359375,241.68099975585935,243.0410614013672,242.1838836669922,-0.014088512602242864,241.04096069335938,236.95503845214844,0.009915552875419847
490,2016-12-29,232.3907623291016,243.5439453125,244.3097076416016,239.8980407714844,240.0123443603516,8772325,247.41842651367188,239.9437561035156,243.3725128173828,239.429443359375,240.7780914306641,240.6866607666016,0.015004304623085218,241.59413146972656,237.7287925720215,0.01022654193846336
491,2016-12-30,236.0878143310547,247.41842651367188,248.01275634765625,243.00677490234372,243.39537048339844,15711974,248.03561401367188,243.5439453125,239.9437561035156,243.3725128173828,241.68099975585935,241.64671325683597,0.015908755999663127,242.74161682128906,238.730558013916,0.010480467364178798
492,2017-01-02,236.67672729492188,248.03561401367188,249.1556701660156,245.1211700439453,247.7841644287109,7097888,249.0185089111328,247.41842651367188,243.5439453125,239.9437561035156,239.429443359375,242.8810577392578,0.002494509033529546,244.46285095214844,239.7734687805176,0.010419292129919922
493,2017-01-03,237.6146240234375,249.0185089111328,250.75575256347656,247.12127685546875,249.1213836669922,6434204,243.9325408935547,248.03561401367188,247.41842651367188,243.5439453125,243.3725128173828,241.81814575195312,0.003962716811331646,245.59205017089843,240.7358039855957,0.010289470412087727
494,2017-01-04,232.76156616210935,243.9325408935547,249.84141540527344,243.2810821533203,249.8185577392578,10392483,246.2755126953125,249.0185089111328,248.03561401367188,247.41842651367188,239.9437561035156,243.0410614013672,-0.020424056186896355,246.38980712890626,241.5129867553711,0.011470068868134835
495,2017-01-05,234.99722290039065,246.2755126953125,246.8469696044922,244.29827880859372,244.8125915527344,8734164,245.71548461914065,243.9325408935547,249.0185089111328,248.03561401367188,243.5439453125,240.7780914306641,0.00960499896067657,246.93612060546874,242.168448638916,0.010819113742707182
496,2017-01-06,234.4628448486328,245.71548461914065,248.01275634765625,245.2926025390625,245.54405212402344,7845839,246.34408569335935,246.2755126953125,243.9325408935547,249.0185089111328,247.41842651367188,241.68099975585935,-0.002273990093626166,246.5955322265625,242.694189453125,0.010781260389668064
497,2017-01-09,235.06265258789065,246.34408569335935,248.2413330078125,244.8125915527344,246.18408203125,5228980,249.1213836669922,245.71548461914065,246.2755126953125,243.9325408935547,248.03561401367188,239.429443359375,0.0025582477034080675,246.2572265625,243.27136154174804,0.01074122261269878
498,2017-01-10,237.7127685546875,249.1213836669922,250.1614227294922,246.8698272705078,246.8698272705078,11349916,248.2527618408203,246.34408569335935,245.71548461914065,246.2755126953125,249.0185089111328,243.3725128173828,0.011274059881794418,246.27780151367188,243.84339141845703,0.010695725584425638
499,2017-01-11,236.8839111328125,248.2527618408203,250.4585876464844,247.7841644287109,250.298583984375,11475958,247.6241607666016,249.1213836669922,246.34408569335935,245.71548461914065,243.9325408935547,239.9437561035156,-0.0034867413362354993,247.141845703125,244.14683532714844,0.010025336828920222
500,2017-01-12,236.2841339111328,247.6241607666016,249.2356719970703,246.82411193847656,248.46990966796875,4371992,249.24710083007807,248.2527618408203,249.1213836669922,246.34408569335935,246.2755126953125,243.5439453125,-0.0025321010310522807,247.4115753173828,244.49371032714845,0.009914842383806154
501,2017-01-13,237.8327178955078,249.24710083007807,250.8700408935547,247.90988159179688,247.90988159179688,7234429,246.0126495361328,247.6241607666016,248.2527618408203,249.1213836669922,245.71548461914065,247.41842651367188,0.006554045689451948,248.1178985595703,244.87372970581055,0.009965623497851772
502,2017-01-16,234.7464141845703,246.0126495361328,250.05856323242188,245.4869079589844,249.1442413330078,12013154,238.01223754882807,249.24710083007807,247.6241607666016,248.2527618408203,246.34408569335935,248.03561401367188,-0.012976886323545656,248.051611328125,245.0303092956543,0.010439475711773104
503,2017-01-17,227.1123809814453,238.01223754882807,244.1268310546875,237.38363647460935,243.4410858154297,39234251,236.0235595703125,246.0126495361328,249.24710083007807,247.6241607666016,249.1213836669922,249.0185089111328,-0.0325203277245697,245.82978210449215,244.84001388549805,0.012790765273183976
504,2017-01-18,225.2147521972656,236.0235595703125,239.55517578125,235.15493774414065,238.32081604003903,15867619,236.28643798828125,238.01223754882807,246.0126495361328,249.24710083007807,248.2527618408203,243.9325408935547,-0.0083553602075086,243.38394165039057,244.4891387939453,0.012823790015439526
505,2017-01-19,225.4656219482422,236.28643798828125,238.93800354003903,235.66925048828125,236.6178741455078,15284274,234.48062133789065,236.0235595703125,238.01223754882807,246.0126495361328,247.6241607666016,246.2755126953125,0.001113780414325305,241.11639709472652,244.26455612182616,0.012695907133335602
506,2017-01-20,223.7424774169922,234.48062133789065,237.14361572265625,234.0463104248047,236.3435821533203,8784907,232.2176513671875,236.28643798828125,236.0235595703125,238.01223754882807,249.24710083007807,245.71548461914065,-0.007642489623040261,238.16310119628906,243.90453720092773,0.012733513062094725
507,2017-01-23,221.5831451416016,232.2176513671875,235.66925048828125,231.5090484619141,233.56629943847656,13708502,234.8235015869141,234.48062133789065,236.28643798828125,236.0235595703125,246.0126495361328,246.34408569335935,-0.009650989313279679,235.4041015625,243.54394760131837,0.01274463500909886
508,2017-01-24,224.06967163085935,234.8235015869141,235.16636657714844,232.46908569335935,232.46908569335935,9419288,232.5376739501953,232.2176513671875,234.48062133789065,236.28643798828125,238.01223754882807,249.1213836669922,0.011221585458230932,234.7663543701172,243.11649703979492,0.012405857790690599
509,2017-01-25,221.8885040283203,232.5376739501953,236.05784606933597,232.27479553222656,235.89784240722656,23856654,234.32061767578125,234.8235015869141,232.2176513671875,234.48062133789065,236.0235595703125,248.2527618408203,-0.009734237081345687,234.06917724609374,242.7461929321289,0.012213963908132664
510,2017-01-27,223.58981323242188,234.32061767578125,235.18923950195312,232.9262542724609,233.2119903564453,21861796,238.82369995117188,232.5376739501953,234.8235015869141,232.2176513671875,236.28643798828125,247.6241607666016,0.007667332760745715,233.67601318359374,242.28502655029297,0.011795331314338192
511,2017-01-30,227.88668823242188,238.82369995117188,239.20086669921875,234.2520446777344,234.2863311767578,15678126,238.9151306152344,234.32061767578125,232.5376739501953,234.8235015869141,234.48062133789065,249.24710083007807,0.01921761012776657,234.54462890625,241.85529022216798,0.012077531988570641
512,2017-01-31,227.97390747070312,238.9151306152344,240.8809509277344,237.79507446289065,239.29229736328125,15125194,239.9323272705078,238.82369995117188,234.32061767578125,232.5376739501953,232.2176513671875,246.0126495361328,0.00038283748254985817,235.88412475585938,241.3992660522461,0.012048160572056078
513,2017-02-01,228.9445343017578,239.9323272705078,240.2180633544922,236.6293029785156,239.1208648681641,11312284,238.52655029296875,238.9151306152344,238.82369995117188,234.32061767578125,234.8235015869141,238.01223754882807,0.004257564820838278,236.90588989257813,240.94495697021483,0.012055763653897761
514,2017-02-02,227.6031646728516,238.52655029296875,240.19520568847656,237.3264923095703,240.0123443603516,9099129,236.27500915527344,239.9323272705078,238.9151306152344,238.82369995117188,232.5376739501953,236.0235595703125,-0.005859056149420616,238.10366516113282,240.67465744018554,0.011286064009869555
515,2017-02-03,225.4547119140625,236.27500915527344,240.11520385742188,235.46353149414065,239.09800720214844,13219481,238.10366821289065,238.52655029296875,239.9323272705078,238.9151306152344,234.32061767578125,236.28643798828125,-0.009439373247673521,238.49454345703126,240.17463226318358,0.011141446405289732
516,2017-02-06,227.1996307373047,238.10366821289065,238.8465576171875,235.9092712402344,237.04075622558597,9991907,235.6463928222656,236.27500915527344,238.52655029296875,239.9323272705078,238.82369995117188,234.48062133789065,0.0077395365009402806,238.350537109375,239.7940414428711,0.011352021587697348
517,2017-02-07,224.85487365722656,235.6463928222656,238.263671875,234.80064392089844,238.1836700439453,9905562,234.33204650878903,238.10366821289065,236.27500915527344,238.52655029296875,238.9151306152344,232.2176513671875,-0.010320191238834653,237.69678955078126,239.2591567993164,0.011473680391778708
518,2017-02-08,223.6007080078125,234.33204650878903,237.3264923095703,233.6120147705078,235.6463928222656,16230826,236.06927490234372,235.6463928222656,238.10366821289065,236.27500915527344,239.9323272705078,234.8235015869141,-0.0055776211879801085,236.5767333984375,238.51968994140626,0.011046445211043232
519,2017-02-09,225.2583770751953,236.06927490234372,236.35501098632807,234.70921325683597,234.98350524902344,9861688,235.47496032714844,234.33204650878903,235.6463928222656,238.10366821289065,238.52655029296875,232.5376739501953,0.007413533144257967,236.0852783203125,237.91051559448243,0.01128728865243174
520,2017-02-10,224.69129943847656,235.47496032714844,236.7093048095703,234.4234771728516,236.5835876464844,12518554,235.4063873291016,236.06927490234372,234.33204650878903,235.6463928222656,236.27500915527344,234.32061767578125,-0.002517543104417763,235.9252685546875,237.30305557250978,0.011287283687136605
521,2017-02-13,224.6258544921875,235.4063873291016,236.35501098632807,233.6120147705078,236.1264190673828,8565757,239.96661376953125,235.47496032714844,236.06927490234372,234.33204650878903,238.10366821289065,238.82369995117188,-0.00029121142201948835,235.38581237792968,236.61101989746095,0.011102108315101025
522,2017-02-14,228.9772491455078,239.96661376953125,240.67523193359372,235.41781616210935,236.5835876464844,18244623,240.3094940185547,235.4063873291016,235.47496032714844,236.06927490234372,235.6463928222656,238.9151306152344,0.01937171923060177,236.2498565673828,236.30871810913087,0.011870259642545353
523,2017-02-15,229.30442810058597,240.3094940185547,241.72671508789065,238.9265594482422,240.67523193359372,15236663,244.01254272460935,239.96661376953125,235.4063873291016,235.47496032714844,234.33204650878903,239.9323272705078,0.001428866472870105,237.44534606933593,236.4235809326172,0.009301553694887924
524,2017-02-16,232.8378753662109,244.01254272460935,244.45828247070312,240.59523010253903,240.59523010253903,19655195,245.84120178222656,240.3094940185547,239.96661376953125,235.4063873291016,236.06927490234372,238.52655029296875,0.015409498160604329,239.03399963378905,236.82303009033203,0.009620382273575812
525,2017-02-17,234.5828094482422,245.84120178222656,246.45838928222656,241.94386291503903,243.78396606445312,14847356,245.8183441162109,244.01254272460935,240.3094940185547,239.96661376953125,235.47496032714844,236.27500915527344,0.007494119102234187,241.10724792480468,237.3007682800293,0.00970500172673643
526,2017-02-20,234.56097412109372,245.8183441162109,246.60696411132807,243.78396606445312,244.709716796875,11650581,248.7442169189453,245.84120178222656,244.01254272460935,240.3094940185547,235.4063873291016,238.10366821289065,-9.297736038527127e-05,243.18963928222655,237.8676544189453,0.009452584874499416
527,2017-02-21,237.35289001464844,248.7442169189453,249.3728179931641,245.2811737060547,245.7726287841797,14186476,276.0141906738281,245.8183441162109,245.84120178222656,244.01254272460935,239.96661376953125,235.6463928222656,0.011902581205864848,244.94515991210938,238.6939826965332,0.00923169579111916
528,2017-02-22,263.3739929199219,276.0141906738281,276.9627990722656,249.61282348632807,249.84141540527344,127323130,270.35675048828125,248.7442169189453,245.8183441162109,245.84120178222656,240.3094940185547,234.33204650878903,0.10963058394949088,252.08609924316406,240.7535171508789,0.025487173082028712
529,2017-02-23,257.9756164550781,270.35675048828125,279.3286437988281,269.5795593261719,277.4085388183594,62249698,283.19171142578125,276.0141906738281,248.7442169189453,245.8183441162109,244.01254272460935,236.06927490234372,-0.02049691782779528,257.3549407958984,242.64447097778321,0.02599878876651233
530,2017-02-27,270.2228698730469,283.19171142578125,287.2833251953125,272.093994140625,272.1282653808594,83422197,282.9974060058594,270.35675048828125,276.0141906738281,248.7442169189453,245.84120178222656,235.47496032714844,0.04747416483708755,264.8250427246094,245.0880256652832,0.027465133724721157
531,2017-02-28,270.03741455078125,282.9974060058594,285.2718200683594,280.8144226074219,281.6144714355469,36111716,282.1859436035156,283.19171142578125,270.35675048828125,276.0141906738281,245.8183441162109,235.4063873291016,-0.0006861267900236667,272.26085510253904,247.29671096801758,0.027468682615865516
532,2017-03-01,269.2631530761719,282.1859436035156,284.44891357421875,281.1573181152344,283.46600341796875,24385665,282.70025634765625,282.9974060058594,283.19171142578125,270.35675048828125,248.7442169189453,239.96661376953125,-0.0028673845947794208,278.94920043945314,249.46025161743165,0.02753102635635475
533,2017-03-02,269.7538757324219,282.70025634765625,286.8033142089844,280.4830017089844,282.9631042480469,18063590,287.683349609375,282.1859436035156,282.9974060058594,283.19171142578125,276.0141906738281,240.3094940185547,0.001822602279804686,280.2864135742187,251.59864807128906,0.027557071268606372
534,2017-03-03,274.5087890625,287.683349609375,294.3694152832031,283.7974548339844,283.7974548339844,84305639,298.38104248046875,282.70025634765625,282.1859436035156,282.9974060058594,270.35675048828125,244.01254272460935,0.01762677305672722,283.7517333984375,254.05648803710938,0.027409538909510346
535,2017-03-06,284.7165832519531,298.38104248046875,299.901123046875,289.2148742675781,290.0720520019531,66724743,298.28961181640625,287.683349609375,282.70025634765625,282.1859436035156,283.19171142578125,245.84120178222656,0.037185651813423926,286.789599609375,257.16178970336915,0.027672946217924686
536,2017-03-07,284.6293334960937,298.28961181640625,303.3298645019531,296.278076171875,301.4669189453125,42071555,295.1466064453125,298.38104248046875,287.683349609375,282.70025634765625,282.9974060058594,245.8183441162109,-0.00030642249689327716,289.84804077148436,260.17108688354494,0.027797608771160238
537,2017-03-08,281.6302490234375,295.1466064453125,298.918212890625,293.9808349609375,298.918212890625,43336972,294.12939453125,298.28961181640625,298.38104248046875,287.683349609375,282.1859436035156,248.7442169189453,-0.010536757723323742,292.44017333984374,263.14609756469724,0.027806670591882948
538,2017-03-09,280.6596374511719,294.12939453125,296.7009582519531,292.9293518066406,294.872314453125,31094457,292.963623046875,295.1466064453125,298.28961181640625,298.38104248046875,282.70025634765625,276.0141906738281,-0.0034464631876124363,294.7260009765625,266.13596496582034,0.027741106049633302
539,2017-03-10,279.5472106933594,292.963623046875,296.2438049316406,288.2890930175781,294.929443359375,24785585,294.75799560546875,294.12939453125,295.1466064453125,298.28961181640625,287.683349609375,270.35675048828125,-0.003963464740519673,295.7820556640625,268.9806823730469,0.027951119189151108
540,2017-03-14,281.2594909667969,294.75799560546875,301.501220703125,293.7865295410156,301.4440612792969,27765035,298.28961181640625,292.963623046875,294.12939453125,295.1466064453125,298.38104248046875,283.19171142578125,0.006124898852396532,295.0574462890625,271.94483413696287,0.027794135293427818
541,2017-03-15,284.6293334960937,298.28961181640625,300.884033203125,294.9637451171875,295.1123046875,24107889,296.6209716796875,294.75799560546875,292.963623046875,294.12939453125,298.28961181640625,282.9974060058594,0.01198140937172254,295.0574462890625,275.0889953613281,0.027651988635899852
542,2017-03-16,283.037109375,296.6209716796875,299.535400390625,295.6951904296875,299.4439697265625,15924023,297.3181457519531,298.28961181640625,294.75799560546875,292.963623046875,295.1466064453125,282.1859436035156,-0.005594026981220468,295.3523193359375,277.9217132568359,0.02787630923598631
543,2017-03-17,283.7023010253906,297.3181457519531,301.7183532714844,296.71240234375,298.9867858886719,22727289,292.76934814453125,296.6209716796875,298.28961181640625,294.75799560546875,294.12939453125,282.70025634765625,0.0023503869882082196,295.9900695800781,280.7721458435059,0.027860405893428582
544,2017-03-20,279.36187744140625,292.76934814453125,298.5867919921875,292.2093200683594,298.5296325683594,12869337,288.8834228515625,297.3181457519531,296.6209716796875,298.28961181640625,292.963623046875,287.683349609375,-0.015299428145959304,295.9512145996094,283.20998611450193,0.028447564496225892
545,2017-03-21,275.65386962890625,288.8834228515625,293.4779357910156,287.85479736328125,293.08935546875,22596181,287.9462280273437,292.76934814453125,297.3181457519531,296.6209716796875,294.75799560546875,298.38104248046875,-0.013272992263692829,294.77630004882815,285.3620971679687,0.02890061575056158
546,2017-03-22,274.75958251953125,287.9462280273437,289.3634338378906,284.9403686523437,286.1861267089844,20291685,291.0549621582031,288.8834228515625,292.76934814453125,297.3181457519531,298.28961181640625,298.28961181640625,-0.003244197313116093,292.70762329101564,287.4684913635254,0.028958327988186146
547,2017-03-23,277.7259521484375,291.0549621582031,292.02642822265625,287.5576477050781,288.7348327636719,11807911,294.12939453125,287.9462280273437,288.8834228515625,292.76934814453125,296.6209716796875,295.1466064453125,0.010796231477511187,291.59442138671875,289.58402862548826,0.02895217871760657
548,2017-03-24,280.6596374511719,294.12939453125,295.3294677734375,289.9463195800781,291.2378234863281,16282523,285.9804077148437,291.0549621582031,287.9462280273437,288.8834228515625,297.3181457519531,294.12939453125,0.01056306461930645,290.9566711425781,290.4897888183594,0.016488771982330213
549,2017-03-27,272.8837890625,285.9804077148437,292.3007507324219,285.08892822265625,290.55206298828125,32452615,284.75750732421875,294.12939453125,291.0549621582031,287.9462280273437,292.76934814453125,292.963623046875,-0.027705448581204273,289.5988830566406,291.2709716796875,0.017103879102867193
550,2017-03-28,271.7169189453125,284.75750732421875,288.9291381835937,283.92315673828125,287.5576477050781,21707345,287.2490539550781,285.9804077148437,294.12939453125,291.0549621582031,288.8834228515625,294.75799560546875,-0.004276168428448135,288.77369995117186,291.34926147460936,0.01356123561714568
551,2017-03-29,274.0943603515625,287.2490539550781,288.0148010253906,281.9230651855469,286.1175537109375,18924345,290.44921875,284.75750732421875,285.9804077148437,294.12939453125,287.9462280273437,298.28961181640625,0.008749713587085761,288.63426513671874,291.5618438720703,0.013686387937234685
552,2017-03-30,277.1480407714844,290.44921875,291.38641357421875,286.41473388671875,286.87188720703125,27862325,301.9355163574219,287.2490539550781,284.75750732421875,285.9804077148437,291.0549621582031,296.6209716796875,0.011140732235178419,288.51311645507815,291.97500762939455,0.013844499230824741
553,2017-03-31,288.1082458496094,301.9355163574219,305.7642822265625,289.38629150390625,289.38629150390625,45390562,314.22186279296875,290.44921875,287.2490539550781,284.75750732421875,294.12939453125,297.3181457519531,0.03954666380875538,290.0743408203125,292.9367706298828,0.016247099146838338
554,2017-04-03,299.8319396972656,314.22186279296875,315.55908203125,305.62713623046875,306.7586364746094,44886623,323.4451904296875,301.9355163574219,290.44921875,287.2490539550781,285.9804077148437,292.76934814453125,0.04069195497028799,295.7226318359375,294.2636962890625,0.018029385354239678
555,2017-04-05,308.6329040527344,323.4451904296875,324.1309509277344,315.4676513671875,318.91925048828125,40323877,328.81689453125,314.22186279296875,301.9355163574219,290.44921875,284.75750732421875,288.8834228515625,0.029352915022325288,303.4601684570313,295.51690368652345,0.017356217416534325
556,2017-04-06,313.7586364746094,328.81689453125,331.19415283203125,320.51934814453125,322.0736999511719,50620850,321.52508544921875,323.4451904296875,314.22186279296875,301.9355163574219,287.2490539550781,287.9462280273437,0.016607772384639174,311.77373657226565,297.04326782226565,0.017537111697187826
557,2017-04-07,306.8007202148437,321.52508544921875,327.78826904296875,320.5993347167969,324.8852844238281,31875272,315.7533874511719,328.81689453125,323.4451904296875,314.22186279296875,290.44921875,291.0549621582031,-0.02217589547041432,317.98890991210936,298.36219177246096,0.018259071467457068
558,2017-04-10,301.2933654785156,315.7533874511719,325.7081604003906,314.8276062011719,322.3022766113281,30768410,313.6961364746094,321.52508544921875,328.81689453125,323.4451904296875,301.9355163574219,294.12939453125,-0.01795100369846092,320.7524841308594,299.44339141845705,0.018866995617277085
559,2017-04-11,299.3302917480469,313.6961364746094,320.11932373046875,313.18182373046875,317.2391662597656,32249647,309.5016174316406,315.7533874511719,321.52508544921875,328.81689453125,314.22186279296875,285.9804077148437,-0.0065153726240883,320.6473388671875,300.4800170898437,0.018930224313862924
560,2017-04-12,295.3278503417969,309.5016174316406,316.9191589355469,308.85015869140625,316.0848083496094,27448279,311.9703369140625,313.6961364746094,315.7533874511719,321.52508544921875,323.4451904296875,284.75750732421875,-0.013371280533154617,317.85862426757814,301.21719818115236,0.01929154104975811
561,2017-04-13,297.6835327148437,311.9703369140625,313.9361267089844,307.9815368652344,309.5016174316406,12713918,318.15350341796875,309.5016174316406,313.6961364746094,315.7533874511719,328.81689453125,287.2490539550781,0.007976434833873336,314.48931274414065,301.90123443603517,0.019209853533533737
562,2017-04-17,303.58355712890625,318.15350341796875,318.999267578125,312.0160522460937,312.0160522460937,11837502,313.2046813964844,311.9703369140625,309.5016174316406,313.6961364746094,321.52508544921875,290.44921875,0.01981972569914392,313.81499633789065,302.97786102294924,0.019490429455354008
563,2017-04-18,298.861328125,313.2046813964844,322.3022766113281,312.47320556640625,320.0050354003906,16016414,312.8846435546875,318.15350341796875,311.9703369140625,309.5016174316406,315.7533874511719,301.9355163574219,-0.0155548248512698,313.3052551269531,303.7721878051758,0.019960711232990667
564,2017-04-19,298.55596923828125,312.8846435546875,316.0276794433594,310.3130798339844,312.93035888671875,11572557,313.0560913085937,313.2046813964844,318.15350341796875,311.9703369140625,313.6961364746094,314.22186279296875,-0.0010218169165605584,313.14295654296876,304.77795257568357,0.019530229843007833
565,2017-04-20,298.7195739746094,313.0560913085937,316.9991455078125,311.810302734375,315.2162170410156,8393496,320.5879211425781,312.8846435546875,313.2046813964844,318.15350341796875,309.5016174316406,323.4451904296875,0.0005479583528240628,313.8538513183593,305.98658599853513,0.019145952065038364
566,2017-04-21,305.9064636230469,320.5879211425781,324.81671142578125,315.11334228515625,315.55908203125,30230907,323.9938049316406,313.0560913085937,312.8846435546875,313.2046813964844,311.9703369140625,328.81689453125,0.02405904259042191,315.5773681640625,307.61867065429686,0.019556310930585564
567,2017-04-24,309.1563720703125,323.9938049316406,328.0168762207031,320.0621643066406,322.0851135253906,25512511,327.51397705078125,320.5879211425781,313.0560913085937,312.8846435546875,318.15350341796875,321.52508544921875,0.010623868101218292,316.74542846679685,309.26561279296874,0.019553921651948355
568,2017-04-25,312.51531982421875,327.51397705078125,335.5029602050781,325.98248291015625,333.7314453125,36764315,323.7766418457031,323.9938049316406,320.5879211425781,313.0560913085937,313.2046813964844,315.7533874511719,0.010864936506682188,319.60728759765624,310.9348419189453,0.019558106547878328
569,2017-04-26,308.9491882324219,323.7766418457031,329.17120361328125,320.6107788085937,328.0168762207031,16763153,322.18798828125,327.51397705078125,323.9938049316406,320.5879211425781,312.8846435546875,313.6961364746094,-0.011411223541457183,321.7856872558594,312.8246536254883,0.018404356387260713
570,2017-04-27,307.4332580566406,322.18798828125,325.5367431640625,320.51934814453125,323.9023742675781,12571594,318.91925048828125,323.7766418457031,327.51397705078125,323.9938049316406,313.0560913085937,309.5016174316406,-0.004906634263042942,323.6120666503906,314.69617767333983,0.01842410781211917
571,2017-04-28,304.3143005371094,318.91925048828125,324.6566772460937,317.9591979980469,322.2451477050781,11848658,313.28466796875,322.18798828125,323.7766418457031,327.51397705078125,320.5879211425781,311.9703369140625,-0.010145436552139064,323.27833251953126,316.2796875,0.018775874616905247
572,2017-05-02,298.9376525878906,313.28466796875,320.4736022949219,312.3132019042969,320.4736022949219,18591411,313.18182373046875,318.91925048828125,322.18798828125,323.7766418457031,323.9938049316406,318.15350341796875,-0.017667740379122332,321.1365051269531,317.4214599609375,0.019407429935515336
573,2017-05-03,298.8395080566406,313.18182373046875,315.6162109375,312.0160522460937,314.7361755371094,9500038,310.404541015625,313.28466796875,318.91925048828125,322.18798828125,327.51397705078125,313.2046813964844,-0.0003282772787703836,318.27007446289065,317.98377532958983,0.01751611976257333
574,2017-05-04,296.1894836425781,310.404541015625,315.3533630371094,309.5130615234375,314.3018798828125,14365934,303.6156005859375,313.18182373046875,313.28466796875,318.91925048828125,323.7766418457031,312.8846435546875,-0.008867956261835785,315.595654296875,317.7929092407227,0.01508782737797179
575,2017-05-05,289.71142578125,303.6156005859375,312.55322265625,302.8727111816406,311.2388610839844,15598448,302.0498046875,310.404541015625,313.18182373046875,313.28466796875,322.18798828125,313.0560913085937,-0.021871266468829642,311.8811767578125,316.80142974853516,0.014066037565828474
576,2017-05-08,288.2173156738281,302.0498046875,306.1871643066406,301.3526306152344,304.015625,16066733,304.0956420898437,303.6156005859375,310.404541015625,313.18182373046875,318.91925048828125,320.5879211425781,-0.005157165492865712,308.5072875976563,315.4630752563477,0.013284166203583846
577,2017-05-09,290.1694641113281,304.0956420898437,304.8499450683594,301.78692626953125,302.6441345214844,21106150,310.6673889160156,302.0498046875,303.6156005859375,310.404541015625,313.28466796875,323.9938049316406,0.0067731790274134784,306.669482421875,314.5916030883789,0.01278475442180498
578,2017-05-10,296.44024658203125,310.6673889160156,311.6960144042969,304.1642150878906,305.1128234863281,22906024,310.770263671875,304.0956420898437,302.0498046875,303.6156005859375,313.18182373046875,327.51397705078125,0.02161078922739157,306.1665954589844,314.3373031616211,0.013349804597818427
579,2017-05-11,296.5384216308594,310.770263671875,313.101806640625,308.9644470214844,311.810302734375,13783848,308.6901550292969,310.6673889160156,304.0956420898437,302.0498046875,310.404541015625,323.7766418457031,0.00033114114815302464,306.2397399902344,314.1910095214844,0.013281172142922106
580,2017-05-12,294.5536193847656,308.6901550292969,311.7874450683594,307.22723388671875,310.8845520019531,7523427,307.2386474609375,310.770263671875,310.6673889160156,304.0956420898437,303.6156005859375,322.18798828125,-0.006693396652565187,307.25465087890626,314.1504364013672,0.013018855778920329
581,2017-05-15,293.1685485839844,307.2386474609375,310.0502319335937,304.815673828125,310.0502319335937,6738085,310.0273742675781,308.6901550292969,310.770263671875,310.6673889160156,302.0498046875,318.91925048828125,-0.004702150504999447,308.29241943359375,313.9138519287109,0.012915676663126473
582,2017-05-16,295.8295593261719,310.0273742675781,314.7361755371094,306.530029296875,307.68438720703125,12655992,309.2958984375,307.2386474609375,308.6901550292969,310.770263671875,304.0956420898437,313.28466796875,0.009076744835609274,309.4787658691406,313.5075454711914,0.012222842355991722
583,2017-05-17,295.13153076171875,309.2958984375,312.2331848144531,308.0729675292969,309.2730407714844,9844573,303.4098815917969,310.0273742675781,307.2386474609375,308.6901550292969,310.6673889160156,313.18182373046875,-0.002359391107982667,309.2044677734375,313.3121063232422,0.01175566548594057
584,2017-05-18,289.51513671875,303.4098815917969,308.5872802734375,302.6669921875,306.3586120605469,9790379,301.4669189453125,309.2958984375,310.0273742675781,307.2386474609375,310.770263671875,310.404541015625,-0.019030374717020404,307.7323913574219,312.83836822509767,0.012461230695492534
585,2017-05-19,287.6611633300781,301.4669189453125,305.31854248046875,299.4439697265625,304.7013854980469,12813204,302.67840576171875,303.4098815917969,309.2958984375,310.0273742675781,308.6901550292969,303.6156005859375,-0.006403755330218308,306.287744140625,312.25890960693357,0.012499091656604245
586,2017-05-22,288.8171081542969,302.67840576171875,304.8385314941406,300.6325988769531,303.215576171875,8801430,298.4267578125,301.4669189453125,303.4098815917969,309.2958984375,307.2386474609375,302.0498046875,0.0040186393274745935,305.3756958007813,311.3634338378906,0.011033425725543493
587,2017-05-23,284.7601928710937,298.4267578125,303.9813537597656,297.61529541015625,303.03271484375,9223001,296.63238525390625,302.67840576171875,301.4669189453125,303.4098815917969,310.0273742675781,304.0956420898437,-0.014046750175385259,303.0555725097656,310.08508148193357,0.010829406299965833
588,2017-05-24,283.0479736328125,296.63238525390625,300.28973388671875,296.0380859375,298.8724975585937,14326531,297.7181701660156,298.4267578125,302.67840576171875,301.4669189453125,309.2958984375,310.6673889160156,-0.006012773692770312,300.5228698730469,308.54100189208987,0.010248339257028142
589,2017-05-25,284.0840759277344,297.7181701660156,299.9925537109375,296.3466491699219,297.1581420898437,25922008,305.6842956542969,296.63238525390625,298.4267578125,302.67840576171875,303.4098815917969,310.770263671875,0.003660372117427313,299.3845275878906,307.23807830810546,0.010297562828627895
590,2017-05-26,291.68536376953125,305.6842956542969,307.3072204589844,297.1581420898437,298.06103515625,21430443,310.1645202636719,297.7181701660156,296.63238525390625,298.4267578125,301.4669189453125,308.6901550292969,0.026757270084788898,300.2280029296875,306.4128936767578,0.012393617409972722
591,2017-05-29,295.9603576660156,310.1645202636719,312.118896484375,305.2956848144531,305.61572265625,24022633,310.7245483398437,305.6842956542969,297.7181701660156,296.63238525390625,302.67840576171875,307.2386474609375,0.014656378077209986,301.7252258300781,305.9751571655273,0.01282717136431687
592,2017-05-30,296.49481201171875,310.7245483398437,311.9474792480469,308.2444152832031,309.9359436035156,9658309,306.4614562988281,310.1645202636719,305.6842956542969,297.7181701660156,298.4267578125,310.0273742675781,0.001805583938794042,304.1847839355469,305.847151184082,0.012246311684271732
593,2017-05-31,292.4269104003906,306.4614562988281,312.6903686523437,305.3414001464844,312.47320556640625,16423338,303.6156005859375,310.7245483398437,310.1645202636719,305.6842956542969,296.63238525390625,309.2958984375,-0.013719843069344373,306.1505981445313,305.5111328125,0.012606486969335052
594,2017-06-01,289.71142578125,303.6156005859375,306.30145263671875,302.4155578613281,304.6328125,9534069,302.8155517578125,306.4614562988281,310.7245483398437,310.1645202636719,297.7181701660156,303.4098815917969,-0.00928617825961009,307.3300842285156,305.17168579101565,0.01262054866179397
595,2017-06-02,288.947998046875,302.8155517578125,306.0043029785156,301.0440368652344,305.1585388183594,11495005,303.8670349121094,303.6156005859375,306.4614562988281,310.7245483398437,305.6842956542969,301.4669189453125,-0.0026350715397397417,306.75633544921874,305.1316833496094,0.011643813498250525
596,2017-06-05,289.9513244628906,303.8670349121094,306.530029296875,300.7811889648437,303.158447265625,10835031,300.083984375,302.8155517578125,303.6156005859375,306.4614562988281,310.1645202636719,302.67840576171875,0.0034723551950788245,305.49683837890626,305.22254486083983,0.01160512078164125
597,2017-06-06,286.341552734375,300.083984375,304.91851806640625,299.67254638671875,304.91851806640625,9591064,306.0728759765625,303.8670349121094,302.8155517578125,303.6156005859375,310.7245483398437,298.4267578125,-0.012449690497699395,303.3687255859375,305.02196197509767,0.011839987974267545
598,2017-06-07,292.05615234375,306.0728759765625,306.7586364746094,299.21539306640625,299.71826171875,11199223,304.4042053222656,300.083984375,303.8670349121094,302.8155517578125,306.4614562988281,296.63238525390625,0.019957384976861947,303.2910095214844,304.792236328125,0.01168147312112362
599,2017-06-08,290.46392822265625,304.4042053222656,307.3986511230469,303.56988525390625,306.30145263671875,7903123,305.31854248046875,306.0728759765625,300.083984375,303.8670349121094,303.6156005859375,297.7181701660156,-0.0054518736721533845,303.44873046875,304.4739334106445,0.011726608637884736
600,2017-06-09,291.3363647460937,305.31854248046875,309.2615966796875,304.24420166015625,307.4672241210937,13836547,301.60406494140625,304.4042053222656,306.0728759765625,300.083984375,302.8155517578125,305.6842956542969,0.0030036942401474587,303.94932861328124,304.30535278320315,0.011677851009555597
601,2017-06-12,287.7919921875,301.60406494140625,303.95849609375,301.0440368652344,303.2270202636719,8432435,300.43829345703125,305.31854248046875,304.4042053222656,306.0728759765625,303.8670349121094,310.1645202636719,-0.01216590878786905,303.4967346191406,304.02362365722655,0.011936131914510166
602,2017-06-13,286.6795959472656,300.43829345703125,303.3298645019531,299.67254638671875,301.866943359375,6025338,310.3016662597656,301.60406494140625,305.31854248046875,304.4042053222656,300.083984375,310.7245483398437,-0.0038652379721787478,303.5675964355469,303.5441696166992,0.011718029410091604
603,2017-06-14,296.09130859375,310.3016662597656,310.87310791015625,300.7926025390625,300.7926025390625,52939271,316.3476867675781,300.43829345703125,301.60406494140625,305.31854248046875,306.0728759765625,306.4614562988281,0.03282994550807827,304.4133544921875,303.5944580078125,0.014002178564995716
604,2017-06-15,301.8604431152344,316.3476867675781,318.87353515625,310.6673889160156,310.87310791015625,28290813,317.4563293457031,310.3016662597656,300.43829345703125,301.60406494140625,304.4042053222656,303.6156005859375,0.01948433142718331,306.80205078125,304.24134826660156,0.013858028144234582
605,2017-06-16,302.9183654785156,317.4563293457031,319.056396484375,312.9989318847656,317.52490234375,32710880,322.1308288574219,316.3476867675781,310.3016662597656,300.43829345703125,305.31854248046875,302.8155517578125,0.003504506669396168,309.2296081542969,305.0408187866211,0.013711328251390213
606,2017-06-19,307.3787536621094,322.1308288574219,323.6280517578125,317.7763366699219,317.7763366699219,15236956,322.8394470214844,317.4563293457031,316.3476867675781,310.3016662597656,301.60406494140625,303.8670349121094,0.014724858443847078,313.3349609375,306.01343994140626,0.013973008091715755
607,2017-06-20,308.05487060546875,322.8394470214844,325.0681457519531,321.7193908691406,322.0736999511719,10142474,325.0452880859375,322.1308288574219,317.4563293457031,316.3476867675781,300.43829345703125,300.083984375,0.0021997837542464538,317.8151916503906,307.2340744018555,0.013376420384890234
608,2017-06-21,310.1596984863281,325.0452880859375,326.4167785644531,320.9879150390625,321.7994079589844,19992472,327.4797058105469,322.8394470214844,322.1308288574219,317.4563293457031,310.3016662597656,306.0728759765625,0.006832625581552065,320.763916015625,308.654719543457,0.013176051145427766
609,2017-06-22,312.4826965332031,327.4797058105469,330.3941345214844,326.34820556640625,326.74822998046875,22118609,328.2111511230469,325.0452880859375,322.8394470214844,322.1308288574219,316.3476867675781,304.4042053222656,0.007489472433040545,322.9903198242188,310.1427963256836,0.013188486936055038
610,2017-06-23,313.1805725097656,328.2111511230469,329.616943359375,327.0111083984375,328.2454528808594,31143289,328.50830078125,327.4797058105469,325.0452880859375,322.8394470214844,317.4563293457031,305.31854248046875,0.00223355920846946,325.1412841796875,311.2691390991211,0.012143849027894175
611,2017-06-27,313.4641418457031,328.50830078125,329.84552001953125,325.73101806640625,327.33111572265625,32591540,319.673583984375,328.2111511230469,327.4797058105469,325.0452880859375,322.1308288574219,301.60406494140625,0.0009053612504827946,326.4167785644531,312.186328125,0.01187302308372617
612,2017-06-28,305.03399658203125,319.673583984375,329.1483459472656,318.999267578125,329.1483459472656,15567803,318.3477783203125,328.50830078125,328.2111511230469,327.4797058105469,322.8394470214844,300.43829345703125,-0.02689343549573786,325.7836059570312,312.63377990722654,0.013623064937717274
613,2017-06-29,303.7689208984375,318.3477783203125,322.3022766113281,317.75347900390625,320.0164489746094,12898245,315.4447937011719,319.673583984375,328.50830078125,328.2111511230469,325.0452880859375,310.3016662597656,-0.004147373228459483,324.44410400390626,313.2280960083008,0.013222139161242463
614,2017-06-30,300.9989013671875,315.4447937011719,318.2792053222656,314.31329345703125,318.1877746582031,7814271,315.6847839355469,318.3477783203125,319.673583984375,328.50830078125,327.4797058105469,316.3476867675781,-0.009118909622858218,322.03712158203126,313.8195556640625,0.013214683909070974
615,2017-07-03,301.2279052734375,315.6847839355469,318.8049621582031,313.3875427246094,317.31915283203125,9195278,325.0338439941406,315.4447937011719,318.3477783203125,319.673583984375,328.2111511230469,317.4563293457031,0.0007607994779661453,319.53184814453124,314.46301727294923,0.013173807971226357
616,2017-07-04,310.1487731933594,325.0338439941406,326.2110595703125,317.5020446777344,317.7306213378906,18816782,329.7655334472656,315.6847839355469,315.4447937011719,318.3477783203125,328.50830078125,322.1308288574219,0.029615174802034572,318.8369567871094,315.52135772705077,0.01453679423256622
617,2017-07-05,314.6638488769531,329.7655334472656,330.8627319335937,325.50244140625,326.74822998046875,27209010,329.74267578125,325.0338439941406,315.6847839355469,315.4447937011719,319.673583984375,322.8394470214844,0.014557528517585183,320.8553466796875,317.00543518066405,0.014231070665449668
618,2017-07-06,314.6419677734375,329.74267578125,331.44561767578125,328.7026062011719,331.1484375,13590313,340.851806640625,329.7655334472656,325.0338439941406,315.6847839355469,318.3477783203125,325.0452880859375,-6.931490315764677e-05,323.134326171875,318.1889251708984,0.013808403885822508
619,2017-07-07,325.24237060546875,340.851806640625,342.3604431152344,329.1597900390625,329.84552001953125,35845310,341.2403869628906,329.74267578125,329.7655334472656,325.0338439941406,315.4447937011719,327.4797058105469,0.03369030360736436,328.2157287597656,320.0113052368164,0.01513503155156147
620,2017-07-10,325.6131286621094,341.2403869628906,343.0805053710937,340.3832092285156,341.75469970703125,3504540,341.5832824707031,340.851806640625,329.74267578125,329.7655334472656,315.6847839355469,328.2111511230469,0.0011400271751391688,333.32684936523435,321.8073974609375,0.015158733752465743
621,2017-07-11,325.9403686523437,341.5832824707031,343.8805236816406,339.9031982421875,343.1033630371094,20995547,345.4120483398437,341.2403869628906,340.851806640625,329.74267578125,325.0338439941406,328.50830078125,0.00100485030762143,336.63673706054686,323.80635833740234,0.01461888057658993
622,2017-07-12,329.59375,345.4120483398437,348.58935546875,342.3033142089844,342.73760986328125,17104482,347.92645263671875,341.5832824707031,341.2403869628906,340.851806640625,329.7655334472656,319.673583984375,0.011208879548925132,339.7660400390625,326.05504608154297,0.014452463825827109
623,2017-07-13,334.6321716308594,347.92645263671875,348.58935546875,344.2805480957031,344.8748779296875,23010262,350.5894470214844,345.4120483398437,341.5832824707031,341.2403869628906,329.74267578125,318.3477783203125,0.007279434255290429,343.4027954101563,327.9362854003906,0.013126592172074507
624,2017-07-14,337.19342041015625,350.5894470214844,351.103759765625,346.4292297363281,347.4464416503906,20530867,354.7039489746094,347.92645263671875,345.4120483398437,341.5832824707031,340.851806640625,315.4447937011719,0.007653900313081774,345.35032348632814,329.64837341308595,0.012739278701922905
625,2017-07-17,341.1507263183594,354.7039489746094,356.4983215332031,351.33233642578125,351.33233642578125,18749450,347.423583984375,350.5894470214844,347.92645263671875,345.4120483398437,341.2403869628906,315.6847839355469,0.011735954941258786,348.04303588867185,331.51075439453126,0.012813398666048597
626,2017-07-18,334.1485595703125,347.423583984375,354.7153625488281,345.3891906738281,353.57244873046875,19640167,350.4065856933594,354.7039489746094,350.5894470214844,347.92645263671875,341.5832824707031,325.0338439941406,-0.020525187304174963,349.2110961914062,332.77539215087893,0.01387812909788711
627,2017-07-19,337.0175476074219,350.4065856933594,351.5609436035156,345.7549133300781,345.7549133300781,11790198,349.4808349609375,347.423583984375,354.7039489746094,350.5894470214844,345.4120483398437,329.7655334472656,0.008586065674570209,350.2100036621094,334.1537490844727,0.013910922088174625
628,2017-07-20,336.1271667480469,349.4808349609375,354.3039245605469,348.29217529296875,351.9609375,13626050,362.3043518066406,350.4065856933594,347.423583984375,354.7039489746094,347.92645263671875,329.74267578125,-0.0026419330292838383,350.5208801269531,335.37552642822266,0.013977608342754895
629,2017-07-21,348.460693359375,362.3043518066406,363.8358459472656,353.14959716796875,354.3039245605469,97142371,369.218994140625,349.4808349609375,350.4065856933594,347.423583984375,350.5894470214844,340.851806640625,0.036693047408841384,352.8638610839844,337.1167587280273,0.015798529867768207
630,2017-07-24,355.11114501953125,369.218994140625,371.4248046875,362.3043518066406,365.7330932617188,43429394,366.22454833984375,362.3043518066406,349.4808349609375,350.4065856933594,354.7039489746094,341.2403869628906,0.019085176039162377,355.7668701171875,339.1671508789062,0.01607979298352339
631,2017-07-25,352.2311096191406,366.22454833984375,371.4362487792969,365.1844787597656,371.3790893554688,20063064,370.933349609375,369.218994140625,362.3043518066406,349.4808349609375,347.423583984375,341.5832824707031,-0.008110216018953675,359.5270629882813,341.05296325683594,0.016354917257075087
632,2017-07-26,356.760009765625,370.933349609375,372.5677185058594,365.9845275878906,366.6931457519531,21954323,364.5444641113281,366.22454833984375,369.218994140625,362.3043518066406,350.4065856933594,345.4120483398437,0.012857688789233324,363.6324157714844,343.61595153808594,0.01451314238979692
633,2017-07-27,350.6152648925781,364.5444641113281,372.9334411621094,363.0700988769531,372.1334228515625,18409364,364.4644470214844,370.933349609375,366.22454833984375,369.218994140625,349.4808349609375,347.92645263671875,-0.017223809896777742,366.6451416015625,345.92578582763673,0.015339479193843356
634,2017-07-28,350.5382385253906,364.4644470214844,367.0931701660156,360.7042541503906,363.7329711914063,14331863,369.2075500488281,364.5444641113281,370.933349609375,366.22454833984375,362.3043518066406,350.5894470214844,-0.00021949884779848272,367.07716064453126,348.3767684936523,0.014974812063947733
635,2017-07-31,355.10009765625,369.2075500488281,370.0304565429688,364.8187561035156,366.1788330078125,16567422,366.5559997558594,364.4644470214844,364.5444641113281,370.933349609375,369.218994140625,354.7039489746094,0.013013897695936638,367.0748718261719,351.0529067993164,0.014941488586125701
636,2017-08-01,352.54986572265625,366.5559997558594,370.933349609375,363.7901306152344,370.933349609375,12311920,372.40771484375,369.2075500488281,364.4644470214844,364.5444641113281,366.22454833984375,347.423583984375,-0.007181733668821466,367.141162109375,353.12901458740237,0.014390830462774533
637,2017-08-02,358.1780090332031,372.40771484375,373.89349365234375,367.5845947265625,368.0189208984375,20786240,377.1850891113281,366.5559997558594,369.2075500488281,364.4644470214844,370.933349609375,350.4065856933594,0.015964041215497993,367.43603515625,355.26112365722656,0.014437559526204673
638,2017-08-03,362.7728576660156,377.1850891113281,380.5681457519531,369.6304321289063,371.87054443359375,19707381,370.7962036132813,372.40771484375,366.5559997558594,369.2075500488281,364.5444641113281,349.4808349609375,0.012828343982032031,369.96416015625,357.6332443237305,0.014430975251530517
639,2017-08-04,356.6281433105469,370.7962036132813,380.1338195800781,369.1846923828125,380.1338195800781,18579866,369.4704284667969,377.1850891113281,372.40771484375,366.5559997558594,364.4644470214844,362.3043518066406,-0.016938329967124188,371.2305114746094,359.1304641723633,0.013904398698253788
640,2017-08-07,355.3529663085937,369.4704284667969,372.956298828125,368.601806640625,372.956298828125,9537088,366.3159790039063,370.7962036132813,377.1850891113281,372.40771484375,369.2075500488281,369.218994140625,-0.003575481985967466,371.2830871582031,360.5419662475586,0.014000637306799265
641,2017-08-08,352.31903076171875,366.3159790039063,370.5447692871094,362.7157897949219,369.84759521484375,10961296,365.4587707519531,369.4704284667969,370.7962036132813,377.1850891113281,366.5559997558594,366.22454833984375,-0.008537758964853204,371.2350830078125,361.7786010742187,0.0142707598900988
642,2017-08-09,351.4945983886719,365.4587707519531,370.30474853515625,362.3043518066406,366.0759582519531,10436651,362.15576171875,366.3159790039063,369.4704284667969,370.7962036132813,372.40771484375,370.933349609375,-0.0023400787874012785,369.8452941894531,362.7809371948242,0.014211899311901088
643,2017-08-10,348.3177795410156,362.15576171875,367.253173828125,360.6928405761719,364.1444396972656,10188164,353.4467468261719,365.4587707519531,366.3159790039063,369.4704284667969,377.1850891113281,364.5444641113281,-0.009037979924266137,366.8394287109375,363.4924026489258,0.014415388382752982
644,2017-08-11,339.9415588378906,353.4467468261719,361.1614074707031,350.4179992675781,354.5210876464844,16996281,359.57275390625,362.15576171875,365.4587707519531,366.3159790039063,370.7962036132813,364.4644470214844,-0.02404770491913788,363.3695373535156,363.63526763916013,0.015476884414710783
645,2017-08-14,345.8335266113281,359.57275390625,362.1900329589844,356.8183288574219,356.8183288574219,13440617,357.984130859375,353.4467468261719,362.15576171875,365.4587707519531,369.4704284667969,369.2075500488281,0.017332192572396155,361.39000244140624,363.8787078857422,0.0157387219861902
646,2017-08-16,344.3055725097656,357.984130859375,360.2471008300781,354.3496398925781,359.332763671875,13576650,358.21270751953125,359.57275390625,353.4467468261719,362.15576171875,366.3159790039063,366.5559997558594,-0.004418085156944862,359.7236328125,364.4067352294922,0.014984138824205436
647,2017-08-17,344.525390625,358.21270751953125,365.1959228515625,356.8526306152344,358.6470031738281,15828719,360.10992431640625,357.984130859375,359.57275390625,353.4467468261719,365.4587707519531,372.40771484375,0.0006385105943313985,358.2744201660156,364.79704132080076,0.014894355853492377
648,2017-08-18,346.35015869140625,360.10992431640625,360.6585388183594,355.0239562988281,357.50408935546875,7935890,357.59552001953125,358.21270751953125,357.984130859375,359.57275390625,362.15576171875,377.1850891113281,0.005296341411259231,357.86525268554686,365.32849578857423,0.01489216021099038
649,2017-08-21,343.9317626953125,357.59552001953125,362.1100463867188,356.6469116210937,360.4756774902344,7573558,356.6011962890625,360.10992431640625,358.21270751953125,357.984130859375,353.4467468261719,370.7962036132813,-0.006982324360118808,358.69500732421875,365.0930541992187,0.012483363265292886
650,2017-08-22,342.9754333496094,356.6011962890625,361.1385498046875,355.6868591308594,359.332763671875,9533641,361.6300048828125,357.59552001953125,360.10992431640625,358.21270751953125,359.57275390625,369.4704284667969,-0.002780582179593427,358.10069580078124,364.4621643066406,0.011596455058946372
651,2017-08-23,347.8121032714844,361.6300048828125,362.65863037109375,355.0239562988281,357.6983947753906,8320052,358.4298400878906,356.6011962890625,357.59552001953125,360.10992431640625,357.984130859375,366.3159790039063,0.014102051945091176,358.8298706054687,364.23243713378906,0.012004009429257254
652,2017-08-24,344.7342529296875,358.4298400878906,364.1558532714844,357.6183776855469,363.447265625,12654347,358.08697509765625,361.6300048828125,356.6011962890625,357.59552001953125,358.21270751953125,365.4587707519531,-0.008849278963892648,358.8732971191406,363.60726165771484,0.011704334709818577
653,2017-08-28,344.4044494628906,358.08697509765625,361.6071472167969,356.8640441894531,360.94427490234375,12316426,350.2237243652344,358.4298400878906,361.6300048828125,356.6011962890625,360.10992431640625,362.15576171875,-0.000956574905008778,358.4687072753906,363.2843872070313,0.011115362041891492
654,2017-08-29,336.8416442871094,350.2237243652344,358.3041381835937,349.7322692871094,357.0126342773437,15164812,357.5269470214844,358.08697509765625,358.4298400878906,361.6300048828125,357.59552001953125,353.4467468261719,-0.021959052630376896,356.9943481445313,362.5723510742188,0.012073703936983324
655,2017-08-30,343.8658447265625,357.5269470214844,358.6012878417969,352.3038330078125,353.743896484375,10334911,364.4758911132813,350.2237243652344,358.08697509765625,358.4298400878906,356.6011962890625,359.57275390625,0.020853020935365674,357.17949829101565,361.9883209228516,0.012695320297122142
656,2017-08-31,350.5492553710937,364.4758911132813,365.1502075195313,359.7899169921875,360.0184936523437,25104625,368.0417785644531,357.5269470214844,350.2237243652344,358.08697509765625,361.6300048828125,357.984130859375,0.01943614082711176,357.74867553710936,361.88431549072266,0.013444697670591034
657,2017-09-01,353.9789428710937,368.0417785644531,369.5275573730469,365.5045166015625,365.6987915039063,15431918,368.78466796875,364.4758911132813,357.5269470214844,350.2237243652344,358.4298400878906,358.21270751953125,0.009783603080796066,359.6710632324219,361.6660186767578,0.013120777347673728
658,2017-09-04,354.6933898925781,368.78466796875,373.9963684082031,364.7844543457031,369.276123046875,21560532,373.1849060058594,368.0417785644531,364.4758911132813,357.5269470214844,358.08697509765625,360.10992431640625,0.002018492050534393,361.81060180664065,361.2459976196289,0.012760199531425365
659,2017-09-05,358.925537109375,373.1849060058594,373.69921875,370.5447692871094,372.590576171875,25216776,376.1107482910156,368.78466796875,368.0417785644531,364.4758911132813,350.2237243652344,357.59552001953125,0.011931727154888883,366.4028381347656,361.3654327392578,0.012498286583262103
660,2017-09-06,361.7395324707031,376.1107482910156,377.7337036132813,370.9447937011719,371.7676696777344,48745984,374.0077819824219,373.1849060058594,368.78466796875,368.0417785644531,357.5269470214844,356.6011962890625,0.007840194600770678,370.1195983886719,361.69744873046875,0.012567875298255905
661,2017-09-07,359.7169494628906,374.0077819824219,380.5910034179688,372.590576171875,376.2479248046875,16205339,373.4591979980469,376.1107482910156,373.1849060058594,368.78466796875,364.4758911132813,361.6300048828125,-0.005591348607157043,372.0259765625,362.08203887939453,0.012467475115409838
662,2017-09-08,359.1893005371094,373.4591979980469,376.3622131347656,371.2648010253906,374.87640380859375,13248413,373.9163513183594,374.0077819824219,376.1107482910156,373.1849060058594,368.0417785644531,358.4298400878906,-0.0014667715774983048,373.1094604492188,362.48206024169923,0.012456267298503373
663,2017-09-11,359.6289978027344,373.9163513183594,378.0079956054688,373.2991943359375,375.4707336425781,12690592,376.5907897949219,373.4591979980469,374.0077819824219,376.1107482910156,368.78466796875,358.08697509765625,0.0012241051305286188,374.13579711914065,363.07008972167966,0.012223385769707804
664,2017-09-12,362.2012634277344,376.5907897949219,377.1622314453125,373.5049133300781,376.1336059570313,6500191,388.1342468261719,373.9163513183594,373.4591979980469,374.0077819824219,373.1849060058594,350.2237243652344,0.007152504743729304,374.8169738769531,364.2272918701172,0.01065927409813819
665,2017-09-13,373.3036804199219,388.1342468261719,393.1173400878906,375.7907409667969,376.705078125,29377106,385.7798156738281,376.5907897949219,373.9163513183594,373.4591979980469,376.1107482910156,357.5269470214844,0.030652520837103125,377.2216735839844,365.6553665161133,0.011927471906628514
666,2017-09-14,371.0391845703125,385.7798156738281,393.8488159179688,384.93408203125,391.2429809570313,11867640,384.8426513671875,388.1342468261719,376.5907897949219,373.9163513183594,374.0077819824219,364.4758911132813,-0.006066022701156304,379.5760803222656,367.04515075683594,0.011993441389866178
667,2017-09-15,370.1378479003906,384.8426513671875,389.8943176269531,381.61962890625,384.93408203125,28595395,386.5570068359375,385.7798156738281,388.1342468261719,376.5907897949219,373.4591979980469,368.0417785644531,-0.0024292725242861524,381.85277099609374,368.37664794921875,0.01205564598867427
668,2017-09-18,371.7866516113281,386.5570068359375,389.0714416503906,385.43695068359375,388.5914001464844,5061995,383.3796997070313,384.8426513671875,385.7798156738281,388.1342468261719,373.9163513183594,368.78466796875,0.004454691969976832,384.3809020996094,369.6990020751953,0.012051103257434477
669,2017-09-19,368.7307434082031,383.3796997070313,388.01995849609375,382.6482543945313,387.9971008300781,7718697,387.2884826660156,386.5570068359375,384.8426513671875,385.7798156738281,376.5907897949219,373.1849060058594,-0.008219504685513801,385.7386840820312,370.9882110595703,0.01211140563501099
670,2017-09-20,372.49017333984375,387.2884826660156,398.8776550292969,386.3512878417969,391.380126953125,24942703,384.6369018554688,383.3796997070313,386.5570068359375,384.8426513671875,388.1342468261719,376.1107482910156,0.010195591894853306,385.56953125,372.52257537841797,0.012101621949362082
671,2017-09-21,369.93994140625,384.6369018554688,389.36859130859375,382.3053588867188,387.2199096679688,12950541,373.6877746582031,387.2884826660156,383.3796997070313,386.5570068359375,385.7798156738281,374.0077819824219,-0.006846526373038175,385.34094848632816,373.6729202270508,0.012106528377045579
672,2017-09-22,359.4091186523437,373.6877746582031,383.9740295410156,371.7676696777344,383.9740295410156,12294087,375.58502197265625,384.6369018554688,387.2884826660156,383.3796997070313,384.8426513671875,373.4591979980469,-0.028466138179794154,383.1099731445313,374.4358169555664,0.013805909136654228
673,2017-09-25,361.2339172363281,375.58502197265625,378.5108947753906,368.1103515625,372.590576171875,14229631,374.922119140625,373.6877746582031,384.6369018554688,387.2884826660156,386.5570068359375,373.9163513183594,0.005077092276268402,380.91557617187505,375.3107192993164,0.013799751271537422
674,2017-09-26,360.5963745117188,374.922119140625,378.0994262695313,371.3105163574219,375.6535949707031,10564143,365.344482421875,375.58502197265625,373.6877746582031,384.6369018554688,383.3796997070313,376.5907897949219,-0.0017649874016528733,379.22406005859375,376.54563903808594,0.012604599341838956
675,2017-09-27,351.3846740722656,365.344482421875,377.4822692871094,363.67584228515625,377.4365539550781,18448855,359.5384826660156,374.922119140625,375.58502197265625,373.6877746582031,387.2884826660156,388.1342468261719,-0.025545669966614115,374.83526000976565,376.93651580810547,0.01347991286438067
676,2017-09-28,345.8005065917969,359.5384826660156,367.0588684082031,356.6811828613281,365.5730895996094,29547622,357.001220703125,365.344482421875,374.922119140625,375.58502197265625,384.6369018554688,385.7798156738281,-0.015891850117377704,369.815576171875,376.6896453857422,0.013273241693661638
677,2017-09-29,343.3601989746094,357.001220703125,362.7157897949219,356.1783142089844,361.9614562988281,16666208,364.978759765625,359.5384826660156,365.344482421875,374.922119140625,373.6877746582031,384.8426513671875,-0.007056996914701741,366.4782653808594,376.13761749267576,0.01311320090050808
678,2017-10-03,351.03289794921875,364.978759765625,367.4931640625,359.0355834960937,363.447265625,18345748,374.3506774902344,357.001220703125,359.5384826660156,365.344482421875,375.58502197265625,386.5570068359375,0.022345971385722363,364.3570129394531,375.9473220825195,0.014142716077219727
679,2017-10-04,360.0467224121094,374.3506774902344,377.1393737792969,363.7215576171875,365.3673400878906,18907611,376.7736511230469,364.978759765625,357.001220703125,359.5384826660156,374.922119140625,383.3796997070313,0.02567798118067932,364.242724609375,376.00561065673827,0.01507786910247834
680,2017-10-05,362.3771667480469,376.7736511230469,378.7394714355469,374.2592468261719,377.1622314453125,10631751,382.6711120605469,374.3506774902344,364.978759765625,357.001220703125,365.344482421875,387.2884826660156,0.006472470275883824,366.5285583496094,376.0387557983398,0.015044762745351768
681,2017-10-06,368.0492248535156,382.6711120605469,383.72259521484375,376.0650329589844,376.705078125,12997688,379.7452392578125,376.7736511230469,374.3506774902344,364.978759765625,359.5384826660156,384.6369018554688,0.01565253015947765,371.15508422851565,376.47192230224607,0.01536130557057055
682,2017-10-09,365.2351989746094,379.7452392578125,383.9283142089844,378.5337524414063,383.56256103515625,8850408,385.482666015625,382.6711120605469,376.7736511230469,374.3506774902344,357.001220703125,373.6877746582031,-0.007645920244618409,375.7038879394531,376.7862243652344,0.015480659704389032
683,2017-10-10,370.75335693359375,385.482666015625,387.3570556640625,379.9052429199219,379.9052429199219,14732024,384.08831787109375,379.7452392578125,382.6711120605469,376.7736511230469,364.978759765625,375.58502197265625,0.015108620634786352,379.80466918945314,377.36454010009766,0.015801659095250244
684,2017-10-11,369.4123229980469,384.08831787109375,392.4316101074219,382.1910705566406,386.4427185058594,15420644,398.991943359375,385.482666015625,379.7452392578125,382.6711120605469,374.3506774902344,374.922119140625,-0.0036171487526101,381.752197265625,377.7394165039062,0.01578751719695085
685,2017-10-12,383.7464904785156,398.991943359375,400.8434753417969,384.9797973632813,384.9797973632813,18642942,400.6834411621094,384.08831787109375,385.482666015625,379.7452392578125,376.7736511230469,365.344482421875,0.03880260032611349,386.19585571289065,378.2823013305664,0.01667082295349183
686,2017-10-13,385.3733520507813,400.6834411621094,407.1980590820313,399.2662353515625,401.98638916015625,21509701,400.8434753417969,398.991943359375,384.08831787109375,385.482666015625,382.6711120605469,359.5384826660156,0.004239428466882078,389.79832153320314,379.0274826049805,0.0165833069309044
687,2017-10-16,385.5272521972656,400.8434753417969,407.7923889160156,393.7573852539063,401.8492431640625,32009221,399.7234191894531,400.6834411621094,398.991943359375,384.08831787109375,379.7452392578125,357.001220703125,0.0003994030280447536,394.01796875,379.82752380371096,0.01655533799285832
688,2017-10-17,384.4500122070313,399.7234191894531,404.1350708007813,396.4546508789063,401.3920593261719,13898844,418.0786437988281,400.8434753417969,400.6834411621094,398.991943359375,385.482666015625,364.978759765625,-0.00279424818225793,396.8661193847656,380.48584442138673,0.01658198314008384
689,2017-10-18,402.1038513183594,418.0786437988281,419.6329956054688,400.02056884765625,401.1177673339844,36671941,415.9756774902344,399.7234191894531,400.8434753417969,400.6834411621094,384.08831787109375,374.3506774902344,0.04591981287109759,403.6641845703125,382.2207916259766,0.019088755270382562
690,2017-10-19,400.0812683105469,415.9756774902344,421.461669921875,412.82122802734375,418.6729431152344,8014767,429.6220703125,418.0786437988281,399.7234191894531,400.8434753417969,398.991943359375,376.7736511230469,-0.0050300735036006294,407.06093139648436,383.6551513671875,0.019153701586243042
691,2017-10-23,413.206298828125,429.6220703125,431.8850708007813,415.6099243164063,417.34716796875,27455320,427.107666015625,415.9756774902344,418.0786437988281,399.7234191894531,400.6834411621094,382.6711120605469,0.03280574697203531,412.8486572265625,385.90440979003904,0.02003104457250016
692,2017-10-24,410.7878723144531,427.107666015625,433.2565612792969,424.3418273925781,433.2565612792969,13857773,429.690673828125,429.6220703125,415.9756774902344,418.0786437988281,400.8434753417969,379.7452392578125,-0.00585259573616892,418.10149536132815,388.57540435791014,0.018584973865662286
693,2017-10-25,413.272216796875,429.690673828125,432.43365478515625,424.9361267089844,429.7821044921875,10011782,433.1194152832031,427.107666015625,429.6220703125,415.9756774902344,399.7234191894531,385.482666015625,0.0060476737320034335,424.0949462890625,391.2806869506836,0.018581326102242748
694,2017-10-26,416.5698852539063,433.1194152832031,437.8739318847656,425.6218872070313,429.73638916015625,16840049,425.09613037109375,429.690673828125,427.107666015625,429.6220703125,418.0786437988281,384.08831787109375,0.007979557537359128,427.1031005859375,394.1905517578125,0.018469203048831158
695,2017-10-27,408.8531799316406,425.09613037109375,437.3710632324219,423.1988830566406,434.30804443359375,11498547,430.8793029785156,433.1194152832031,429.690673828125,427.107666015625,415.9756774902344,398.991943359375,-0.018524417583227537,428.92719116210935,397.1781341552734,0.01786690409990745
696,2017-10-30,414.4154052734375,430.8793029785156,432.2736511230469,425.4390258789063,426.9933776855469,7823263,430.1249694824219,425.09613037109375,433.1194152832031,429.690673828125,429.6220703125,400.6834411621094,0.013604387794293515,429.1786376953125,400.74517517089845,0.017009317357334987
697,2017-10-31,413.6898498535156,430.1249694824219,432.3650817871094,426.1704711914063,431.9993591308594,9504986,435.4738159179688,430.8793029785156,425.09613037109375,433.1194152832031,427.107666015625,400.8434753417969,-0.0017506839870917723,429.7820983886719,404.40136260986327,0.016781814362596757
698,2017-11-01,418.8343811035156,435.4738159179688,437.8739318847656,432.3650817871094,433.2794189453125,17571371,432.753662109375,430.1249694824219,430.8793029785156,425.09613037109375,429.690673828125,399.7234191894531,0.012435563650218473,430.9387268066406,407.92611541748045,0.016526671962185966
699,2017-11-02,416.21820068359375,432.753662109375,437.2796325683594,431.6793212890625,435.5881042480469,10277678,432.1593627929688,435.4738159179688,430.1249694824219,430.8793029785156,433.1194152832031,418.0786437988281,-0.006246423342032181,430.865576171875,410.8462646484375,0.016371678936234195
700,2017-11-03,415.6465148925781,432.1593627929688,437.0281677246094,429.8049621582031,437.0281677246094,4798537,426.3076171875,432.753662109375,435.4738159179688,430.1249694824219,425.09613037109375,415.9756774902344,-0.001373297024245601,432.27822265625,413.6155502319336,0.0164886613498063
701,2017-11-06,410.0184326171875,426.3076171875,430.8793029785156,424.7075500488281,430.8793029785156,9757496,414.5127258300781,432.1593627929688,432.753662109375,435.4738159179688,430.8793029785156,429.6220703125,-0.01354071231420284,431.3638854980469,415.79737548828126,0.016968320364114976
702,2017-11-07,398.6741943359375,414.5127258300781,427.4505310058594,412.8440856933594,426.69622802734375,20447574,405.8722839355469,426.3076171875,432.1593627929688,432.753662109375,430.1249694824219,427.107666015625,-0.0276675594849487,428.24143676757814,417.5357498168945,0.018324155967660113
703,2017-11-08,390.3639221191406,405.8722839355469,414.1927185058594,404.1807861328125,412.5926513671875,17752793,411.6783142089844,414.5127258300781,426.3076171875,432.1593627929688,435.4738159179688,429.690673828125,-0.020844816952793055,422.3211303710938,418.55523071289065,0.018985179068169492
704,2017-11-09,395.9480590820313,411.6783142089844,415.9756774902344,407.8152465820313,409.0495910644531,15007224,404.0664978027344,405.8722839355469,414.5127258300781,426.3076171875,432.753662109375,433.1194152832031,0.014305067143632666,418.10606079101564,419.93473052978516,0.01909151939979949
705,2017-11-10,388.6271667480469,404.0664978027344,411.884033203125,401.940673828125,411.884033203125,13923102,400.1348571777344,411.6783142089844,405.8722839355469,414.5127258300781,432.1593627929688,425.09613037109375,-0.018489719141207783,412.48748779296875,420.18845825195314,0.017792794463982527
706,2017-11-13,384.8457336425781,400.1348571777344,407.7466735839844,399.3348083496094,404.59222412109375,9088619,405.3694152832031,404.0664978027344,411.6783142089844,405.8722839355469,426.3076171875,430.8793029785156,-0.009730182151650224,407.2529357910156,420.16102905273436,0.017923605148392144
707,2017-11-14,389.8802185058594,405.3694152832031,409.1638793945313,399.1062316894531,400.02056884765625,12481463,403.9979248046875,400.1348571777344,404.0664978027344,411.6783142089844,414.5127258300781,430.1249694824219,0.013081984764810484,405.4242736816406,420.3873260498047,0.018158219020514087
708,2017-11-15,388.5611572265625,403.9979248046875,407.15234375,401.36920166015625,404.3636474609375,15272059,413.2098083496094,405.3694152832031,400.1348571777344,404.0664978027344,405.8722839355469,435.4738159179688,-0.003383310202516032,405.0494018554688,420.6010513305664,0.01816469027290387
709,2017-11-16,397.4211120605469,413.2098083496094,414.1927185058594,404.82080078125,404.82080078125,15160866,416.8900146484375,403.9979248046875,405.3694152832031,400.1348571777344,411.6783142089844,432.753662109375,0.022801809067151346,405.35570068359374,420.3576095581055,0.01570369161121902
710,2017-11-17,400.9606323242188,416.8900146484375,422.8331604003906,415.3356323242188,420.113037109375,12219276,420.9816284179688,413.2098083496094,403.9979248046875,405.3694152832031,404.0664978027344,432.1593627929688,0.00890638659698606,407.9204040527344,420.4033264160156,0.015799541569648894
711,2017-11-20,404.89593505859375,420.9816284179688,422.5817260742188,413.7355651855469,414.2841491699219,9231195,426.3304748535156,416.8900146484375,413.2098083496094,403.9979248046875,400.1348571777344,426.3076171875,0.009814612069760864,412.0897583007812,419.97130432128904,0.014043276971623135
712,2017-11-21,410.0403747558594,426.3304748535156,429.5763549804688,423.1074523925781,423.7017822265625,13082246,425.5075988769531,420.9816284179688,416.8900146484375,413.2098083496094,405.3694152832031,414.5127258300781,0.012705652870524498,416.28197021484374,419.9324447631836,0.014310864339984686
713,2017-11-22,409.24896240234375,425.5075988769531,429.11920166015625,422.1702575683594,428.5705871582031,11058315,432.9365539550781,426.3304748535156,420.9816284179688,416.8900146484375,403.9979248046875,405.8722839355469,-0.0019301364202154447,420.5839050292969,419.723291015625,0.014244647540960737
714,2017-11-23,416.39404296875,432.9365539550781,434.2623291015625,423.6332092285156,425.6218872070313,16031638,434.8109130859375,425.5075988769531,426.3304748535156,420.9816284179688,413.2098083496094,411.6783142089844,0.017459042089335908,424.5292541503906,419.7141479492187,0.014688662468078035
715,2017-11-24,418.19677734375,434.8109130859375,438.651123046875,433.1194152832031,434.30804443359375,13987125,434.9252014160156,432.9365539550781,425.5075988769531,426.3304748535156,416.8900146484375,404.0664978027344,0.004329408348027419,428.1134338378906,420.19988708496095,0.014039646050995041
716,2017-11-27,418.30670166015625,434.9252014160156,437.7367858886719,431.5650329589844,433.05084228515625,10237135,431.2678833007813,434.8109130859375,432.9365539550781,425.5075988769531,420.9816284179688,400.1348571777344,0.0002628460478764083,430.9021484375,420.4021820068359,0.013734093150474781
717,2017-11-28,414.78912353515625,431.2678833007813,434.9252014160156,428.8677673339844,434.2394714355469,10153618,432.4793701171875,434.9252014160156,434.8109130859375,432.9365539550781,426.3304748535156,405.3694152832031,-0.008409073797809197,431.88963012695314,420.4593276977539,0.01387298212552108
718,2017-11-29,415.9542846679688,432.4793701171875,434.30804443359375,430.1935424804688,430.5821228027344,8038351,421.3016662597656,431.2678833007813,434.9252014160156,434.8109130859375,425.5075988769531,403.9979248046875,0.0028091283012634527,433.283984375,420.30960540771486,0.013591148612905295
719,2017-11-30,405.2037658691406,421.3016662597656,430.3992614746094,420.3644714355469,430.3992614746094,20637767,416.0671081542969,432.4793701171875,431.2678833007813,434.9252014160156,432.9365539550781,413.2098083496094,-0.025845634797315498,430.9570068359375,419.73700561523435,0.014706545375410964
720,2017-12-01,400.169189453125,416.0671081542969,425.7361755371094,414.9699096679688,422.62744140625,11114967,412.1811828613281,421.3016662597656,432.4793701171875,431.2678833007813,434.8109130859375,416.8900146484375,-0.012424726804287634,427.2082458496094,418.9323928833008,0.014918036878863216
721,2017-12-04,396.4317626953125,412.1811828613281,417.7586059570313,410.23822021484375,417.6214599609375,10103208,417.712890625,416.0671081542969,421.3016662597656,432.4793701171875,434.9252014160156,420.9816284179688,-0.009339659917379617,422.65944213867186,418.2260711669922,0.014772734694132587
722,2017-12-05,401.7521057128906,417.712890625,420.9359130859375,409.36962890625,411.92974853515625,18306627,423.6332092285156,412.1811828613281,416.0671081542969,421.3016662597656,431.2678833007813,426.3304748535156,0.013420573266521352,419.9484436035156,418.3860794067383,0.01377724886992306
723,2017-12-06,407.4462585449219,423.6332092285156,425.3018493652344,415.4727783203125,416.0213928222656,24078081,425.8733215332031,417.712890625,412.1811828613281,416.0671081542969,432.4793701171875,425.5075988769531,0.014173176687598543,418.17921142578126,419.27412567138674,0.013135396579677374
724,2017-12-07,409.6006774902344,425.8733215332031,427.90771484375,421.9645385742188,425.18756103515625,12095301,421.0502014160156,423.6332092285156,417.712890625,412.1811828613281,421.3016662597656,432.9365539550781,0.005287858118505406,419.0935424804687,419.98387603759767,0.01285063452626727
725,2017-12-08,404.96185302734375,421.0502014160156,428.3420104980469,420.1587524414063,426.9248046875,12224184,418.83294677734375,425.8733215332031,423.6332092285156,417.712890625,416.0671081542969,434.8109130859375,-0.01132524596709561,420.0901611328125,420.8330612182617,0.012345952757859394
726,2017-12-11,402.829345703125,418.83294677734375,423.3360595703125,417.6443176269531,421.7131042480469,10792248,418.5815124511719,421.0502014160156,425.8733215332031,423.6332092285156,412.1811828613281,434.9252014160156,-0.005266010160344559,421.42051391601564,421.76796569824216,0.012159121001326772
727,2017-12-12,402.5875244140625,418.5815124511719,424.7075500488281,415.1070556640625,418.7415161132813,15782031,418.147216796875,418.83294677734375,421.0502014160156,425.8733215332031,417.712890625,431.2678833007813,-0.0006003212691515492,421.59423828125,422.42857055664064,0.011906179144918204
728,2017-12-13,402.1698303222656,418.147216796875,422.8560180664063,416.3414001464844,419.17584228515625,9147866,421.27880859375,418.5815124511719,418.83294677734375,421.0502014160156,423.6332092285156,432.4793701171875,-0.0010375414139857098,420.4970397949219,423.13603515625,0.0118652383954445
729,2017-12-14,405.1817932128906,421.27880859375,422.8331604003906,415.4499206542969,420.1358947753906,10983157,420.478759765625,418.147216796875,418.5815124511719,418.83294677734375,425.8733215332031,421.3016662597656,0.007489208754906551,419.57813720703126,423.539485168457,0.010892157497210132
730,2017-12-15,404.4122314453125,420.478759765625,426.5133666992188,419.5415649414063,425.6218872070313,24408414,421.0502014160156,421.27880859375,418.147216796875,418.5815124511719,421.0502014160156,416.0671081542969,-0.0018990958287116166,419.46384887695314,423.7189224243164,0.010747623624574496
731,2017-12-18,404.96185302734375,421.0502014160156,426.3761901855469,394.3745727539063,416.9128723144531,18581421,423.3132019042969,420.478759765625,421.27880859375,418.147216796875,418.83294677734375,412.1811828613281,0.0013590261983962293,419.9072998046875,423.72235107421875,0.010525263687401597
732,2017-12-19,407.1383972167969,423.3132019042969,423.793212890625,420.5930480957031,422.2388610839844,8891691,419.7472839355469,421.0502014160156,420.478759765625,421.27880859375,418.5815124511719,417.712890625,0.005374657180237996,420.8536376953125,423.5714874267578,0.010183841047501389
733,2017-12-20,403.7088012695313,419.7472839355469,423.97607421875,419.2215576171875,423.2903442382813,10443493,417.3700256347656,423.3132019042969,421.0502014160156,420.478759765625,418.147216796875,423.6332092285156,-0.00842382886408577,421.17365112304685,423.2834716796875,0.010340669661190653
734,2017-12-21,401.42236328125,417.3700256347656,422.39886474609375,416.0213928222656,419.8844299316406,9071450,420.7759094238281,419.7472839355469,423.3132019042969,421.0502014160156,421.27880859375,425.8733215332031,-0.005663546595208624,420.39189453125,422.50514526367186,0.009467494544521681
735,2017-12-22,404.6980590820313,420.7759094238281,421.6902465820313,415.7013549804688,418.147216796875,10658428,425.0732727050781,417.3700256347656,419.7472839355469,423.3132019042969,420.478759765625,421.0502014160156,0.008160345927771484,420.4513244628906,421.8033950805664,0.009635014959600011
736,2017-12-26,408.8311767578125,425.0732727050781,429.2334899902344,419.7472839355469,422.810302734375,11596338,422.3074340820313,420.7759094238281,417.3700256347656,419.7472839355469,421.0502014160156,418.83294677734375,0.01021294989804522,421.2559387207031,421.31079864501953,0.009986465810427069
737,2017-12-27,406.1710510253906,422.3074340820313,428.5934448242188,420.1358947753906,426.5362243652344,9520350,422.5131530761719,425.0732727050781,420.7759094238281,417.3700256347656,423.3132019042969,418.5815124511719,-0.00650673378132105,421.05478515625,420.862776184082,0.00992201119303281
738,2017-12-28,406.3689575195313,422.5131530761719,427.1762390136719,420.1816101074219,422.9931640625,15511891,421.0730590820313,422.3074340820313,425.0732727050781,420.7759094238281,419.7472839355469,418.147216796875,0.0004871308850806777,421.607958984375,420.3644653320313,0.009888594668055533
739,2017-12-29,404.98388671875,421.0730590820313,426.2161865234375,419.90728759765625,423.5646362304688,11089700,415.9071044921875,422.5131530761719,422.3074340820313,425.0732727050781,417.3700256347656,421.27880859375,-0.003408400386250121,422.34856567382815,420.35303497314453,0.008034586314158071
740,2018-01-01,400.0153198242188,415.9071044921875,421.827392578125,414.8784790039063,421.827392578125,9453202,416.547119140625,421.0730590820313,422.5131530761719,422.3074340820313,420.7759094238281,420.478759765625,-0.012268546938400515,421.3748046875,420.34503479003905,0.008021937242666278
741,2018-01-02,400.630859375,416.547119140625,420.3873291015625,414.3755798339844,417.3928833007813,9499419,418.2157897949219,415.9071044921875,421.0730590820313,422.5131530761719,425.0732727050781,421.0502014160156,0.0015388403841261056,419.66957397460936,420.5633316040039,0.007717559983101835
742,2018-01-03,402.2357482910156,418.2157897949219,423.3360595703125,417.4157409667969,422.8788757324219,13507800,420.7301940917969,416.547119140625,415.9071044921875,421.0730590820313,422.3074340820313,423.3132019042969,0.004005958936265097,418.8512451171875,420.5884765625,0.0071584052054339264
743,2018-01-04,404.654052734375,420.7301940917969,421.41595458984375,418.6272277832031,419.7472839355469,9008932,422.0788269042969,418.2157897949219,416.547119140625,415.9071044921875,422.5131530761719,419.7472839355469,0.006012217516005336,418.4946533203125,420.4433258056641,0.006516898687422141
744,2018-01-05,405.9512023925781,422.0788269042969,423.74749755859375,420.7073364257813,421.41595458984375,7441284,424.5018310546875,420.7301940917969,418.2157897949219,416.547119140625,421.0730590820313,417.3700256347656,0.003205457633986164,418.6958068847656,420.25360107421875,0.006438692902825061
745,2018-01-08,408.2816467285156,424.5018310546875,425.6218872070313,422.1931457519531,423.38177490234375,8827020,430.1706848144531,422.0788269042969,420.7301940917969,418.2157897949219,415.9071044921875,420.7759094238281,0.005740643680617552,420.4147521972656,420.42618255615236,0.006036761918695125
746,2018-01-09,413.7338562011719,430.1706848144531,431.5193176269531,422.4217224121094,424.3189392089844,14294571,430.8107299804688,424.5018310546875,422.0788269042969,420.7301940917969,416.547119140625,425.0732727050781,0.01335413264456653,423.13946533203125,420.9930694580078,0.006528575537058237
747,2018-01-10,414.3494873046875,430.8107299804688,433.1194152832031,427.67913818359375,431.1078796386719,11727682,428.707763671875,430.1706848144531,424.5018310546875,422.0788269042969,418.2157897949219,422.3074340820313,0.001487886526465143,425.6584533691406,421.60453033447266,0.006512309078816436
748,2018-01-11,412.3268432617188,428.707763671875,430.9478759765625,427.4505310058594,430.5592651367188,7849171,433.8508605957031,430.8107299804688,430.1706848144531,424.5018310546875,420.7301940917969,422.5131530761719,-0.004881415810347067,427.25396728515625,422.13255767822267,0.006645292258666984
749,2018-01-12,417.2734680175781,433.8508605957031,435.5881042480469,428.9363403320313,431.1078796386719,15071161,433.91943359375,428.707763671875,430.8107299804688,430.1706848144531,422.0788269042969,421.0730590820313,0.011996743142175914,429.6083740234375,422.7611602783203,0.006937378771924851
750,2018-01-15,417.3393859863281,433.91943359375,438.1939392089844,432.1136474609375,434.30804443359375,11120925,421.9416809082031,433.8508605957031,428.707763671875,430.8107299804688,424.5018310546875,415.9071044921875,0.00015805661409240557,431.49189453125,423.4331939697266,0.006899566737549581
751,2018-01-16,405.8193054199219,421.9416809082031,433.2565612792969,420.5930480957031,433.2565612792969,10825151,422.6502990722656,433.91943359375,433.8508605957031,428.707763671875,430.1706848144531,416.547119140625,-0.02760363274432376,429.84609375,423.47776794433594,0.009501134291441515
752,2018-01-17,406.5008544921875,422.6502990722656,424.7075500488281,414.6498718261719,423.3360595703125,13204016,420.4559020996094,421.9416809082031,433.91943359375,433.8508605957031,430.8107299804688,418.2157897949219,0.0016794220531548554,428.21400756835936,423.4446228027344,0.009429826876795045
753,2018-01-18,404.3903198242188,420.4559020996094,424.9818420410156,418.3529357910156,424.7075500488281,9381821,425.759033203125,422.6502990722656,421.9416809082031,433.91943359375,428.707763671875,420.7301940917969,-0.005191992002544499,426.5636352539062,423.4800537109375,0.009305392370055038
754,2018-01-19,409.4907836914063,425.759033203125,427.1762390136719,421.5531005859375,421.9645385742188,9973533,444.1371154785156,420.4559020996094,422.6502990722656,421.9416809082031,433.8508605957031,422.0788269042969,0.012612811657616518,424.9452697753906,423.89950408935545,0.00959968409656345
755,2018-01-22,427.1666870117188,444.1371154785156,445.4171752929688,429.73638916015625,433.3937072753906,45700733,449.5088195800781,425.759033203125,420.4559020996094,422.6502990722656,433.91943359375,424.5018310546875,0.04316545473416333,426.9888061523437,425.0675643920898,0.013403730681272714
756,2018-01-23,432.3330993652344,449.5088195800781,453.0289916992188,445.7372131347656,445.7372131347656,22526810,441.78271484375,444.1371154785156,425.759033203125,420.4559020996094,421.9416809082031,430.1706848144531,0.012094697593050707,432.5022338867187,426.28934173583986,0.013465043745213333
757,2018-01-24,424.9022521972656,441.78271484375,448.8230590820313,440.0911865234375,448.8230590820313,14289485,441.5769958496094,449.5088195800781,444.1371154785156,425.759033203125,422.6502990722656,430.8107299804688,-0.017187882416958344,436.32871704101564,427.26310577392576,0.01405595872919712
758,2018-01-25,424.7043151855469,441.5769958496094,444.3656921386719,437.1195983886719,442.4913024902344,13669901,440.93695068359375,441.78271484375,449.5088195800781,444.1371154785156,420.4559020996094,428.707763671875,-0.00046565650313723506,440.5529357910156,428.21629791259767,0.014064216557096366
759,2018-01-29,424.0887756347656,440.93695068359375,446.7886657714844,438.5596923828125,441.7141418457031,9897064,434.4909057617188,441.5769958496094,441.78271484375,449.5088195800781,425.759033203125,433.8508605957031,-0.0014494531464079863,443.58851928710936,429.2094924926758,0.01402913036053438
760,2018-01-30,417.8890380859375,434.4909057617188,441.5312805175781,433.8508605957031,441.5312805175781,9182956,439.4740295410156,440.93695068359375,441.5769958496094,441.78271484375,444.1371154785156,433.91943359375,-0.014618971968399341,441.65927734375,430.13868255615233,0.014167637821466746
761,2018-01-31,422.68170166015625,439.4740295410156,440.93695068359375,430.4449768066406,434.30804443359375,12551686,431.4964599609375,434.4909057617188,440.93695068359375,441.5769958496094,449.5088195800781,421.9416809082031,0.011468879355623685,439.6523193359375,431.2850280761719,0.01431344642818844
762,2018-02-01,415.009033203125,431.4964599609375,444.6399841308594,428.1820068359375,440.3655090332031,16524809,413.4383850097656,439.4740295410156,434.4909057617188,440.93695068359375,441.78271484375,422.6502990722656,-0.018152539271569346,437.595068359375,431.94906158447264,0.015052017909850238
763,2018-02-02,397.6408996582031,413.4383850097656,431.5421752929688,411.9068908691406,427.4505310058594,28965593,412.4326171875,431.4964599609375,439.4740295410156,434.4909057617188,441.5769958496094,420.4559020996094,-0.04184987972510046,431.96734619140625,431.58447113037107,0.017867062702212097
764,2018-02-05,396.6735534667969,412.4326171875,417.164306640625,403.1293029785156,408.7067260742188,19191099,407.8381042480469,413.4383850097656,431.4964599609375,439.4740295410156,440.93695068359375,425.759033203125,-0.0024326909612949477,426.2664794921875,431.10216064453124,0.017846303352873592
765,2018-02-06,392.2546081542969,407.8381042480469,410.535400390625,398.19189453125,400.9349060058594,24062503,408.88958740234375,412.4326171875,413.4383850097656,431.4964599609375,434.4909057617188,444.1371154785156,-0.011140032936251432,420.9359191894531,430.2689743041992,0.01790961105526313
766,2018-02-07,393.2658996582031,408.88958740234375,413.9184265136719,406.8780517578125,412.6155090332031,15532284,413.5298156738281,407.8381042480469,412.4326171875,413.4383850097656,439.4740295410156,449.5088195800781,0.002578187627258588,414.81903076171875,429.2049194335938,0.017587396335825047
767,2018-02-08,397.7288818359375,413.5298156738281,416.3185424804688,407.952392578125,410.48968505859375,13825894,410.4668273925781,408.88958740234375,407.8381042480469,412.4326171875,431.4964599609375,441.78271484375,0.01134836497295888,411.2257019042969,428.3408737182617,0.017838146382443233
768,2018-02-09,394.7828369140625,410.4668273925781,412.3640441894531,405.0493774414063,406.4208984375,11580639,418.5357971191406,413.5298156738281,408.88958740234375,407.8381042480469,413.4383850097656,441.5769958496094,-0.007406934555030831,410.6313903808594,427.4288269042969,0.017869322259092425
769,2018-02-12,402.5436096191406,418.5357971191406,419.7701416015625,412.3869018554688,412.82122802734375,11877059,426.8333740234375,410.4668273925781,413.5298156738281,408.88958740234375,412.4326171875,440.93695068359375,0.01965803126605703,411.8520263671875,426.66307373046874,0.018263382699897475
770,2018-02-14,410.5240783691406,426.8333740234375,430.8793029785156,421.0502014160156,421.9645385742188,22247829,427.7477111816406,418.5357971191406,410.4668273925781,413.5298156738281,407.8381042480469,434.4909057617188,0.019825250220914414,415.6510803222656,426.30877075195315,0.018884036001072746
771,2018-02-15,411.4034729003906,427.7477111816406,432.3650817871094,424.3189392089844,428.66204833984375,13363743,421.1873779296875,426.8333740234375,418.5357971191406,410.4668273925781,408.88958740234375,439.4740295410156,0.0021421407365229683,419.422705078125,426.599072265625,0.017789397544584976
772,2018-02-16,405.0937805175781,421.1873779296875,430.9250183105469,419.7244262695313,429.5534973144531,9628162,423.793212890625,427.7477111816406,426.8333740234375,418.5357971191406,413.5298156738281,431.4964599609375,-0.015336921929588798,420.9542175292969,426.5259262084961,0.018150093607618736
773,2018-02-19,407.6000671386719,423.793212890625,426.07904052734375,417.6443176269531,421.0502014160156,8941900,421.0959167480469,421.1873779296875,427.7477111816406,426.8333740234375,410.4668273925781,413.4383850097656,0.006186878091518855,423.61949462890624,426.6927917480469,0.018157678825903568
774,2018-02-20,405.0058288574219,421.0959167480469,424.958984375,420.0444641113281,424.7075500488281,8458450,424.8675537109375,423.793212890625,421.1873779296875,427.7477111816406,418.5357971191406,412.4326171875,-0.0063646515813226,424.1315185546875,426.45963592529296,0.017989315374553956
775,2018-02-21,408.6333923339844,424.8675537109375,426.3076171875,421.5759582519531,425.1647033691406,11917390,422.5817260742188,421.0959167480469,423.793212890625,421.1873779296875,426.8333740234375,407.8381042480469,0.00895671701596501,423.7383544921875,425.49615783691405,0.01500875941087772
776,2018-02-22,406.4349365234375,422.5817260742188,425.6218872070313,420.5930480957031,421.5073852539063,11196908,427.107666015625,424.8675537109375,421.0959167480469,423.793212890625,427.7477111816406,408.88958740234375,-0.005380094612435049,422.7051574707031,424.1498031616211,0.014642654948378063
777,2018-02-23,410.7878723144531,427.107666015625,428.8220520019531,421.8502502441406,423.0617370605469,10610664,429.1420593261719,422.5817260742188,424.8675537109375,421.0959167480469,421.1873779296875,413.5298156738281,0.010710212160502497,423.88921508789065,423.41605072021486,0.01454655258349707
778,2018-02-26,412.7445373535156,429.1420593261719,431.97650146484375,428.1820068359375,429.2792053222656,8435611,434.53662109375,427.107666015625,422.5817260742188,424.8675537109375,423.793212890625,410.4668273925781,0.004763186129448815,424.958984375,422.79430389404297,0.01461458042636184
779,2018-02-27,417.9329528808594,434.53662109375,436.9595947265625,428.9820556640625,429.2792053222656,14021366,436.3881530761719,429.1420593261719,427.107666015625,422.5817260742188,421.0959167480469,418.5357971191406,0.012570573427476583,427.6471252441406,422.47428741455076,0.014940881246037159
780,2018-02-28,419.7137451171875,436.3881530761719,437.5539245605469,431.1993103027344,432.4565124511719,56650480,433.5765686035156,434.53662109375,429.1420593261719,427.107666015625,424.8675537109375,426.8333740234375,0.004260934274679773,429.9512451171875,422.56914978027345,0.01460270116893419
781,2018-03-01,417.0096130371094,433.5765686035156,438.833984375,432.4565124511719,434.1937561035156,8956590,422.4674377441406,436.3881530761719,434.53662109375,429.1420593261719,422.5817260742188,427.7477111816406,-0.006442852430426749,432.15021362304685,422.27427673339844,0.014431227015784169
782,2018-03-05,406.3249816894531,422.4674377441406,434.3766174316406,421.3245239257813,431.1078796386719,12325694,416.4099731445313,433.5765686035156,436.3881530761719,434.53662109375,427.107666015625,421.1873779296875,-0.025622073847661575,431.22216796875,421.8228256225586,0.014995679556177687
783,2018-03-06,400.49896240234375,416.4099731445313,427.9991455078125,413.7812805175781,424.7075500488281,16019726,406.7637634277344,422.4674377441406,433.5765686035156,436.3881530761719,429.1420593261719,423.793212890625,-0.014338299377472774,428.6757507324219,421.9714050292969,0.012011119355621528
784,2018-03-07,391.2213134765625,406.7637634277344,415.6784973144531,405.986572265625,415.6784973144531,15853546,416.6842651367188,416.4099731445313,422.4674377441406,433.5765686035156,434.53662109375,421.0959167480469,-0.02316517456091005,423.1211791992188,421.6879623413086,0.013114847749649827
785,2018-03-08,400.76275634765625,416.6842651367188,418.0786437988281,408.38671875,410.3753662109375,13283967,417.4385986328125,406.7637634277344,416.4099731445313,422.4674377441406,436.3881530761719,424.8675537109375,0.024388853189344806,419.18040161132814,422.13027038574216,0.01399044628129569
786,2018-03-09,401.4883117675781,417.4385986328125,420.2958984375,416.50140380859375,418.2615051269531,10638527,425.3018493652344,416.6842651367188,406.7637634277344,416.4099731445313,433.5765686035156,422.5817260742188,0.0018103239291893392,415.9528076171875,422.55772094726564,0.013987421983283314
787,2018-03-12,409.0510559082031,425.3018493652344,426.5819396972656,419.4729919433594,420.5930480957031,8315150,426.0104675292969,417.4385986328125,416.6842651367188,406.7637634277344,422.4674377441406,427.107666015625,0.018836903818131523,416.5196899414062,423.1463226318359,0.01437038926113189
788,2018-03-13,409.7326049804688,426.0104675292969,427.90771484375,421.2102355957031,426.0333251953125,11148731,424.73040771484375,425.3018493652344,417.4385986328125,416.6842651367188,416.4099731445313,429.1420593261719,0.001666153498086409,418.4397888183594,423.9235046386719,0.014216713017993836
789,2018-03-14,408.5014343261719,424.73040771484375,426.1018981933594,420.2273254394531,424.6161193847656,14724464,416.8442687988281,426.0104675292969,425.3018493652344,417.4385986328125,406.7637634277344,434.53662109375,-0.003004761413204271,422.0331176757812,424.23323516845704,0.013622281643378177
790,2018-03-15,400.9166870117188,416.8442687988281,424.9132690429688,416.0213928222656,422.8788757324219,12711836,411.47259521484375,424.73040771484375,426.0104675292969,425.3018493652344,416.6842651367188,436.3881530761719,-0.018567398925932843,422.06511840820315,423.73377990722656,0.013508242171931108
791,2018-03-16,395.7502746582031,411.47259521484375,415.8842468261719,405.072265625,415.564208984375,30814962,409.3924865722656,416.8442687988281,424.73040771484375,426.0104675292969,417.4385986328125,433.5765686035156,-0.012886523783722126,420.8719177246094,422.9200241088867,0.013734710786365028
792,2018-03-19,393.7496032714844,409.3924865722656,414.6041564941406,407.7923889160156,411.9068908691406,12630833,406.78662109375,411.47259521484375,416.8442687988281,424.73040771484375,425.3018493652344,422.4674377441406,-0.005055278691141085,417.69004516601564,422.3302795410156,0.013391378414151743
793,2018-03-20,391.2433471679688,406.78662109375,413.27838134765625,405.5294189453125,408.38671875,15192983,410.0325012207031,409.3924865722656,411.47259521484375,416.8442687988281,426.0104675292969,416.4099731445313,-0.0063652010332037046,413.84527587890625,421.4799499511719,0.013314273098354343
794,2018-03-21,394.3651428222656,410.0325012207031,412.5240478515625,408.38671875,409.0953063964844,14715126,415.1756286621094,406.78662109375,409.3924865722656,411.47259521484375,424.73040771484375,406.7637634277344,0.007979318784442135,410.90569458007815,420.92677917480466,0.013450239550400223
795,2018-03-22,399.311767578125,415.1756286621094,416.9128723144531,409.50677490234375,409.6210632324219,22129723,408.6610107421875,410.0325012207031,406.78662109375,409.3924865722656,416.8442687988281,416.6842651367188,0.012543218954826019,410.57196655273435,420.44218292236326,0.01361628508729557
796,2018-03-23,393.0460815429688,408.6610107421875,411.44970703125,406.4666137695313,407.15234375,23469999,411.9526062011719,415.1756286621094,410.0325012207031,406.78662109375,411.47259521484375,417.4385986328125,-0.015691233950593464,410.0096496582031,419.7461471557617,0.013978656573988309
797,2018-03-26,396.2119140625,411.9526062011719,413.41552734375,408.0209655761719,408.6838684082031,13227705,411.3582763671875,408.6610107421875,415.1756286621094,410.0325012207031,409.3924865722656,425.3018493652344,0.008054586497024507,410.52167358398435,418.98839416503904,0.013867938896305514
798,2018-03-27,395.6402282714844,411.3582763671875,416.3642578125,410.0782165527344,414.7413330078125,15179544,403.5407409667969,411.9526062011719,408.6610107421875,415.1756286621094,406.78662109375,426.0104675292969,-0.0014427141011802425,411.4360046386719,418.09920501708984,0.013784580092462296
799,2018-03-28,388.1214294433594,403.5407409667969,409.552490234375,402.306396484375,409.5296325683594,19160609,408.2266845703125,411.3582763671875,411.9526062011719,408.6610107421875,410.0325012207031,424.73040771484375,-0.019004201080939254,410.1376525878906,416.5494110107422,0.01383318890433787
800,2018-04-02,392.62835693359375,408.2266845703125,411.884033203125,405.2779846191406,408.2495422363281,12494499,411.2439880371094,403.5407409667969,411.3582763671875,411.9526062011719,415.1756286621094,416.8442687988281,0.01161207067293657,408.74786376953125,415.1413375854492,0.014147213646463373
801,2018-04-03,395.5303649902344,411.2439880371094,412.2268981933594,404.7065124511719,407.3352355957031,13922126,409.1181640625,408.2266845703125,403.5407409667969,411.3582763671875,408.6610107421875,411.47259521484375,0.007391245062710272,409.26445922851565,414.0247085571289,0.014319253089322744
802,2018-04-04,393.48577880859375,409.1181640625,416.8442687988281,407.8152465820313,413.598388671875,14214534,415.198486328125,411.2439880371094,408.2266845703125,403.5407409667969,411.9526062011719,409.3924865722656,-0.005169252405989089,408.69757080078125,413.35724487304685,0.013276645917650577
803,2018-04-05,399.333740234375,415.198486328125,416.0213928222656,413.0498046875,413.7812805175781,8527915,416.4785461425781,409.1181640625,411.2439880371094,408.2266845703125,411.3582763671875,406.78662109375,0.014862019826370032,409.4656127929687,413.2966705322266,0.013397893703284914
804,2018-04-06,400.5649108886719,416.4785461425781,419.90728759765625,413.7355651855469,415.1070556640625,9664888,418.7643737792969,415.198486328125,409.1181640625,411.2439880371094,403.5407409667969,410.0325012207031,0.003083006939099242,412.053173828125,413.78240966796875,0.012252104225825827
805,2018-04-09,402.7633972167969,418.7643737792969,420.1358947753906,417.1871643066406,417.1871643066406,7813897,419.2444152832031,416.4785461425781,415.198486328125,409.1181640625,408.2266845703125,415.1756286621094,0.005488464310803298,414.16071166992185,413.8864151000977,0.011042839230858307
806,2018-04-10,403.2251281738281,419.2444152832031,422.3760070800781,417.9186401367188,419.861572265625,8455132,425.5533142089844,418.7643737792969,416.4785461425781,415.198486328125,411.2439880371094,408.6610107421875,0.0011463284222914538,415.76079711914065,413.97670593261716,0.011039079294536328
807,2018-04-11,409.2929382324219,425.5533142089844,426.4219055175781,418.7872314453125,421.41595458984375,13140816,424.5704040527344,419.2444152832031,418.7643737792969,416.4785461425781,409.1181640625,411.9526062011719,0.015048259907098682,419.0478271484375,413.98927917480466,0.01073200476067207
808,2018-04-12,408.34759521484375,424.5704040527344,428.2048645019531,422.5131530761719,425.09613037109375,10822592,429.2106323242188,425.5533142089844,419.2444152832031,418.7643737792969,415.198486328125,411.3582763671875,-0.002309722714948226,420.9222106933594,413.9172760009766,0.010737985060614767
809,2018-04-13,412.8105163574219,429.2106323242188,430.5135498046875,424.5704040527344,426.3990478515625,12616816,428.3877258300781,424.5704040527344,425.5533142089844,419.2444152832031,416.4785461425781,403.5407409667969,0.010929231588427069,423.4686279296875,414.1412872314453,0.01098966408981008
810,2018-04-16,412.01904296875,428.3877258300781,429.73638916015625,424.4789733886719,427.1990966796875,8934275,431.6793212890625,429.2106323242188,424.5704040527344,425.5533142089844,418.7643737792969,408.2266845703125,-0.001917255613367641,425.39329833984374,414.7184600830078,0.010053427516072745
811,2018-04-17,415.1848449707031,431.6793212890625,433.0279846191406,427.90771484375,429.73638916015625,9599816,428.8220520019531,428.3877258300781,429.2106323242188,424.5704040527344,419.2444152832031,411.2439880371094,0.007683682936074687,427.8802795410156,415.7287963867187,0.00955309345469906
812,2018-04-18,412.436767578125,428.8220520019531,433.4851379394531,427.473388671875,432.1365051269531,7360987,430.7878723144531,431.6793212890625,428.3877258300781,429.2106323242188,425.5533142089844,409.1181640625,-0.006618962609969636,428.5340270996094,416.7002746582031,0.00962383021514558
813,2018-04-19,414.3274841308594,430.7878723144531,432.022216796875,427.4505310058594,429.3249206542969,9802587,424.2046508789063,428.8220520019531,431.6793212890625,428.3877258300781,424.5704040527344,415.198486328125,0.00458423325788071,429.77752075195315,417.9003372192383,0.009410114849070915
814,2018-04-20,407.9958190917969,424.2046508789063,430.5821228027344,421.14166259765625,428.8220520019531,7326696,427.90771484375,430.7878723144531,428.8220520019531,431.6793212890625,429.2106323242188,416.4785461425781,-0.015281817011648324,428.7763244628906,418.60894470214845,0.010158654263491308
815,2018-04-23,411.5574035644531,427.90771484375,431.72503662109375,424.4789733886719,425.1647033691406,7674482,443.4742126464844,424.2046508789063,430.7878723144531,428.8220520019531,428.3877258300781,418.7643737792969,0.008729428018225072,428.680322265625,419.2455490112305,0.009979597877335041
816,2018-04-24,426.5290832519531,443.4742126464844,446.0572204589844,427.4505310058594,427.8162841796875,19921115,443.6799621582031,427.90771484375,424.2046508789063,430.7878723144531,431.6793212890625,419.2444152832031,0.03637816581180009,431.0393005371094,420.9862091064453,0.011857734024429368
817,2018-04-25,426.7269592285156,443.6799621582031,448.8459167480469,440.5026550292969,445.1200256347656,14079382,445.897216796875,443.4742126464844,427.90771484375,424.2046508789063,428.8220520019531,425.5533142089844,0.0004639492124940414,434.01088256835936,422.57257690429685,0.011848070881962457
818,2018-04-26,428.8594970703125,445.897216796875,451.6803588867188,439.9083251953125,444.8228759765625,34096999,455.474853515625,443.6799621582031,443.4742126464844,427.90771484375,430.7878723144531,424.5704040527344,0.0049974189230599375,437.0327514648437,424.2995239257813,0.011785928990864659
819,2018-04-27,438.0711669921875,455.474853515625,462.1951904296875,450.5374450683594,452.5032653808594,25518647,440.3883666992188,445.897216796875,443.6799621582031,443.4742126464844,424.2046508789063,429.2106323242188,0.021479471855759602,443.2867919921875,426.89622955322267,0.011062406790062117
820,2018-04-30,423.5611572265625,440.3883666992188,453.7833251953125,438.8796997070313,448.9373779296875,19406069,444.6857299804688,455.474853515625,445.897216796875,443.6799621582031,427.90771484375,428.3877258300781,-0.0331225460636515,445.7829223632813,428.50431365966796,0.014022013507122264
821,2018-05-02,427.69427490234375,444.6857299804688,447.65728759765625,441.1883850097656,442.0798645019531,13381914,439.6111755371094,440.3883666992188,455.474853515625,445.897216796875,443.4742126464844,431.6793212890625,0.009758121708480783,446.0252258300781,430.17640075683596,0.014063026719070821
822,2018-05-03,422.8136291503906,439.6111755371094,447.06298828125,438.5368347167969,447.06298828125,8634812,436.1138610839844,444.6857299804688,440.3883666992188,455.474853515625,443.6799621582031,428.8220520019531,-0.011411552251929247,445.2114685058594,431.70105133056643,0.01434395270581132
823,2018-05-04,419.4499206542969,436.1138610839844,441.02838134765625,434.30804443359375,440.1826171875,8302649,443.9085388183594,439.6111755371094,444.6857299804688,440.3883666992188,445.897216796875,430.7878723144531,-0.007955472125684815,443.2547973632812,432.7468200683594,0.01431669881077517
824,2018-05-07,426.9468078613281,443.9085388183594,444.9371643066406,437.2110595703125,438.3539733886719,7683268,442.1255798339844,436.1138610839844,439.6111755371094,444.6857299804688,455.474853515625,424.2046508789063,0.017873033695835483,440.9415344238281,434.1183197021484,0.014721516658083024
825,2018-05-08,425.2319946289063,442.1255798339844,448.9373779296875,441.2569580078125,446.880126953125,10792648,446.5143737792969,443.9085388183594,436.1138610839844,439.6111755371094,440.3883666992188,427.90771484375,-0.004016500761893527,441.2889770507812,435.2863800048828,0.014800262978643938
826,2018-05-09,429.45306396484375,446.5143737792969,449.9888305664063,439.9083251953125,441.5769958496094,9831044,448.54876708984375,442.1255798339844,443.9085388183594,436.1138610839844,444.6857299804688,443.4742126464844,0.009926577754131527,441.6547058105469,436.6498779296875,0.014877964295221143
827,2018-05-10,431.4097290039063,448.54876708984375,450.1260070800781,445.3943176269531,448.0230407714844,8781584,452.2518310546875,446.5143737792969,442.1255798339844,443.9085388183594,439.6111755371094,443.6799621582031,0.004556165333106321,443.4422241210938,437.79965057373045,0.014623258329216474
828,2018-05-11,434.9712524414063,452.2518310546875,453.1889953613281,446.9944152832031,448.594482421875,8774740,451.0403137207031,448.54876708984375,446.5143737792969,442.1255798339844,436.1138610839844,445.897216796875,0.008255655207501711,446.66981811523436,439.1837219238281,0.014622214433821234
829,2018-05-14,433.8060302734375,451.0403137207031,453.4861755371094,446.5143737792969,453.4861755371094,5642499,447.5429992675781,452.2518310546875,448.54876708984375,446.5143737792969,443.9085388183594,455.474853515625,-0.002678855564075877,448.09617309570314,440.2752059936523,0.014563277008596517
830,2018-05-15,430.44244384765625,447.5429992675781,457.1663513183594,446.4915161132813,449.4173889160156,10501479,437.1195983886719,451.0403137207031,452.2518310546875,448.54876708984375,442.1255798339844,440.3883666992188,-0.007753884401762501,449.1796569824219,441.2329696655273,0.014715907369324115
831,2018-05-16,420.4172668457031,437.1195983886719,445.280029296875,435.4281005859375,445.280029296875,18840763,432.1822204589844,447.5429992675781,451.0403137207031,452.2518310546875,446.5143737792969,444.6857299804688,-0.023290278020133393,447.3007019042969,441.50498352050784,0.015714615404513625
832,2018-05-17,415.6684875488281,432.1822204589844,438.8796997070313,430.422119140625,438.5825500488281,10353948,426.9248046875,437.1195983886719,447.5429992675781,451.0403137207031,448.54876708984375,439.6111755371094,-0.011295256373513918,444.027392578125,441.67299194335936,0.015864006134282235
833,2018-05-18,410.6119995117188,426.9248046875,435.9081115722656,426.07904052734375,432.2965087890625,11440117,425.7818908691406,432.1822204589844,437.1195983886719,447.5429992675781,452.2518310546875,436.1138610839844,-0.012164812716962126,438.9619873046875,441.4798385620117,0.0160782387971201
834,2018-05-21,409.5128173828125,425.7818908691406,427.77056884765625,421.5531005859375,425.5075988769531,14491208,423.6789245605469,426.9248046875,432.1822204589844,437.1195983886719,451.0403137207031,443.9085388183594,-0.002677084596187762,433.910302734375,441.55870056152344,0.01570389533650617
835,2018-05-22,407.4902038574219,423.6789245605469,426.9933776855469,422.8788757324219,426.6047973632813,11310073,417.0500183105469,425.7818908691406,426.9248046875,432.1822204589844,447.5429992675781,442.1255798339844,-0.004939069400769935,429.1374877929687,441.3472610473633,0.015615033534857855
836,2018-05-23,401.1145935058594,417.0500183105469,423.3360595703125,415.6327819824219,423.3360595703125,9991028,418.69580078125,423.6789245605469,425.7818908691406,426.9248046875,437.1195983886719,446.5143737792969,-0.015646060886497226,425.1235717773437,440.0260513305664,0.013336204919713728
837,2018-05-24,402.6974182128906,418.69580078125,421.0502014160156,416.0899658203125,417.85003662109375,11632489,420.9587707519531,417.0500183105469,423.6789245605469,425.7818908691406,432.1822204589844,448.54876708984375,0.003946247208836295,422.42628784179686,438.77684326171874,0.013406111991958642
838,2018-05-25,404.87396240234375,420.9587707519531,422.14739990234375,418.0557861328125,418.7643737792969,17782410,420.7759094238281,418.69580078125,417.0500183105469,423.6789245605469,426.9248046875,452.2518310546875,0.005404806942129969,421.2330810546875,437.52992095947263,0.013418899118343005
839,2018-05-28,404.6980590820313,420.7759094238281,423.793212890625,419.7244262695313,422.8331604003906,11369679,419.4272766113281,420.9587707519531,418.69580078125,417.0500183105469,425.7818908691406,451.0403137207031,-0.0004343924888376982,420.231884765625,435.7949737548828,0.012169650996893263
840,2018-05-29,403.4009704589844,419.4272766113281,424.2503662109375,418.0329284667969,421.27880859375,17878384,418.8100891113281,420.7759094238281,420.9587707519531,418.69580078125,423.6789245605469,447.5429992675781,-0.0032051093760255833,419.3815551757813,434.7469192504883,0.010038554529912215
841,2018-05-30,402.8073425292969,418.8100891113281,422.0559692382813,414.4670104980469,418.2386474609375,13105124,421.2102355957031,419.4272766113281,420.7759094238281,420.9587707519531,417.0500183105469,437.1195983886719,-0.001471500625773392,419.7335693359375,433.45313720703126,0.009629175048921279
842,2018-05-31,405.1157836914063,421.2102355957031,421.64453125,418.10150146484375,421.0502014160156,37080158,425.4161682128906,418.8100891113281,419.4272766113281,420.7759094238281,418.69580078125,432.1822204589844,0.00573087073777967,420.2364562988281,432.53309020996096,0.009599141706340426
843,2018-06-01,409.1610412597656,425.4161682128906,427.7934265136719,419.8844299316406,420.5930480957031,19174278,430.1249694824219,421.2102355957031,418.8100891113281,419.4272766113281,420.9587707519531,426.9248046875,0.009985352353176324,421.1279357910156,431.9982055664062,0.00985715414972931
844,2018-06-04,413.6898498535156,430.1249694824219,431.5650329589844,425.4161682128906,426.7190856933594,12250151,433.2337036132813,425.4161682128906,421.2102355957031,418.8100891113281,420.7759094238281,425.7818908691406,0.011068693720109879,422.99774780273435,431.30902709960935,0.009263975532035356
845,2018-06-05,416.6798400878906,433.2337036132813,436.5938720703125,430.1935424804688,431.0164489746094,17436812,436.319580078125,430.1249694824219,425.4161682128906,421.2102355957031,419.4272766113281,423.6789245605469,0.007227513749318515,425.759033203125,430.8644332885742,0.009444865661607458
846,2018-06-06,419.6478271484375,436.319580078125,437.051025390625,430.9478759765625,432.9365539550781,9164022,444.0685424804688,433.2337036132813,430.1249694824219,425.4161682128906,418.8100891113281,417.0500183105469,0.007122891038039425,429.26093139648435,430.3546936035156,0.009294184507484066
847,2018-06-07,427.1006774902344,444.0685424804688,446.1943664550781,436.3424377441406,436.5481567382813,14999572,450.01171875,436.319580078125,433.2337036132813,430.1249694824219,421.2102355957031,418.69580078125,0.01775983191255448,433.8325927734375,430.13068237304685,0.010147803645878034
848,2018-06-08,432.8168029785156,450.01171875,451.0174560546875,439.1539916992188,441.78271484375,14289325,449.2345275878906,444.0685424804688,436.319580078125,433.2337036132813,425.4161682128906,420.9587707519531,0.01338346606659857,438.7517028808594,430.0186767578125,0.010439978834161812
849,2018-06-11,432.06927490234375,449.2345275878906,457.14349365234375,447.5887145996094,451.2689208984375,15018718,455.8634338378906,450.01171875,444.0685424804688,436.319580078125,430.1249694824219,420.7759094238281,-0.0017270464961850474,442.5736145019531,429.9283874511719,0.010430231538055867
850,2018-06-12,438.4449157714844,455.8634338378906,457.1663513183594,448.1601867675781,449.577392578125,16285583,458.3092651367188,449.2345275878906,450.01171875,444.0685424804688,433.2337036132813,419.4272766113281,0.01475600347460615,447.099560546875,430.3444091796875,0.010775174492705123
851,2018-06-13,440.7972717285156,458.3092651367188,459.8636474609375,452.3661193847656,457.1663513183594,12962502,460.80084228515625,455.8634338378906,449.2345275878906,450.01171875,436.319580078125,418.8100891113281,0.005365271959272722,451.49749755859375,431.40389251708984,0.009163131447844473
852,2018-06-14,443.1936340332031,460.80084228515625,462.5609130859375,451.4060668945313,456.0005798339844,11997529,463.6581115722656,458.3092651367188,455.8634338378906,449.2345275878906,444.0685424804688,421.2102355957031,0.005436453805257813,454.8439575195313,432.83482360839844,0.008592040825746968
853,2018-06-15,445.9418029785156,463.6581115722656,467.9097595214844,456.823486328125,459.9093627929688,24705890,464.2752990722656,460.80084228515625,458.3092651367188,455.8634338378906,450.01171875,425.4161682128906,0.006200659861947955,457.5732360839844,434.6714889526367,0.007803535670037217
854,2018-06-18,446.5353393554688,464.2752990722656,466.5154113769531,460.3665161132813,461.1894226074219,12363932,455.3605651855469,463.6581115722656,460.80084228515625,458.3092651367188,449.2345275878906,430.1249694824219,0.0013311262859332373,460.5813903808594,436.59615936279295,0.007668893186571532
855,2018-06-19,437.9612426757813,455.3605651855469,463.9324340820313,454.2633361816406,463.5209655761719,13881382,465.966796875,464.2752990722656,463.6581115722656,460.80084228515625,455.8634338378906,433.2337036132813,-0.019201396034922658,460.48081665039064,438.180241394043,0.009107716384730007
856,2018-06-20,448.16217041015625,465.966796875,467.6354675292969,454.81195068359375,455.3376770019531,15735681,471.7728271484375,455.3605651855469,464.2752990722656,463.6581115722656,458.3092651367188,436.319580078125,0.023291941596065513,462.0123229980469,440.62608032226564,0.008925386040682895
857,2018-06-21,453.7463989257813,471.7728271484375,473.6243591308594,466.9039916992188,467.8869018554688,22988909,462.8809509277344,465.966796875,455.3605651855469,464.2752990722656,460.80084228515625,444.0685424804688,0.012460180236822715,464.20671997070315,443.279931640625,0.009044669066566204
858,2018-06-22,445.19427490234375,462.8809509277344,470.515625,461.0294189453125,470.1498718261719,35370008,459.2007446289063,471.7728271484375,465.966796875,455.3605651855469,463.6581115722656,450.01171875,-0.01884779221908306,464.05128784179686,445.37604064941405,0.010620589681924248
859,2018-06-25,441.6546936035156,459.2007446289063,464.7095947265625,458.21783447265625,462.3780517578125,11369371,447.5429992675781,462.8809509277344,471.7728271484375,465.966796875,464.2752990722656,449.2345275878906,-0.007950654031996685,463.036376953125,447.29728240966796,0.010944049876710426
860,2018-06-26,430.44244384765625,447.5429992675781,459.9093627929688,445.85150146484375,459.9093627929688,17649122,441.55413818359375,459.2007446289063,462.8809509277344,471.7728271484375,455.3605651855469,455.8634338378906,-0.025387034968223254,461.4728637695313,448.7030685424805,0.012736375808754759
861,2018-06-27,427.5212097167969,441.55413818359375,450.4917297363281,440.1140441894531,447.3372802734375,19595831,431.9993591308594,447.5429992675781,459.2007446289063,462.8809509277344,465.966796875,458.3092651367188,-0.013381643984567648,456.59033203125,449.84027099609375,0.013240974187487807
862,2018-06-28,418.2701110839844,431.9993591308594,442.765625,429.87353515625,439.7940368652344,18770484,444.5714111328125,441.55413818359375,447.5429992675781,459.2007446289063,471.7728271484375,460.80084228515625,-0.021638975216129896,448.63563842773436,450.3797271728516,0.014287643592954999
863,2018-06-29,430.4425964355469,444.5714111328125,445.9657897949219,433.8508605957031,433.8965759277344,17425606,439.1539916992188,431.9993591308594,441.55413818359375,447.5429992675781,462.8809509277344,463.6581115722656,0.029102015399390613,444.97373046875,451.33748931884764,0.015484192215095687
864,2018-07-02,425.1973571777344,439.1539916992188,444.5256958007813,437.5082092285156,444.5256958007813,14570004,444.0456848144531,444.5714111328125,431.9993591308594,441.55413818359375,459.2007446289063,464.2752990722656,-0.012185712571551877,440.9643798828125,451.7889404296875,0.01566460204373405
865,2018-07-03,429.9336242675781,444.0456848144531,447.3144226074219,439.0397033691406,441.16552734375,11084063,452.6404113769531,439.1539916992188,444.5714111328125,431.9993591308594,447.5429992675781,455.3605651855469,0.011138901632903098,440.2649169921875,452.3295394897461,0.0157684672334976
866,2018-07-04,438.2551574707031,452.6404113769531,453.509033203125,443.9085388183594,444.2742614746094,10938521,440.93695068359375,444.0456848144531,439.1539916992188,444.5714111328125,441.55413818359375,465.966796875,0.019355500698292616,442.4821716308594,453.1455810546875,0.016234469045407204
867,2018-07-05,426.9236755371094,440.93695068359375,461.0065612792969,438.23968505859375,455.79486083984375,40946479,446.9029846191406,452.6404113769531,444.0456848144531,439.1539916992188,431.9993591308594,471.7728271484375,-0.025855978386368328,444.2696899414062,452.98900146484374,0.016915961350086904
868,2018-07-06,432.7001037597656,446.9029846191406,449.39453125,440.93695068359375,441.0512390136719,20039239,455.840576171875,440.93695068359375,452.6404113769531,444.0456848144531,444.5714111328125,462.8809509277344,0.013530356043642167,444.7360046386719,452.8335647583008,0.016922208201372507
869,2018-07-09,441.3536376953125,455.840576171875,457.1663513183594,449.62310791015625,451.2689208984375,11309207,468.91552734375,446.9029846191406,440.93695068359375,452.6404113769531,439.1539916992188,459.2007446289063,0.019998952480371424,448.0733215332031,453.1638671875,0.017506957793630647
870,2018-07-10,454.01312255859375,468.91552734375,470.1955871582031,457.1663513183594,458.4235534667969,22846197,474.9044189453125,455.840576171875,446.9029846191406,440.93695068359375,444.0456848144531,447.5429992675781,0.02868316656160297,453.0472900390625,453.816471862793,0.0183450353458182
871,2018-07-11,459.8116455078125,474.9044189453125,475.8644714355469,465.3267822265625,468.5955200195313,18953870,494.8139953613281,468.91552734375,455.840576171875,446.9029846191406,452.6404113769531,441.55413818359375,0.012771792044267594,457.5000915527344,454.64622955322267,0.018499737925860987
872,2018-07-12,479.0884704589844,494.8139953613281,502.4258117675781,476.6416320800781,477.4416809082031,52736376,502.7915649414063,474.9044189453125,468.91552734375,455.840576171875,440.93695068359375,431.9993591308594,0.04192333366834444,468.27550048828124,456.3468872070313,0.02054808699885419
873,2018-07-13,486.8125,502.7915649414063,506.99749755859375,493.7396545410156,493.96826171875,39301408,492.00244140625,494.8139953613281,474.9044189453125,468.91552734375,446.9029846191406,444.5714111328125,0.016122360432131,479.4532165527344,458.3035598754883,0.02072890834450334
874,2018-07-16,476.3662414550781,492.00244140625,506.9517822265625,490.5623474121094,502.7915649414063,14427529,499.38568115234375,502.7915649414063,494.8139953613281,474.9044189453125,455.840576171875,439.1539916992188,-0.021458441802645667,486.6855895996094,459.6899169921875,0.021510211342733267
875,2018-07-17,483.5148620605469,499.38568115234375,501.0314636230469,488.9851379394531,492.9624938964844,14150770,499.4771118164063,492.00244140625,502.7915649414063,494.8139953613281,468.91552734375,444.0456848144531,0.01500651038436085,492.7796203613281,461.8911727905273,0.02099547266540314
876,2018-07-18,483.6033935546875,499.4771118164063,504.9859619140625,492.50531005859375,502.1515197753906,10241565,505.1002502441406,499.38568115234375,492.00244140625,502.7915649414063,474.9044189453125,452.6404113769531,0.00018308627482377382,497.69415893554685,463.56668853759766,0.02055751774812483
877,2018-07-19,489.0478515625,505.1002502441406,509.740478515625,496.6426696777344,499.8199768066406,11885426,515.9808349609375,499.4771118164063,499.38568115234375,492.00244140625,494.8139953613281,440.93695068359375,0.011258050258369456,499.75140991210935,465.2330596923828,0.020532232160733178
878,2018-07-20,499.5825805664063,515.9808349609375,520.48388671875,508.3232727050781,509.009033203125,17538801,512.1634521484375,505.1002502441406,499.4771118164063,499.38568115234375,502.7915649414063,446.9029846191406,0.021541436005105385,502.38926391601564,467.88805389404297,0.020189653901790956
879,2018-07-23,495.8865661621094,512.1634521484375,516.5065307617188,508.8718872070313,516.5065307617188,12779803,507.8889770507813,515.9808349609375,505.1002502441406,499.4771118164063,492.00244140625,455.840576171875,-0.007398303490843805,506.4214660644531,470.5361892700195,0.020170456468891578
880,2018-07-24,491.7478942871094,507.8889770507813,515.1121826171875,506.2660217285156,512.940673828125,9775749,509.8090515136719,512.1634521484375,515.9808349609375,505.1002502441406,499.38568115234375,468.91552734375,-0.008345919802995483,508.12212524414065,473.55348815917966,0.019122376004155228
881,2018-07-25,493.6069946289063,509.8090515136719,513.3978271484375,504.8031005859375,507.4546508789063,13014255,507.7518005371094,507.8889770507813,512.1634521484375,515.9808349609375,499.4771118164063,474.9044189453125,0.003780500364548356,510.1885131835937,476.9662338256836,0.01855919045624962
882,2018-07-26,491.6151123046875,507.7518005371094,512.7120971679688,506.4488830566406,507.5003662109375,14053674,516.5294189453125,509.8090515136719,507.8889770507813,512.1634521484375,505.1002502441406,494.8139953613281,-0.004035336309652249,510.7188232421875,480.7538558959961,0.01749781314763043
883,2018-07-27,500.1138000488281,516.5294189453125,519.9810180664062,508.43756103515625,511.7977294921875,14610585,526.38134765625,507.7518005371094,509.8090515136719,507.8889770507813,515.9808349609375,502.7915649414063,0.017287222613328046,510.8285400390625,484.3517562866211,0.016947781386263027
884,2018-07-30,509.652587890625,526.38134765625,529.07861328125,515.6836547851562,516.5979614257812,30344461,542.1992797851562,516.5294189453125,507.7518005371094,509.8090515136719,512.1634521484375,492.00244140625,0.019073315767868415,513.672119140625,488.71312408447267,0.016454972858290673
885,2018-07-31,524.9678344726562,542.1992797851562,544.2108154296875,524.4384155273438,526.198486328125,30350826,545.102294921875,526.38134765625,516.5294189453125,507.7518005371094,507.8889770507813,499.38568115234375,0.030050327959637357,520.5341796875,493.6208038330078,0.017101233015014695
886,2018-08-01,527.778564453125,545.102294921875,549.9254150390625,541.9249877929688,544.2108154296875,21227054,534.1303100585938,542.1992797851562,526.38134765625,516.5294189453125,509.8090515136719,499.4771118164063,0.0053541479027214844,527.5928283691406,498.24389801025393,0.016991807732865565
887,2018-08-02,517.1553344726562,534.1303100585938,544.7137451171875,533.0331420898438,544.7137451171875,13668930,538.0619506835938,545.102294921875,542.1992797851562,526.38134765625,507.7518005371094,505.1002502441406,-0.020128304293515753,532.8685302734375,502.90356597900393,0.016403085718725733
888,2018-08-03,520.9619750976562,538.0619506835938,541.056396484375,534.6788940429688,537.1704711914062,14536058,545.2166137695312,534.1303100585938,545.102294921875,542.1992797851562,516.5294189453125,515.9808349609375,0.007360826657765829,537.1750366210938,507.4615142822266,0.01638645046248602
889,2018-08-06,527.8892822265625,545.2166137695312,546.7709350585938,537.3305053710938,537.9476318359375,8785462,541.3764038085938,538.0619506835938,534.1303100585938,545.102294921875,526.38134765625,512.1634521484375,0.013297099110702204,540.94208984375,511.93031616210936,0.01622715835586792
890,2018-08-07,524.1710205078125,541.3764038085938,549.2396850585938,538.0847778320312,546.26806640625,8879612,556.6914672851562,545.2166137695312,538.0619506835938,534.1303100585938,542.1992797851562,507.8889770507813,-0.007043457341453618,540.7775146484375,515.5533599853516,0.01592342153567088
891,2018-08-08,538.9993896484375,556.6914672851562,558.8858642578125,541.7421264648438,541.7421264648438,17307566,556.8057861328125,541.3764038085938,545.2166137695312,538.0619506835938,545.102294921875,509.8090515136719,0.02828912263043004,543.0953491210937,519.6427124023437,0.016567539085524947
892,2018-08-09,539.110107421875,556.8057861328125,563.091796875,554.0856323242188,558.4287109375,14976885,550.5197143554688,556.6914672851562,541.3764038085938,545.2166137695312,534.1303100585938,507.7518005371094,0.00020535405044697086,547.6304443359375,522.742301940918,0.014594451408090882
893,2018-08-10,533.0238037109375,550.5197143554688,555.4571533203125,549.651123046875,553.6284790039062,7833494,542.9765014648438,556.8057861328125,556.6914672851562,541.3764038085938,538.0619506835938,516.5294189453125,-0.01128952308668063,550.1219970703125,525.1287094116211,0.014880139462000364
894,2018-08-13,525.7203369140625,542.9765014648438,548.5767822265625,540.690673828125,547.4795532226562,10211072,553.4456176757812,550.5197143554688,556.8057861328125,556.6914672851562,545.2166137695312,526.38134765625,-0.013701985040547315,549.673974609375,527.6774124145508,0.01425168222379301
895,2018-08-14,535.8567504882812,553.4456176757812,556.462890625,541.422119140625,544.0279541015625,11592139,548.96533203125,542.9765014648438,550.5197143554688,556.8057861328125,541.3764038085938,542.1992797851562,0.019280974743278723,552.0878173828125,530.3804092407227,0.014439862264510783
896,2018-08-16,531.5188598632812,548.96533203125,555.914306640625,546.5423583984375,550.08544921875,13086024,550.3140258789062,553.4456176757812,542.9765014648438,550.5197143554688,556.6914672851562,545.102294921875,-0.008095259048841008,550.5425903320313,532.8548202514648,0.014708919641057486
897,2018-08-17,532.8245849609375,550.3140258789062,555.6400146484375,548.6224975585938,552.714111328125,8379864,564.5547485351562,548.96533203125,553.4456176757812,542.9765014648438,556.8057861328125,534.1303100585938,0.002456792385533424,549.24423828125,535.1155090332031,0.014638192067190183
898,2018-08-20,546.6127319335938,564.5547485351562,565.42333984375,552.096923828125,552.2112426757812,16639535,570.1778564453125,550.3140258789062,548.96533203125,553.4456176757812,550.5197143554688,538.0619506835938,0.02587744812338033,552.0512451171875,537.5442047119141,0.014934585449358053
899,2018-08-21,552.0571899414062,570.1778564453125,572.1436767578125,560.943115234375,565.6290893554688,15923396,580.349853515625,564.5547485351562,550.3140258789062,548.96533203125,542.9765014648438,545.2166137695312,0.009960252614554133,557.4915161132812,540.4449249267578,0.014702353230513675
900,2018-08-23,561.9059448242188,580.349853515625,582.429931640625,566.1548461914062,569.7664184570312,17429373,584.030029296875,570.1778564453125,564.5547485351562,550.3140258789062,553.4456176757812,541.3764038085938,0.017840042287380786,562.87236328125,544.06796875,0.014571540379080348
901,2018-08-24,565.4691162109375,584.030029296875,585.1500854492188,576.052490234375,578.4297485351562,14550512,590.4303588867188,580.349853515625,570.1778564453125,564.5547485351562,548.96533203125,556.6914672851562,0.006341305608946746,569.885302734375,547.7790176391602,0.014554936464667257
902,2018-08-27,571.6660766601562,590.4303588867188,592.4190063476562,584.6015014648438,584.8986206054688,12188510,603.00244140625,584.030029296875,580.349853515625,570.1778564453125,550.3140258789062,556.8057861328125,0.010958904968549676,577.9085693359375,551.9129455566406,0.014345655436444537
903,2018-08-28,583.838623046875,603.00244140625,604.8311157226562,592.0304565429688,592.4876098632812,19018790,591.6646728515625,590.4303588867188,584.030029296875,580.349853515625,564.5547485351562,550.5197143554688,0.021293082800207808,585.5981079101563,556.2365966796875,0.014513993262315446
904,2018-08-29,572.8612060546875,591.6646728515625,607.5740966796875,589.8360595703125,601.76806640625,24230135,582.6356811523438,603.00244140625,590.4303588867188,584.030029296875,570.1778564453125,542.9765014648438,-0.018802193450903615,589.8954711914063,559.5007629394531,0.01541795593984637
905,2018-08-30,564.119140625,582.6356811523438,593.0133666992188,580.8070068359375,591.390380859375,21545859,567.640625,591.6646728515625,603.00244140625,590.4303588867188,580.349853515625,553.4456176757812,-0.015260319085307228,590.35263671875,561.5225830078125,0.015017955985370667
906,2018-08-31,549.6007080078125,567.640625,580.6012573242188,565.3319091796875,580.6012573242188,33479841,561.926025390625,582.6356811523438,591.6646728515625,603.00244140625,584.030029296875,548.96533203125,-0.025736590870449882,587.074755859375,562.6494995117188,0.016385632577835905
907,2018-09-03,544.067626953125,561.926025390625,575.069580078125,560.5087890625,569.172119140625,26686176,567.7777709960938,567.640625,582.6356811523438,591.6646728515625,590.4303588867188,550.3140258789062,-0.010067284400891885,581.3738891601563,564.0392852783203,0.015809830267482058
908,2018-09-04,549.7333374023438,567.7777709960938,573.65234375,561.8574829101562,564.6690063476562,19333815,560.943115234375,561.926025390625,567.640625,582.6356811523438,603.00244140625,564.5547485351562,0.010413729460921228,574.328955078125,565.5250762939453,0.01587223871777788
909,2018-09-05,543.1159057617188,560.943115234375,572.66943359375,552.4855346679688,568.0291748046875,22584608,576.6696166992188,567.7777709960938,561.926025390625,567.640625,591.6646728515625,570.1778564453125,-0.012037554322932076,568.1846435546875,566.3114013671875,0.016001733444628966
910,2018-09-06,558.3425903320312,576.6696166992188,578.6354370117188,560.1887817382812,562.3831787109375,24487897,584.5328979492188,560.943115234375,567.7777709960938,561.926025390625,582.6356811523438,580.349853515625,0.028035822238896557,566.9914306640625,568.0760620117187,0.016907781527496224
911,2018-09-07,565.9561157226562,584.5328979492188,585.7901000976562,573.5151977539062,578.2697143554688,23389269,574.1323852539062,576.6696166992188,560.943115234375,567.7777709960938,567.640625,584.030029296875,0.01363567807683097,570.3698852539062,569.4681335449219,0.016064289857066153
912,2018-09-10,555.8860473632812,574.1323852539062,583.8014526367188,571.503662109375,582.8870849609375,15440786,565.8347778320312,584.5328979492188,576.6696166992188,560.943115234375,561.926025390625,590.4303588867188,-0.017792861157689743,572.8111572265625,570.3344635009765,0.016695193409993887
913,2018-09-11,547.8521118164062,565.8347778320312,579.8698120117188,564.257568359375,575.5724487304688,23787332,572.6008911132812,574.1323852539062,584.5328979492188,576.6696166992188,567.7777709960938,603.00244140625,-0.014452428803864548,572.42255859375,571.1002166748046,0.016838732185147712
914,2018-09-12,554.4031982421875,572.6008911132812,575.435302734375,561.7888793945312,572.2808227539062,17642490,572.8980102539062,565.8347778320312,574.1323852539062,584.5328979492188,560.943115234375,591.6646728515625,0.011957754359274375,574.7541137695313,572.5814361572266,0.0165946720499768
915,2018-09-14,554.6908569335938,572.8980102539062,583.161376953125,570.3836059570312,575.7553100585938,17233514,560.4402465820312,572.6008911132812,565.8347778320312,574.1323852539062,576.6696166992188,582.6356811523438,0.000518893954299271,573.9997924804687,573.5540557861328,0.01613740057524554
916,2018-09-17,542.6290283203125,560.4402465820312,571.8008422851562,558.4744262695312,571.8008422851562,14773803,556.4400024414062,572.8980102539062,572.6008911132812,565.8347778320312,584.5328979492188,567.640625,-0.02174516833520468,569.1812622070313,574.1278015136719,0.016853029960759075
917,2018-09-18,538.7559814453125,556.4400024414062,566.6119995117188,555.1599731445312,560.4859619140625,16660044,553.51416015625,560.4402465820312,572.8980102539062,572.6008911132812,574.1323852539062,561.926025390625,-0.007137681786812067,565.6427856445313,574.4341003417969,0.016950737137191245
918,2018-09-19,535.923095703125,553.51416015625,559.5715942382812,549.0568237304688,559.5715942382812,24642640,556.6000366210938,556.4400024414062,560.4402465820312,572.8980102539062,565.8347778320312,567.7777709960938,-0.005258145123138158,563.178662109375,573.8820709228515,0.0159137916366456
919,2018-09-21,538.910888671875,556.6000366210938,565.6976318359375,541.056396484375,557.2857666015625,41713856,563.2518310546875,553.51416015625,556.4400024414062,560.4402465820312,572.6008911132812,560.943115234375,0.0055750632720446,559.9784912109375,573.2031799316406,0.01578646672910735
920,2018-09-24,545.3511962890625,563.2518310546875,566.840576171875,550.6568603515625,555.2056884765625,22098277,562.5889282226562,556.6000366210938,553.51416015625,556.4400024414062,572.8980102539062,576.6696166992188,0.011950761760588957,558.0492553710938,572.3482788085937,0.015466544595115865
921,2018-09-25,544.7094116210938,562.5889282226562,569.172119140625,546.3137817382812,564.8290405273438,21250513,572.0979614257812,563.2518310546875,556.6000366210938,553.51416015625,560.4402465820312,584.5328979492188,-0.0011769208646689178,558.4789916992188,571.2762237548828,0.015359988327422303
922,2018-09-26,553.916259765625,572.0979614257812,573.2637329101562,561.01171875,566.4291381835938,13992341,573.1723022460938,562.5889282226562,563.2518310546875,556.6000366210938,556.4400024414062,574.1323852539062,0.016902275757836538,561.6105834960938,570.3596038818359,0.015673236125365368
923,2018-09-27,554.9564819335938,573.1723022460938,577.401123046875,565.7433471679688,573.7437744140625,23642923,575.0924072265625,572.0979614257812,562.5889282226562,563.2518310546875,553.51416015625,565.8347778320312,0.0018778966064396663,565.5422119140625,568.8680969238281,0.014764784709070408
924,2018-09-28,556.8155517578125,575.0924072265625,581.3784790039062,570.2235717773438,575.98388671875,24220992,563.091796875,573.1723022460938,572.0979614257812,562.5889282226562,556.6000366210938,572.6008911132812,0.003349961212264496,569.2406860351563,568.0394836425781,0.014295380569510513
925,2018-10-01,545.1962890625,563.091796875,574.9781494140625,550.4282836914062,574.9781494140625,16039441,550.93115234375,575.0924072265625,573.1723022460938,572.0979614257812,563.2518310546875,572.8980102539062,-0.020867273156042088,569.2086791992188,567.062289428711,0.014634072144322918
926,2018-10-03,533.4221801757812,550.93115234375,566.7034301757812,548.6224975585938,562.0860595703125,16135428,513.054931640625,563.091796875,575.0924072265625,573.1723022460938,562.5889282226562,560.4402465820312,-0.021596202606285697,566.8771240234375,566.2268157958985,0.014300172302997665
927,2018-10-04,496.7496948242188,513.054931640625,544.2108154296875,505.6259765625,543.7993774414062,50774608,479.4989318847656,550.93115234375,563.091796875,575.0924072265625,572.0979614257812,556.4400024414062,-0.06874946269056204,555.0685180664062,563.7832611083984,0.020742225627063352
928,2018-10-05,464.2600708007813,479.4989318847656,509.8776245117188,474.6072387695313,502.6544189453125,47998260,507.1803588867188,513.054931640625,550.93115234375,563.091796875,573.1723022460938,553.51416015625,-0.06540430212522363,536.3338439941406,559.3693191528321,0.024494751375155863
929,2018-10-08,491.0618286132813,507.1803588867188,510.6548156738281,468.8469543457031,480.0246887207031,53983473,498.3341979980469,479.4989318847656,513.054931640625,550.93115234375,575.0924072265625,556.6000366210938,0.05772990336630324,522.7514343261719,556.6811813354492,0.028541243122513656
930,2018-10-09,482.4967651367188,498.3341979980469,513.5349731445312,494.2882690429688,512.7806396484375,24042005,503.8430480957031,507.1803588867188,479.4989318847656,513.054931640625,563.091796875,563.2518310546875,-0.017441844372857007,509.79991455078124,552.7644104003906,0.02759759137655889
931,2018-10-10,487.83056640625,503.8430480957031,510.1290893554688,495.7054748535156,500.0942687988281,20784941,497.3055725097656,498.3341979980469,507.1803588867188,479.4989318847656,550.93115234375,562.5889282226562,0.011054529510089672,500.3822937011719,548.7299179077148,0.02750234425671336
932,2018-10-11,481.5008239746094,497.3055725097656,509.6261901855469,476.8245239257813,486.4250183105469,28926389,515.020751953125,503.8430480957031,498.3341979980469,507.1803588867188,513.054931640625,572.0979614257812,-0.012975222364675187,497.232421875,544.8885772705078,0.027424150483802867
933,2018-10-12,498.6530151367188,515.020751953125,516.1408081054688,503.7516174316406,505.1459655761719,19814528,521.0553588867188,497.3055725097656,503.8430480957031,498.3341979980469,479.4989318847656,573.1723022460938,0.03562232241628771,504.3367858886719,542.3478759765625,0.028932547256781908
934,2018-10-15,504.495849609375,521.0553588867188,524.3240966796875,511.1805725097656,516.55224609375,19406012,532.0502319335938,515.020751953125,497.3055725097656,503.8430480957031,507.1803588867188,575.0924072265625,0.011717211220535484,507.1117858886719,539.7705993652344,0.028925486495908124
935,2018-10-16,515.1412963867188,532.0502319335938,533.6959838867188,521.1696166992188,523.9126586914062,16358598,526.3356323242188,521.0553588867188,515.020751953125,497.3055725097656,498.3341979980469,563.091796875,0.021101161055835815,513.8549926757812,537.7282104492188,0.029467124668028175
936,2018-10-17,509.6082458496094,526.3356323242188,539.1591186523438,521.1696166992188,538.9991455078125,27967162,503.477294921875,532.0502319335938,521.0553588867188,515.020751953125,503.8430480957031,550.93115234375,-0.010740714440827914,518.3535095214844,536.0229797363281,0.02920564148769125
937,2018-10-19,487.4764404296875,503.477294921875,507.9118347167969,489.28228759765625,502.8829956054688,55606079,485.8078308105469,526.3356323242188,532.0502319335938,521.0553588867188,497.3055725097656,513.054931640625,-0.04342920372197634,519.5878540039063,533.3748443603515,0.030588997009155607
938,2018-10-22,470.3684997558594,485.8078308105469,509.6490478515625,483.3848571777344,507.4546508789063,28798142,482.1733703613281,503.477294921875,526.3356323242188,532.0502319335938,515.020751953125,479.4989318847656,-0.03509485788047284,513.7452697753906,529.9895278930665,0.03134422204829857
939,2018-10-23,466.84954833984375,482.1733703613281,486.7450256347656,477.1216735839844,481.2818908691406,23128845,478.0817260742188,485.8078308105469,503.477294921875,526.3356323242188,521.0553588867188,507.1803588867188,-0.007481271850136362,505.9688720703125,526.2681945800781,0.03122554352290164
940,2018-10-24,462.8879699707031,478.0817260742188,491.8881530761719,471.5213928222656,491.4081115722656,29869514,471.2470703125,482.1733703613281,485.8078308105469,503.477294921875,532.0502319335938,498.3341979980469,-0.008485836295860083,495.1751708984375,522.0096893310547,0.030916547338733655
941,2018-10-25,456.2705078125,471.2470703125,475.7501831054688,464.6638793945313,473.6243591308594,30833933,477.693115234375,478.0817260742188,482.1733703613281,485.8078308105469,526.3356323242188,503.8430480957031,-0.014295998757036354,484.15745849609374,517.4425964355469,0.030909937903588036
942,2018-10-26,462.51165771484375,477.693115234375,483.224853515625,467.2240295410156,472.2071228027344,20085933,497.3055725097656,471.2470703125,478.0817260742188,482.1733703613281,503.477294921875,497.3055725097656,0.013678694952098835,479.00062255859376,512.7223541259766,0.03077940242082544
943,2018-10-29,481.5008239746094,497.3055725097656,500.0714111328125,478.1960144042969,478.1960144042969,16781215,483.224853515625,477.693115234375,471.2470703125,478.0817260742188,485.8078308105469,515.020751953125,0.041056604438956645,481.3001708984375,508.9290176391602,0.03266509088235592
944,2018-10-30,467.86761474609375,483.224853515625,496.2540893554688,480.9847106933594,496.2540893554688,19263668,485.1677856445313,497.3055725097656,477.693115234375,471.2470703125,482.1733703613281,521.0553588867188,-0.028314018125875973,481.5104675292969,504.3356399536133,0.03292566640230807
945,2018-10-31,469.7488098144531,485.1677856445313,487.270751953125,478.6531677246094,484.13916015625,35999348,482.8819580078125,483.224853515625,497.3055725097656,477.693115234375,478.0817260742188,532.0502319335938,0.004020762000900513,482.92767944335935,500.43943939208987,0.03288985505534082
946,2018-11-01,467.5356140136719,482.8819580078125,488.20794677734375,480.0246887207031,488.20794677734375,20552752,491.4081115722656,485.1677856445313,483.224853515625,497.3055725097656,471.2470703125,526.3356323242188,-0.004711416760043385,485.25465698242186,497.03697967529297,0.03270901398419643
947,2018-11-02,475.7908020019531,491.4081115722656,494.1968383789063,486.0364074707031,487.7965087890625,36739798,498.448486328125,482.8819580078125,485.1677856445313,483.224853515625,477.693115234375,503.477294921875,0.017656807058248347,487.99765625,495.954638671875,0.029546070622055238
948,2018-11-05,482.60748291015625,498.448486328125,499.5456848144531,486.8821716308594,490.7452392578125,16585905,504.7573852539063,491.4081115722656,482.8819580078125,485.1677856445313,497.3055725097656,485.8078308105469,0.014326940459598037,488.2262390136719,496.902116394043,0.025621824969094563
949,2018-11-06,488.7158508300781,504.7573852539063,508.3689880371094,499.0427856445313,500.1399841308594,18886485,507.774658203125,498.448486328125,491.4081115722656,482.8819580078125,483.224853515625,482.1733703613281,0.012657073095469595,492.5327453613281,496.78096771240234,0.022244769125575155
950,2018-11-07,491.6372375488281,507.774658203125,509.740478515625,505.9460144042969,509.740478515625,2808599,499.8885498046875,504.7573852539063,498.448486328125,491.4081115722656,485.1677856445313,478.0817260742188,0.005977669742664338,497.0541198730469,497.25299072265625,0.02189212734971603
951,2018-11-09,484.0017395019531,499.8885498046875,509.19189453125,496.0255126953125,505.74029541015625,23712291,493.7396545410156,507.774658203125,504.7573852539063,498.448486328125,482.8819580078125,471.2470703125,-0.015530724645346217,500.4554382324219,497.05526580810545,0.022066591591558056
952,2018-11-12,478.0482482910156,493.7396545410156,502.3343811035156,491.24810791015625,501.8315124511719,12690610,502.6315612792969,499.8885498046875,507.774658203125,504.7573852539063,491.4081115722656,477.693115234375,-0.01230053232080297,500.9217468261719,496.876969909668,0.0220464791737642
953,2018-11-13,486.6575622558594,502.6315612792969,504.2544860839844,489.19085693359375,490.9966735839844,14899604,501.94580078125,493.7396545410156,499.8885498046875,507.774658203125,498.448486328125,497.3055725097656,0.018009302385378012,501.75836181640625,496.25751037597655,0.020863272269947893
954,2018-11-14,485.99365234375,501.94580078125,508.6661376953125,496.2540893554688,505.1916809082031,17034346,501.4429321289063,502.6315612792969,493.7396545410156,499.8885498046875,504.7573852539063,483.224853515625,-0.0013643403058524184,501.196044921875,495.3020324707031,0.020647233610442052
955,2018-11-15,485.5067138671875,501.4429321289063,504.2544860839844,496.7112426757813,501.4886474609375,14943663,515.4093627929688,501.94580078125,502.6315612792969,493.7396545410156,507.774658203125,485.1677856445313,-0.0010018385482277736,499.92969970703126,493.77166748046875,0.019944200074802722
956,2018-11-16,499.0292663574219,515.4093627929688,516.5751342773438,501.5572204589844,501.94580078125,24131016,525.7413330078125,501.4429321289063,501.94580078125,502.6315612792969,499.8885498046875,482.8819580078125,0.0278524828433957,503.0338623046875,493.22535400390626,0.02097273404544522
957,2018-11-19,509.0328979492188,525.7413330078125,526.5184936523438,517.05517578125,517.9237670898438,15987574,519.9810180664062,515.4093627929688,501.4429321289063,501.94580078125,493.7396545410156,491.4081115722656,0.020046143824115736,509.4341979980469,494.33855590820315,0.01888751148296776
958,2018-11-20,503.4556579589844,519.9810180664062,528.4385986328125,516.5979614257812,523.4555053710938,12511640,508.7804260253906,525.7413330078125,515.4093627929688,501.4429321289063,502.6315612792969,498.448486328125,-0.01095655711231791,512.9040893554687,496.0472152709961,0.017051868380701937
959,2018-11-21,492.6110534667969,508.7804260253906,523.68408203125,506.1060180664063,520.0267333984375,16422494,504.1859130859375,519.9810180664062,525.7413330078125,515.4093627929688,501.94580078125,504.7573852539063,-0.021540386383075982,514.2710144042969,497.37756805419923,0.017803442398785466
960,2018-11-22,488.16253662109375,504.1859130859375,514.47216796875,502.9287109375,509.5119018554688,12670591,507.3403625488281,508.7804260253906,519.9810180664062,525.7413330078125,501.4429321289063,507.774658203125,-0.00903044359498184,514.8196105957031,498.68277740478516,0.01782208218275428
961,2018-11-26,491.2167053222656,507.3403625488281,510.8833923339844,501.6943664550781,506.99749755859375,13969873,515.7750854492188,504.1859130859375,508.7804260253906,519.9810180664062,515.4093627929688,499.8885498046875,0.006256520424347878,513.205810546875,500.48744201660156,0.01737053495921832
962,2018-11-27,499.3833923339844,515.7750854492188,516.5979614257812,505.3745422363281,506.4945983886719,14896607,526.9528198242188,507.3403625488281,504.1859130859375,508.7804260253906,525.7413330078125,493.7396545410156,0.01662537326621405,511.2125610351562,502.39154052734375,0.017470590676469593
963,2018-11-28,510.2059020996094,526.9528198242188,529.2843627929688,514.906494140625,517.718017578125,17507771,534.1989135742188,515.7750854492188,507.3403625488281,504.1859130859375,519.9810180664062,502.6315612792969,0.021671722210592437,512.6069213867188,503.87390289306643,0.015759717973811014
964,2018-11-29,517.2216186523438,534.1989135742188,539.4105834960938,530.31298828125,530.7701416015625,27640198,533.7645874023438,526.9528198242188,515.7750854492188,507.3403625488281,508.7804260253906,501.94580078125,0.013750934575921248,517.6906188964844,506.42260589599607,0.014075123276333413
965,2018-11-30,516.8010864257812,533.7645874023438,542.1992797851562,531.3644409179688,535.9360961914062,23443212,528.6900634765625,534.1989135742188,526.9528198242188,515.7750854492188,504.1859130859375,501.4429321289063,-0.000813042035164413,523.6063537597656,508.8524459838867,0.014136374654003685
966,2018-12-03,511.8878784179688,528.6900634765625,537.124755859375,525.0555419921875,537.124755859375,12182825,526.7927856445312,533.7645874023438,534.1989135742188,526.9528198242188,507.3403625488281,515.4093627929688,-0.009507044951178378,527.8762939453125,511.1428512573242,0.01434671754428764
967,2018-12-04,510.0509948730469,526.7927856445312,529.3986206054688,522.1754150390625,529.3986206054688,11358720,528.095703125,528.6900634765625,533.7645874023438,534.1989135742188,515.7750854492188,525.7413330078125,-0.0035886390970829574,530.079833984375,512.9120849609375,0.014116830104378683
968,2018-12-05,511.3124084472656,528.095703125,529.764404296875,520.849609375,522.884033203125,12729759,513.6950073242188,526.7927856445312,528.6900634765625,533.7645874023438,526.9528198242188,519.9810180664062,0.0024733016775744243,530.3084106445312,514.3944458007812,0.013888740558682578
969,2018-12-06,497.369384765625,513.6950073242188,525.2841186523438,511.2262878417969,525.2841186523438,12831451,518.335205078125,528.095703125,526.7927856445312,528.6900634765625,534.1989135742188,508.7804260253906,-0.02726910239103497,526.2076293945313,514.8413269042969,0.015229904632625135
970,2018-12-07,501.8622131347656,518.335205078125,519.7752685546875,506.7003173828125,516.3465576171875,15779984,498.4256286621094,513.6950073242188,528.095703125,526.7927856445312,533.7645874023438,504.1859130859375,0.009032981998553069,523.1217529296875,515.3693542480469,0.015297760151723095
971,2018-12-10,482.5853271484375,498.4256286621094,509.4204711914063,495.1568908691406,507.4546508789063,20521072,501.762939453125,518.335205078125,513.6950073242188,528.095703125,528.6900634765625,507.3403625488281,-0.03841061965492931,517.0688659667969,515.2962081909179,0.01733054602704669
972,2018-12-11,485.8165893554688,501.762939453125,503.8430480957031,482.3105163574219,487.3393249511719,29518062,507.6832275390625,498.4256286621094,518.335205078125,513.6950073242188,526.7927856445312,515.7750854492188,0.006695704632953436,512.0628967285156,515.6973724365234,0.017140620213259673
973,2018-12-12,491.5487060546875,507.6832275390625,509.05474853515625,497.28271484375,502.4258117675781,27572962,506.1060180664063,501.762939453125,498.4256286621094,518.335205078125,528.095703125,526.9528198242188,0.011798974416863173,507.98040161132815,515.9499557495117,0.016869353176895672
974,2018-12-13,490.0216674804688,506.1060180664063,515.6836547851562,500.6200256347656,515.6836547851562,20337275,508.4604187011719,507.6832275390625,501.762939453125,498.4256286621094,513.6950073242188,534.1989135742188,-0.003106680282312091,506.4626037597656,516.1579666137695,0.016884719552309527
975,2018-12-14,492.3011779785156,508.4604187011719,509.69476318359375,499.13421630859375,504.3002014160156,15795834,516.55224609375,506.1060180664063,507.6832275390625,501.762939453125,518.335205078125,533.7645874023438,0.004651990987502241,504.487646484375,516.5088409423828,0.01690470597723141
976,2018-12-17,500.1358337402344,516.55224609375,517.969482421875,508.1404113769531,510.1748046875,11077711,519.5238647460938,508.4604187011719,506.1060180664063,507.6832275390625,498.4256286621094,528.6900634765625,0.015914370312733794,508.11296997070315,516.5659851074219,0.016091597107475188
977,2018-12-18,503.0130615234375,519.5238647460938,520.7124633789062,512.2548828125,513.5349731445312,12841994,519.7067260742188,516.55224609375,508.4604187011719,506.1060180664063,501.762939453125,526.7927856445312,0.005752793981278037,511.6651550292969,516.2551116943359,0.01547084467169945
978,2018-12-19,503.1901245117188,519.7067260742188,524.5069580078125,518.0609130859375,521.8554077148438,16118419,515.889404296875,519.5238647460938,516.55224609375,508.4604187011719,507.6832275390625,528.095703125,0.00035197868766689844,514.0698547363281,516.2413970947266,0.015273180860003819
979,2018-12-20,499.4941101074219,515.889404296875,517.7409057617188,510.2662353515625,512.4834594726562,12609700,502.9744262695313,519.7067260742188,519.5238647460938,516.55224609375,506.1060180664063,513.6950073242188,-0.007345145994509639,516.0265319824218,516.5968460083008,0.014526908491122826
980,2018-12-21,486.9895324707031,502.9744262695313,517.16943359375,501.0543212890625,514.3121337890625,18115814,497.9227294921875,515.889404296875,519.7067260742188,519.5238647460938,508.4604187011719,518.335205078125,-0.025034392875244227,514.9293334960937,516.5362716674805,0.015504518356259498
981,2018-12-24,482.098388671875,497.9227294921875,504.3459167480469,496.7341003417969,503.29443359375,9065704,502.128662109375,502.9744262695313,515.889404296875,519.7067260742188,516.55224609375,498.4256286621094,-0.010043645389311906,511.20343017578125,516.0653900146484,0.015586258995357852
982,2018-12-26,486.1706848144531,502.128662109375,502.8829956054688,487.1793212890625,496.3912353515625,15771193,512.1177368164062,497.9227294921875,502.9744262695313,515.889404296875,519.5238647460938,501.762939453125,0.00844695846979504,507.7243896484375,515.3830688476562,0.015207149549539
983,2018-12-27,495.84228515625,512.1177368164062,515.2265014648438,504.711669921875,506.1745910644531,27294221,514.5635986328125,502.128662109375,497.9227294921875,502.9744262695313,519.7067260742188,507.6832275390625,0.019893456519826103,506.206591796875,514.6413146972657,0.015070794579204707
984,2018-12-28,498.21038818359375,514.5635986328125,518.9981079101562,512.5748901367188,514.5407104492188,16768547,512.5977783203125,512.1177368164062,502.128662109375,497.9227294921875,515.889404296875,506.1060180664063,0.0047759756020382405,505.9414306640625,513.6595489501954,0.0147282203127814
985,2018-12-31,496.30706787109375,512.5977783203125,518.3580932617188,510.2890930175781,517.0322875976562,15799099,512.4834594726562,514.5635986328125,512.1177368164062,502.128662109375,502.9744262695313,508.4604187011719,-0.003820364125490361,507.86610107421876,512.6012084960937,0.01473332443103922
986,2019-01-01,496.1963806152344,512.4834594726562,515.3636474609375,507.5003662109375,514.4264526367188,9746670,505.8088684082031,512.5977783203125,514.5635986328125,512.1177368164062,497.9227294921875,516.55224609375,-0.00022301861711315762,510.7782470703125,511.79087829589844,0.01462746985359468
987,2019-01-02,489.7339172363281,505.8088684082031,515.2265014648438,503.3401489257813,509.5119018554688,15628818,499.5685424804688,512.4834594726562,512.5977783203125,514.5635986328125,502.128662109375,519.5238647460938,-0.013024012660469597,511.5142883300781,510.741682434082,0.014850442432575387
988,2019-01-03,483.69189453125,499.5685424804688,509.5576171875,498.3570556640625,506.3117370605469,16288287,502.2658081054688,505.8088684082031,512.4834594726562,512.5977783203125,512.1177368164062,519.7067260742188,-0.0123373201173258,509.00444946289065,509.3153244018555,0.014988237203961198
989,2019-01-04,486.3034362792969,502.2658081054688,504.9173889160156,494.2425537109375,501.6943664550781,18516544,505.0545349121094,499.5685424804688,505.8088684082031,512.4834594726562,514.5635986328125,515.889404296875,0.005399190292502132,506.5448913574219,508.74386444091795,0.01390683927193977
990,2019-01-07,489.0035095214844,505.0545349121094,511.3177185058594,503.3401489257813,506.0831604003906,12060290,505.0088195800781,502.2658081054688,499.5685424804688,505.8088684082031,512.5977783203125,502.9744262695313,0.00555229275343172,505.03624267578124,508.0798309326172,0.013795594023324309
991,2019-01-08,488.959228515625,505.0088195800781,507.4317932128906,501.0543212890625,505.2145385742188,12304389,507.7975158691406,505.0545349121094,502.2658081054688,499.5685424804688,512.4834594726562,497.9227294921875,-9.051563518625017e-05,503.54131469726565,508.40899047851565,0.010661431758607192
992,2019-01-09,491.6593322753906,507.7975158691406,510.6548156738281,502.2886657714844,508.3689880371094,12614237,506.3117370605469,505.0088195800781,505.0545349121094,502.2658081054688,505.8088684082031,502.128662109375,0.005522074429078927,503.9390441894531,508.7107192993164,0.01062993774787821
993,2019-01-10,490.2207946777344,506.3117370605469,507.9118347167969,504.2544860839844,506.426025390625,8925160,501.9915161132813,507.7975158691406,505.0088195800781,505.0545349121094,499.5685424804688,512.1177368164062,-0.0029259276821208546,505.2876831054688,508.64214477539065,0.010322723846142823
994,2019-01-11,486.037841796875,501.9915161132813,509.19189453125,497.6712951660156,506.3574523925781,14139060,501.4200744628906,506.3117370605469,507.7975158691406,505.0088195800781,502.2658081054688,514.5635986328125,-0.00853272920818926,505.2328247070312,508.43641967773436,0.010476492128485724
995,2019-01-14,485.4845886230469,501.4200744628906,503.111572265625,496.66552734375,500.59716796875,8994060,516.43798828125,501.9915161132813,506.3117370605469,507.7975158691406,505.0545349121094,512.5977783203125,-0.0011383492191563427,504.5059326171875,508.0844024658203,0.01041061926314516
996,2019-01-15,500.0252075195313,516.43798828125,517.5123291015625,505.1688232421875,505.1688232421875,22011407,519.2952880859375,501.4200744628906,501.9915161132813,506.3117370605469,505.0088195800781,512.4834594726562,0.029950763009331416,506.79176635742186,508.0786895751953,0.01194567685306204
997,2019-01-16,502.7917175292969,519.2952880859375,523.4555053710938,516.7579956054688,518.8837890625,13961606,518.6323852539062,516.43798828125,501.4200744628906,501.9915161132813,507.7975158691406,505.8088684082031,0.005532706480785521,509.09132080078126,508.0672607421875,0.011940253382264556
998,2019-01-17,502.1498107910156,518.6323852539062,524.78125,516.5979614257812,523.2040405273438,16379077,541.4449462890625,519.2952880859375,516.43798828125,501.4200744628906,506.3117370605469,499.5685424804688,-0.0012765431291984486,511.5554504394531,508.0135437011719,0.011943605702564166
999,2019-01-18,524.2374877929688,541.4449462890625,543.9822387695312,518.9981079101562,525.1926879882812,56181172,565.8347778320312,518.6323852539062,519.2952880859375,516.43798828125,501.9915161132813,502.2658081054688,0.0439859940948113,519.4461364746094,509.29132080078125,0.015326456692578224
1000,2019-01-21,547.8521118164062,565.8347778320312,566.8634033203125,543.4107666015625,545.8566284179688,48206814,564.6690063476562,541.4449462890625,518.6323852539062,519.2952880859375,501.4200744628906,505.0545349121094,0.04504581991231227,532.3290771484375,512.4343383789062,0.016646881081825684
1001,2019-01-22,546.723388671875,564.6690063476562,570.0635986328125,557.56005859375,563.6175537109375,36207430,560.6231079101562,565.8347778320312,541.4449462890625,518.6323852539062,516.43798828125,505.0088195800781,-0.0020602683504920005,541.9752807617188,515.7716522216797,0.016333826549731093
1002,2019-01-23,542.8062133789062,560.6231079101562,568.806396484375,558.6572875976562,563.8232421875,19313542,570.2921752929688,564.6690063476562,565.8347778320312,541.4449462890625,519.2952880859375,507.7975158691406,-0.0071650797051343584,550.2408447265625,518.6963745117188,0.016603382861089876
1003,2019-01-24,552.1678466796875,570.2921752929688,572.9208984375,557.7886962890625,560.02880859375,28775487,569.6292724609375,560.6231079101562,564.6690063476562,565.8347778320312,518.6323852539062,506.3117370605469,0.017247001142810525,560.572802734375,521.6050964355469,0.01649410627972696
1004,2019-01-25,551.5260009765625,569.6292724609375,578.1782836914062,564.7833251953125,571.6636962890625,18703992,562.10888671875,570.2921752929688,560.6231079101562,564.6690063476562,541.4449462890625,501.9915161132813,-0.001162391596361445,566.20966796875,524.3583801269531,0.016561533390743097
1005,2019-01-28,544.24462890625,562.10888671875,574.1781005859375,558.8401489257812,571.6865234375,18744303,553.4684448242188,569.6292724609375,570.2921752929688,560.6231079101562,565.8347778320312,501.4200744628906,-0.013202245926894896,565.4644897460937,526.833935546875,0.01695928215336498
1006,2019-01-29,535.8787231445312,553.4684448242188,563.0689697265625,549.216796875,562.7717895507812,20405845,546.6337890625,562.10888671875,569.6292724609375,570.2921752929688,564.6690063476562,516.43798828125,-0.015371473567993066,563.2243774414062,528.8831848144531,0.017522233063278155
1007,2019-01-30,529.2614135742188,546.6337890625,560.02880859375,544.5308227539062,555.4571533203125,17164298,561.01171875,553.4684448242188,562.10888671875,569.6292724609375,560.6231079101562,519.2952880859375,-0.012348772230166505,560.426513671875,530.924430847168,0.01748832749452392
1008,2019-01-31,543.182373046875,561.01171875,562.177490234375,549.0568237304688,549.5139770507812,22279301,571.43505859375,546.6337890625,553.4684448242188,562.10888671875,570.2921752929688,518.6323852539062,0.026302672786032488,558.5704223632813,533.9965896606445,0.01771770909647978
1009,2019-02-01,553.2744750976562,571.43505859375,573.7437744140625,560.9660034179688,564.143310546875,20187323,590.1560668945312,561.01171875,546.6337890625,553.4684448242188,569.6292724609375,541.4449462890625,0.01857954031151876,558.9315795898438,537.4550521850585,0.017939363749951285
1010,2019-02-04,571.4005126953125,590.1560668945312,592.9219360351562,567.823486328125,570.08642578125,25528059,590.4531860351562,571.43505859375,561.01171875,546.6337890625,562.10888671875,565.8347778320312,0.03276139260137789,564.541015625,541.7101287841797,0.01886194867509912
1011,2019-02-05,571.6881713867188,590.4531860351562,596.3278198242188,584.5328979492188,590.658935546875,20479210,599.002197265625,590.1560668945312,571.43505859375,561.01171875,553.4684448242188,564.6690063476562,0.0005034585888246124,571.9379638671875,545.9823471069336,0.018849031343859426
1012,2019-02-06,579.9653930664062,599.002197265625,602.38525390625,591.6875610351562,592.6018676757812,20586783,589.927490234375,590.4531860351562,590.1560668945312,571.43505859375,546.6337890625,560.6231079101562,0.01447872825934704,582.4116455078125,550.5425811767578,0.01889309897225795
1013,2019-02-07,571.1791381835938,589.927490234375,604.0081787109375,587.961669921875,599.002197265625,20150710,584.1214599609375,599.002197265625,590.4531860351562,590.1560668945312,561.01171875,570.2921752929688,-0.015149705748451314,588.1947998046875,554.7233688354493,0.019469743946636187
1014,2019-02-08,565.5576782226562,584.1214599609375,594.5448608398438,581.6298828125,587.3673095703125,14230054,572.9437255859375,589.927490234375,599.002197265625,590.4531860351562,571.43505859375,569.6292724609375,-0.009841938830704056,590.732080078125,558.829866027832,0.019529829126986652
1015,2019-02-11,554.735107421875,572.9437255859375,583.3442993164062,571.9151000976562,583.298583984375,16457901,574.3837890625,584.1214599609375,589.927490234375,599.002197265625,590.1560668945312,562.10888671875,-0.019135976233003782,587.2896118164062,562.4060485839843,0.020359577757484544
1016,2019-02-12,556.1294555664062,574.3837890625,581.6755981445312,572.1436767578125,572.1436767578125,13998153,559.6630249023438,572.9437255859375,584.1214599609375,589.927490234375,590.4531860351562,553.4684448242188,0.0025134466305392067,584.075732421875,565.3033386230469,0.019634963782504063
1017,2019-02-14,541.8765869140625,559.6630249023438,567.3434448242188,556.82861328125,567.3434448242188,14496604,568.920654296875,574.3837890625,572.9437255859375,584.1214599609375,599.002197265625,546.6337890625,-0.025628794615153105,576.2078979492187,567.3217254638672,0.020833032512111258
1018,2019-02-15,550.8399047851562,568.920654296875,571.4122314453125,554.9999389648438,562.2003173828125,20994460,557.7886962890625,559.6630249023438,574.3837890625,572.9437255859375,589.927490234375,561.01171875,0.016541434725201976,572.0065307617188,569.8361389160157,0.020978070874591363
1019,2019-02-18,540.061767578125,557.7886962890625,572.6008911132812,555.4571533203125,571.4579467773438,21106139,555.9600219726562,568.920654296875,559.6630249023438,574.3837890625,584.1214599609375,571.43505859375,-0.01956680237171282,566.7399780273438,570.6533264160156,0.01949822526961041
1020,2019-02-19,538.2913208007812,555.9600219726562,566.7491455078125,553.7199096679688,556.82861328125,13658461,564.3032836914062,557.7886962890625,568.920654296875,559.6630249023438,572.9437255859375,590.1560668945312,-0.0032784355950064015,563.3432373046875,570.1595886230468,0.01662181324991401
1021,2019-02-20,546.369384765625,564.3032836914062,566.8862915039062,557.2857666015625,559.5030517578125,13776558,570.0407104492188,555.9600219726562,557.7886962890625,568.920654296875,574.3837890625,590.4531860351562,0.01500694544393033,561.3271362304688,570.1413024902344,0.01698510481541738
1022,2019-02-21,551.9244384765625,570.0407104492188,575.0238647460938,562.0174560546875,565.0576171875,23142949,563.3889770507812,564.3032836914062,555.9600219726562,557.7886962890625,559.6630249023438,599.002197265625,0.010167275157927369,563.4026733398438,570.6121826171875,0.01703678092331905
1023,2019-02-22,545.4840087890625,563.3889770507812,569.3092651367188,560.4859619140625,568.9892578125,19152470,563.3660888671875,570.0407104492188,564.3032836914062,555.9600219726562,568.920654296875,589.927490234375,-0.011668874304074928,562.296337890625,570.2670227050781,0.016808244494700565
1024,2019-02-25,545.4619750976562,563.3660888671875,568.2578125,558.0401000976562,565.0576171875,17176522,557.8572387695312,563.3889770507812,570.0407104492188,564.3032836914062,557.7886962890625,584.1214599609375,-4.0625898848012376e-05,563.41181640625,569.9538635253906,0.016807701697293512
1025,2019-02-26,540.1281127929688,557.8572387695312,564.509033203125,551.3426513671875,552.9426879882812,22160532,559.343017578125,563.3660888671875,563.3889770507812,570.0407104492188,555.9600219726562,572.9437255859375,-0.009778455264734531,563.791259765625,569.7412811279297,0.016687655967597626
1026,2019-02-27,541.5667114257812,559.343017578125,569.1264038085938,552.714111328125,561.4231567382812,24308835,562.7946166992188,557.8572387695312,563.3660888671875,563.3889770507812,564.3032836914062,574.3837890625,0.0026633674448159894,562.7992065429687,570.035009765625,0.016310416619939636
1027,2019-02-28,544.9086303710938,562.7946166992188,566.8176879882812,560.7373657226562,564.0289916992188,24688859,560.5087890625,559.343017578125,557.8572387695312,563.3660888671875,570.0407104492188,559.6630249023438,0.00617080934707781,561.3499877929687,570.843051147461,0.016057099907359054
1028,2019-03-01,542.6953735351562,560.5087890625,567.9606323242188,558.7716064453125,565.5147705078125,17329606,565.8119506835938,562.7946166992188,559.343017578125,557.8572387695312,563.3889770507812,568.920654296875,-0.004061566278165674,560.7739501953125,570.817904663086,0.014997007471099555
1029,2019-03-05,547.830078125,565.8119506835938,566.7948608398438,557.1029052734375,559.2973022460938,15577500,578.2239990234375,560.5087890625,562.7946166992188,559.343017578125,563.3660888671875,557.7886962890625,0.009461335352053624,561.2631225585938,570.5367492675781,0.014535946723889115
1030,2019-03-06,559.84765625,578.2239990234375,582.0184936523438,564.6461791992188,566.7948608398438,26332276,580.715576171875,565.8119506835938,560.5087890625,562.7946166992188,557.8572387695312,555.9600219726562,0.021936702335197955,565.336474609375,569.9401458740234,0.013393045093829001
1031,2019-03-07,562.2600708007812,580.715576171875,585.0814819335938,575.183837890625,577.8582763671875,17738092,579.2755126953125,578.2239990234375,565.8119506835938,560.5087890625,559.343017578125,564.3032836914062,0.004309017184768393,569.610986328125,569.4532653808594,0.013441508451732212
1032,2019-03-08,560.8656616210938,579.2755126953125,582.6356811523438,576.9439697265625,578.7954711914062,13211934,596.190673828125,580.715576171875,578.2239990234375,565.8119506835938,562.7946166992188,570.0407104492188,-0.0024798085941752923,572.9071655273438,568.4669311523437,0.012956756652433255
1033,2019-03-11,577.243408203125,596.190673828125,599.80224609375,579.6869506835938,580.6241455078125,21258869,608.6484375,579.2755126953125,580.715576171875,578.2239990234375,560.5087890625,563.3889770507812,0.029200545788838683,580.0435424804688,568.7800903320312,0.01424556653147444
1034,2019-03-12,589.3051147460938,608.6484375,609.8599243164062,600.8308715820312,602.0423583984375,24561597,615.9402465820312,596.190673828125,579.2755126953125,580.715576171875,565.8119506835938,563.3660888671875,0.020895603065851365,588.61083984375,570.0064392089844,0.014707534461861946
1035,2019-03-13,596.3652954101562,615.9402465820312,621.7462158203125,607.1626586914062,611.2314453125,24577591,613.3115234375,608.6484375,596.190673828125,579.2755126953125,578.2239990234375,557.8572387695312,0.011980329912588017,596.1540893554687,572.1562652587891,0.013963004539192607
1036,2019-03-14,593.820068359375,613.3115234375,622.6605834960938,610.8199462890625,617.060302734375,22753310,604.2139282226562,615.9402465820312,608.6484375,596.190673828125,580.715576171875,559.343017578125,-0.0042678216906891775,602.6732788085938,574.102651977539,0.014075653327571585
1037,2019-03-15,585.0115966796875,604.2139282226562,621.1976318359375,599.4365234375,614.8887329101562,34764353,617.1974487304688,613.3115234375,615.9402465820312,608.6484375,579.2755126953125,562.7946166992188,-0.014833563152137352,607.6609619140625,576.3301971435546,0.013076282282389447
1038,2019-03-18,597.58251953125,617.1974487304688,620.80908203125,607.5740966796875,608.4884033203125,22104063,629.3123779296875,604.2139282226562,613.3115234375,615.9402465820312,596.190673828125,560.5087890625,0.021488284035431793,611.8623168945312,578.7440368652344,0.013371091163419061
1039,2019-03-19,609.3123168945312,629.3123779296875,630.8895874023438,614.0201416015625,621.7462158203125,21448030,628.8094482421875,617.1974487304688,604.2139282226562,613.3115234375,608.6484375,565.8119506835938,0.019628935965529726,615.9951049804688,582.3202209472656,0.012557317788421528
1040,2019-03-20,608.8255004882812,628.8094482421875,634.546875,623.5748901367188,629.8837890625,21639437,613.4029541015625,629.3123779296875,617.1974487304688,604.2139282226562,615.9402465820312,578.2239990234375,-0.0007991733599052031,618.5689453125,585.9626922607422,0.01247154784922001
1041,2019-03-22,593.9086303710938,613.4029541015625,631.301025390625,611.0942993164062,627.4608154296875,25078643,605.4939575195312,628.8094482421875,629.3123779296875,617.1974487304688,613.3115234375,580.715576171875,-0.024501053830684683,618.5872314453125,588.41767578125,0.014041419551605365
1042,2019-03-25,586.2509765625,605.4939575195312,611.162841796875,601.950927734375,608.3055419921875,17394088,625.0607299804688,613.4029541015625,628.8094482421875,629.3123779296875,604.2139282226562,579.2755126953125,-0.01289363953849132,618.8432373046875,590.1903381347656,0.014472213877022072
1043,2019-03-26,605.1958618164062,625.0607299804688,627.0493774414062,608.03125,608.1683959960938,20734876,616.8317260742188,605.4939575195312,613.4029541015625,628.8094482421875,617.1974487304688,596.190673828125,0.03231538848231419,620.4158935546875,593.27392578125,0.01541758759057526
1044,2019-03-27,597.2283935546875,616.8317260742188,629.952392578125,614.5458984375,629.952392578125,22079870,621.7462158203125,625.0607299804688,605.4939575195312,613.4029541015625,629.3123779296875,608.6484375,-0.013165127021348977,617.9197631835938,595.9472076416016,0.01592859402927428
1045,2019-03-28,601.9867553710938,621.7462158203125,626.2265014648438,613.8829956054688,617.2888793945312,22930248,636.3070068359375,616.8317260742188,625.0607299804688,605.4939575195312,628.8094482421875,615.9402465820312,0.007967310270130978,616.5071166992187,599.1416564941406,0.015572041972073812
1046,2019-04-01,616.084716796875,636.3070068359375,643.1416015625,622.9120483398438,626.3179321289062,22088854,635.3240966796875,621.7462158203125,616.8317260742188,625.0607299804688,613.4029541015625,613.3115234375,0.023419187194270163,621.0879272460937,602.9898559570313,0.01605366556251082
1047,2019-04-02,615.1331176757812,635.3240966796875,641.4501342773438,630.935302734375,639.1185913085938,17526740,628.6951904296875,636.3070068359375,621.7462158203125,616.8317260742188,605.4939575195312,604.2139282226562,-0.0015447105653253468,627.053955078125,606.6163299560546,0.016156606724658754
1048,2019-04-03,608.71484375,628.6951904296875,641.4044189453125,627.2322387695312,636.7184448242188,17169813,618.5689697265625,635.3240966796875,636.3070068359375,621.7462158203125,625.0607299804688,617.1974487304688,-0.010433897100147416,627.7808471679688,610.0256500244141,0.016430195458723127
1049,2019-04-04,598.9103393554688,618.5689697265625,632.5811157226562,615.9173583984375,630.4324340820312,18320845,618.95751953125,628.6951904296875,635.3240966796875,636.3070068359375,616.8317260742188,629.3123779296875,-0.016106725257758248,628.1282958984375,612.6635009765625,0.01711754001423263
1050,2019-04-05,599.2866821289062,618.95751953125,623.5291748046875,613.9744262695312,622.1805419921875,14717266,607.6883544921875,618.5689697265625,628.6951904296875,635.3240966796875,621.7462158203125,628.8094482421875,0.0006281430587429249,627.570556640625,614.7001770019531,0.016638496469754138
1051,2019-04-08,588.37548828125,607.6883544921875,620.6033325195312,605.151123046875,619.9176025390625,19081843,610.065673828125,618.95751953125,618.5689697265625,628.6951904296875,636.3070068359375,613.4029541015625,-0.01820668573119022,621.846826171875,616.0488159179688,0.017331059898541404
1052,2019-04-09,590.6773071289062,610.065673828125,612.9229125976562,603.916748046875,607.5283813476562,20774977,608.6712646484375,607.6883544921875,618.95751953125,618.5689697265625,635.3240966796875,605.4939575195312,0.003912069925914752,616.7951416015625,617.5883239746094,0.017294951784973537
1053,2019-04-10,589.3272705078125,608.6712646484375,616.26025390625,606.43115234375,611.6657104492188,16651949,615.711669921875,610.065673828125,607.6883544921875,618.95751953125,628.6951904296875,625.0607299804688,-0.0022856706081127998,612.7903564453125,618.212353515625,0.016154439588993954
1054,2019-04-11,596.1439208984375,615.711669921875,618.5460815429688,607.5740966796875,609.3798828125,12558520,614.0201416015625,608.6712646484375,610.065673828125,607.6883544921875,618.5689697265625,616.8317260742188,0.0115668435202112,612.218896484375,618.5655151367188,0.015682385189282565
1055,2019-04-12,594.5062255859375,614.0201416015625,620.3290405273438,611.0714111328125,617.174560546875,12948769,612.6715087890625,615.711669921875,608.6712646484375,610.065673828125,618.95751953125,621.7462158203125,-0.002747273444609455,611.2314208984375,618.4695098876953,0.01546882409089241
1056,2019-04-15,593.2003784179688,612.6715087890625,616.694580078125,610.3170776367188,614.8887329101562,9285737,614.3173217773438,614.0201416015625,615.711669921875,608.6712646484375,607.6883544921875,636.3070068359375,-0.0021963983282085042,612.2280517578125,618.4375091552735,0.015445965496996299
1057,2019-04-16,594.7938232421875,614.3173217773438,621.7462158203125,612.6029052734375,614.8887329101562,17360317,633.6097412109375,612.6715087890625,614.0201416015625,615.711669921875,610.065673828125,635.3240966796875,0.0026862894139376703,613.0783813476562,618.9426788330078,0.01504849985768246
1058,2019-04-18,613.4732055664062,633.6097412109375,635.346923828125,624.0321044921875,628.603759765625,39286534,615.0487670898438,614.3173217773438,612.6715087890625,614.0201416015625,608.6712646484375,628.6951904296875,0.031404648297685744,618.0660766601562,619.7632934570313,0.015900518117123955
1059,2019-04-22,595.5020751953125,615.0487670898438,624.9464111328125,613.1972045898438,621.7462158203125,23607922,623.50634765625,633.6097412109375,614.3173217773438,612.6715087890625,615.711669921875,618.5689697265625,-0.029294016354010743,617.93349609375,619.0501129150391,0.016697039268156584
1060,2019-04-23,603.69091796875,623.50634765625,627.6893920898438,615.345947265625,616.26025390625,19807450,635.232666015625,615.0487670898438,633.6097412109375,614.3173217773438,614.0201416015625,618.95751953125,0.013751073116403445,619.8307373046875,618.7849578857422,0.01702072887978133
1061,2019-04-24,615.0445556640625,635.232666015625,637.6556396484375,624.603515625,626.455078125,16101112,627.4151000976562,623.50634765625,615.0487670898438,633.6097412109375,612.6715087890625,607.6883544921875,0.01880705529856108,624.34296875,619.8764434814453,0.01652560010106005
1062,2019-04-25,607.4754028320312,627.4151000976562,645.7017822265625,622.9348754882812,635.0498046875,30469914,636.7412719726562,635.232666015625,623.50634765625,615.0487670898438,614.3173217773438,610.065673828125,-0.012306618245882972,626.9625244140625,620.9725006103515,0.016498480224785055
1063,2019-04-26,616.5051879882812,636.7412719726562,638.181396484375,626.637939453125,628.603759765625,15069884,636.7412719726562,627.4151000976562,635.232666015625,623.50634765625,633.6097412109375,608.6712646484375,0.014864436436975215,627.5888305664063,621.556527709961,0.015217457644811413
1064,2019-04-30,616.5051879882812,636.7412719726562,638.3870849609375,624.85498046875,638.3870849609375,22348580,642.3416137695312,636.7412719726562,627.4151000976562,635.232666015625,615.0487670898438,615.711669921875,0.0,631.9273315429688,622.5520050048829,0.014851164533751888
1065,2019-05-02,621.9276123046875,642.3416137695312,646.3875122070312,631.849609375,636.3755493164062,18992003,644.0787963867188,636.7412719726562,636.7412719726562,627.4151000976562,623.50634765625,614.0201416015625,0.008795317726970842,635.694384765625,623.5817749023438,0.014870713473509928
1066,2019-05-03,623.6094360351562,644.0787963867188,648.0333251953125,641.244384765625,643.6673583984375,14240262,633.1296997070312,642.3416137695312,636.7412719726562,636.7412719726562,635.232666015625,612.6715087890625,0.00270445286425236,637.4636108398438,623.9703643798828,0.013975414859531134
1067,2019-05-06,613.0084228515625,633.1296997070312,641.31298828125,630.0209350585938,639.1185913085938,15832114,614.2030029296875,644.0787963867188,642.3416137695312,636.7412719726562,627.4151000976562,614.3173217773438,-0.01699962293606294,638.6065307617188,623.86064453125,0.014522622688704022
1068,2019-05-07,594.6832275390625,614.2030029296875,637.7470703125,612.6943359375,637.6556396484375,19417647,594.0648193359375,633.1296997070312,644.0787963867188,642.3416137695312,636.7412719726562,633.6097412109375,-0.02989386974912367,634.098876953125,623.13603515625,0.015845027513285728
1069,2019-05-08,575.1849975585938,594.0648193359375,612.6029052734375,590.7503662109375,612.6029052734375,31958919,574.4066772460938,614.2030029296875,633.1296997070312,644.0787963867188,636.7412719726562,615.0487670898438,-0.03278750429042654,625.5635864257813,621.9108276367188,0.01707109595365654
1070,2019-05-09,556.1517333984375,574.4066772460938,589.1959838867188,572.2579956054688,589.1959838867188,42670173,571.9837036132812,594.0648193359375,614.2030029296875,633.1296997070312,642.3416137695312,623.50634765625,-0.03309090430875572,611.9765991210937,619.6832855224609,0.018421974986140812
1071,2019-05-10,553.8057250976562,571.9837036132812,584.1214599609375,569.172119140625,578.3154296875,24557430,563.2518310546875,574.4066772460938,594.0648193359375,614.2030029296875,644.0787963867188,635.232666015625,-0.004218219823677982,597.5575805664063,617.8980529785156,0.018099579627335056
1072,2019-05-13,545.3511962890625,563.2518310546875,576.3953247070312,561.1716918945312,570.4979248046875,17603659,576.2353515625,571.9837036132812,574.4066772460938,594.0648193359375,633.1296997070312,627.4151000976562,-0.015265946395733976,583.5820068359375,615.5573608398438,0.01822911540650358
1073,2019-05-14,557.922119140625,576.2353515625,580.3041381835938,563.0003662109375,565.2861938476562,28438234,574.6123657226562,563.2518310546875,571.9837036132812,574.4066772460938,614.2030029296875,636.7412719726562,0.023051004527585572,575.9884765625,613.9355651855469,0.019196463585653373
1074,2019-05-15,556.3507690429688,574.6123657226562,584.2586059570312,571.7322387695312,581.9727783203125,24419559,578.4754638671875,576.2353515625,563.2518310546875,571.9837036132812,594.0648193359375,636.7412719726562,-0.0028165329243388104,572.0979858398438,611.8805999755859,0.018906665936908186
1075,2019-05-16,560.091064453125,578.4754638671875,581.4699096679688,575.1610107421875,576.0067749023438,14451308,579.4126586914062,574.6123657226562,576.2353515625,563.2518310546875,574.4066772460938,642.3416137695312,0.0067229638187003005,572.9117431640625,610.1033660888672,0.019038775774279468
1076,2019-05-17,560.9985961914062,579.4126586914062,583.778564453125,572.3722534179688,579.2297973632812,17276949,606.1568603515625,578.4754638671875,574.6123657226562,576.2353515625,571.9837036132812,644.0787963867188,0.0016201116257437143,574.3975341796875,608.4404235839844,0.01906429686752655
1077,2019-05-20,586.8928833007812,606.1568603515625,611.5514526367188,595.9163208007812,600.5337524414062,26979100,612.511474609375,579.4126586914062,578.4754638671875,574.6123657226562,563.2518310546875,633.1296997070312,0.046157434186124835,582.9785400390625,608.0324005126953,0.021958707919433166
1078,2019-05-21,593.04541015625,612.511474609375,624.9464111328125,608.0541381835938,609.0370483398438,30343560,612.7857666015625,606.1568603515625,579.4126586914062,578.4754638671875,576.2353515625,614.2030029296875,0.010483448548494367,590.2337646484375,606.9774871826172,0.02083124993082206
1079,2019-05-22,593.31103515625,612.7857666015625,621.6090698242188,610.36279296875,615.1859130859375,24689918,609.814208984375,612.511474609375,606.1568603515625,579.4126586914062,574.6123657226562,594.0648193359375,0.00044781527131787513,597.8684448242187,606.8643371582032,0.019776503144675515
1080,2019-05-23,590.4338989257812,609.814208984375,636.3755493164062,605.7454223632812,627.2322387695312,38766006,611.162841796875,612.7857666015625,612.511474609375,606.1568603515625,578.4754638671875,574.4066772460938,-0.004849260180547987,604.1361938476563,606.1797302246093,0.019531707438226076
1081,2019-05-24,591.7396850585938,611.162841796875,618.9118041992188,601.8594970703125,616.26025390625,22269265,599.18505859375,609.814208984375,612.7857666015625,612.511474609375,579.4126586914062,571.9837036132812,0.0022115470460193354,610.48623046875,604.9762390136718,0.01899425696500237
1082,2019-05-27,580.142578125,599.18505859375,611.4600219726562,597.5164184570312,611.2771606445312,16076686,605.1739501953125,611.162841796875,609.814208984375,612.7857666015625,606.1568603515625,563.2518310546875,-0.019598349873348297,609.0918701171875,603.5647369384766,0.019275281650828695
1083,2019-05-28,585.9411010742188,605.1739501953125,610.2256469726562,600.41943359375,603.3681640625,42594251,600.2822875976562,599.18505859375,611.162841796875,609.814208984375,612.511474609375,576.2353515625,0.009995061651934423,607.624365234375,601.9863708496093,0.01907917193851129
1084,2019-05-29,581.2049560546875,600.2822875976562,609.5399169921875,596.2135009765625,603.916748046875,15558515,607.9169921875,605.1739501953125,599.18505859375,611.162841796875,612.7857666015625,574.6123657226562,-0.008083068671540627,605.1236694335937,600.1634216308594,0.01911198634527067
1085,2019-05-30,588.5969848632812,607.9169921875,613.5172729492188,601.7452392578125,601.7452392578125,23494381,608.099853515625,600.2822875976562,605.1739501953125,599.18505859375,609.814208984375,578.4754638671875,0.012718523847168761,604.7442260742188,598.4421905517578,0.019256531604144648
1086,2019-05-31,588.7741088867188,608.099853515625,613.4715576171875,603.551025390625,611.6428833007812,25724066,621.8377075195312,607.9169921875,600.2822875976562,605.1739501953125,611.162841796875,579.4126586914062,0.0003007998303634629,604.1316284179687,596.6432434082031,0.01922933215478882
1087,2019-06-03,602.0751953125,621.8377075195312,625.0607299804688,604.0081787109375,610.3170776367188,18556942,617.9288940429688,608.099853515625,607.9169921875,600.2822875976562,599.18505859375,606.1568603515625,0.022591444356520052,608.662158203125,596.0786437988281,0.019711024146199064
1088,2019-06-04,598.2907104492188,617.9288940429688,628.2608642578125,616.3059692382812,620.5804443359375,15442761,606.8197631835938,621.8377075195312,608.099853515625,607.9169921875,605.1739501953125,612.511474609375,-0.0062859061605551325,611.2131469726562,596.2649383544922,0.018544023025830983
1089,2019-06-06,587.53466796875,606.8197631835938,622.6148681640625,603.9624633789062,622.6148681640625,16764835,601.1280517578125,617.9288940429688,621.8377075195312,608.099853515625,600.2822875976562,612.7857666015625,-0.017978008418882085,612.5206420898437,596.902685546875,0.017407164074337195
1090,2019-06-07,582.0238037109375,601.1280517578125,606.7740478515625,596.8764038085938,606.1797485351562,14722419,603.0709838867188,606.8197631835938,617.9288940429688,621.8377075195312,607.9169921875,609.814208984375,-0.009379574910218014,611.1628540039062,598.2387542724609,0.015669040177382715
1091,2019-06-10,583.9049682617188,603.0709838867188,606.6597290039062,598.9336547851562,603.8710327148438,11768468,607.6426391601562,601.1280517578125,606.8197631835938,617.9288940429688,608.099853515625,611.162841796875,0.0032321435062374615,610.157080078125,599.7931182861328,0.015592008719537516
1092,2019-06-11,588.3313598632812,607.6426391601562,610.0885009765625,602.5452880859375,604.3053588867188,11492074,609.01416015625,603.0709838867188,601.1280517578125,606.8197631835938,621.8377075195312,599.18505859375,0.007580625491171444,607.31806640625,602.0126586914063,0.015028283056212703
1093,2019-06-12,589.6592407226562,609.01416015625,611.8714599609375,605.7454223632812,610.179931640625,10297599,606.7740478515625,607.6426391601562,603.0709838867188,601.1280517578125,617.9288940429688,605.1739501953125,0.00225711776577997,605.5351196289063,603.6515991210938,0.014337491321056226
1094,2019-06-13,587.4904174804688,606.7740478515625,610.179931640625,598.270751953125,608.03125,15686169,602.3395385742188,609.01416015625,607.6426391601562,603.0709838867188,606.8197631835938,600.2822875976562,-0.0036782598028800573,605.5259765625,605.2596832275391,0.014356750174405304
1095,2019-06-14,583.19677734375,602.3395385742188,605.7454223632812,598.6136474609375,604.3281860351562,14942768,586.2244262695312,606.7740478515625,609.01416015625,607.6426391601562,601.1280517578125,607.9169921875,-0.007308337087001737,605.7682739257813,606.4528869628906,0.014498291935964485
1096,2019-06-17,567.5938110351562,586.2244262695312,603.4595947265625,584.4871826171875,603.4595947265625,14908257,585.630126953125,602.3395385742188,606.7740478515625,609.01416015625,603.0709838867188,608.099853515625,-0.02675419970409565,602.3989624023437,606.7934753417969,0.01587305485674973
1097,2019-06-18,567.0184936523438,585.630126953125,588.8074340820312,580.1898193359375,584.6700439453125,16797371,583.96142578125,586.2244262695312,602.3395385742188,606.7740478515625,607.6426391601562,621.8377075195312,-0.0010137744006815108,597.9964599609375,605.767138671875,0.011726519252765988
1098,2019-06-19,565.4027099609375,583.96142578125,595.2305908203125,577.21826171875,588.327392578125,14492763,592.8304443359375,585.630126953125,586.2244262695312,602.3395385742188,609.01416015625,617.9288940429688,-0.0028494114204076215,592.9859130859375,604.3396362304687,0.011373784803285025
1099,2019-06-20,573.9898071289062,592.8304443359375,594.3162841796875,584.2586059570312,585.1729125976562,10748848,584.9443359375,583.96142578125,585.630126953125,586.2244262695312,606.7740478515625,606.8197631835938,0.01518767878001892,590.1971923828125,603.3418701171875,0.012021811225504948
1100,2019-06-21,566.3543701171875,584.9443359375,592.4876098632812,583.1385498046875,592.4647216796875,23236832,577.1268310546875,592.8304443359375,583.96142578125,585.630126953125,602.3395385742188,601.1280517578125,-0.01330246864644602,586.7181518554687,602.0983764648438,0.012288255166896212
1101,2019-06-24,558.7852783203125,577.1268310546875,583.5499877929688,574.703857421875,581.5841674804688,11267228,592.4190063476562,584.9443359375,592.8304443359375,583.96142578125,586.2244262695312,603.0709838867188,-0.013364527874747734,584.8986328125,600.3965759277344,0.012498555936954566
1102,2019-06-25,573.5914916992188,592.4190063476562,593.4019165039062,573.40087890625,575.5267333984375,14966899,591.641845703125,577.1268310546875,584.9443359375,592.8304443359375,585.630126953125,607.6426391601562,0.026497079099619514,586.2564086914062,600.0582733154297,0.013449175039411542
1103,2019-06-26,572.8389892578125,591.641845703125,596.4192504882812,588.075927734375,590.2017822265625,11593027,582.49853515625,592.4190063476562,577.1268310546875,584.9443359375,583.96142578125,609.01416015625,-0.0013118428615627176,587.7924926757812,599.3816680908203,0.01322130798232418
1104,2019-06-27,563.986328125,582.49853515625,592.8990478515625,581.0584106445312,591.1846923828125,24905533,572.8751831054688,591.641845703125,592.4190063476562,577.1268310546875,592.8304443359375,606.7740478515625,-0.01545413092951331,585.7261108398437,598.49248046875,0.01352696394443434
1105,2019-06-28,554.6688232421875,572.8751831054688,586.4758911132812,570.8407592773438,583.84716796875,18942165,580.0755615234375,582.49853515625,591.641845703125,592.4190063476562,584.9443359375,602.3395385742188,-0.01652081759862256,583.3122802734375,596.7403900146485,0.013498995375321713
1106,2019-07-01,561.6403198242188,580.0755615234375,581.812744140625,569.8350219726562,575.1381225585938,13478857,584.4871826171875,572.8751831054688,582.49853515625,591.641845703125,577.1268310546875,586.2244262695312,0.012568843319301415,583.9020263671875,595.3391754150391,0.013923102150996179
1107,2019-07-02,565.9118041992188,584.4871826171875,585.630126953125,577.5382690429688,582.4071044921875,10146746,586.3386840820312,580.0755615234375,572.8751831054688,582.49853515625,592.4190063476562,585.630126953125,0.007605252464289114,582.3156616210938,593.4716491699219,0.01287914051316337
1108,2019-07-03,567.7044067382812,586.3386840820312,588.14453125,582.9099731445312,586.4987182617188,8806492,587.0015869140625,584.4871826171875,580.0755615234375,572.8751831054688,591.641845703125,583.96142578125,0.00316773664146619,581.255029296875,591.892138671875,0.012926117593473146
1109,2019-07-04,568.3463134765625,587.0015869140625,590.2017822265625,585.1729125976562,585.81298828125,9351405,577.5610961914062,586.3386840820312,584.4871826171875,580.0755615234375,582.49853515625,592.8304443359375,0.0011305800726231219,582.1556396484375,590.9012298583984,0.012421386526726372
1110,2019-07-05,559.205810546875,577.5610961914062,589.9732055664062,576.0296020507812,587.5044555664062,10926753,572.3951416015625,587.0015869140625,586.3386840820312,584.4871826171875,572.8751831054688,584.9443359375,-0.016082564226591045,583.092822265625,589.7228820800781,0.01272936222978668
1111,2019-07-08,554.2041015625,572.3951416015625,579.732666015625,570.6350708007812,575.1152954101562,14009219,585.2186279296875,577.5610961914062,587.0015869140625,586.3386840820312,580.0755615234375,577.1268310546875,-0.008944429643737206,581.55673828125,588.1890899658204,0.012761094260649584
1112,2019-07-09,566.6199340820312,585.2186279296875,586.7730102539062,569.4006958007812,570.9779052734375,17535754,584.647216796875,572.3951416015625,577.5610961914062,587.0015869140625,584.4871826171875,592.4190063476562,0.022403206100325868,581.70302734375,587.0678894042969,0.013769731369147265
1113,2019-07-10,566.0667114257812,584.647216796875,589.4474487304688,580.0069580078125,585.19580078125,12018196,585.8815307617188,585.2186279296875,572.3951416015625,577.5610961914062,586.3386840820312,591.641845703125,-0.000976406261765761,581.3647338867188,585.8495422363281,0.013738679760384233
1114,2019-07-11,567.2618408203125,585.8815307617188,589.6531982421875,584.8529052734375,588.3731079101562,8608376,585.4015502929688,584.647216796875,585.2186279296875,572.3951416015625,587.0015869140625,582.49853515625,0.002111211563797788,581.14072265625,584.8049163818359,0.013761323046412047
1115,2019-07-12,566.7969970703125,585.4015502929688,594.3162841796875,584.2814331054688,586.54443359375,15692436,583.3900146484375,585.8815307617188,584.647216796875,585.2186279296875,577.5610961914062,572.8751831054688,-0.0008192449216243292,582.7088134765625,583.9580169677735,0.013697505182969017
1116,2019-07-15,564.8495483398438,583.3900146484375,589.5159912109375,580.7612915039062,587.458740234375,10659498,591.1160888671875,585.4015502929688,585.8815307617188,584.647216796875,572.3951416015625,580.0755615234375,-0.0034361638494543323,584.9077880859375,583.8162963867187,0.012345797899371985
1117,2019-07-16,572.3298950195312,591.1160888671875,591.9847412109375,583.8242797851562,585.1500854492188,10070773,586.0186767578125,583.3900146484375,585.4015502929688,585.8815307617188,585.2186279296875,584.4871826171875,0.013243411825287987,586.0872802734375,584.0905944824219,0.01270102785642174
1118,2019-07-17,567.39453125,586.0186767578125,592.9447631835938,585.1729125976562,591.7103881835938,9482233,576.8753662109375,591.1160888671875,583.3900146484375,585.4015502929688,584.647216796875,586.3386840820312,-0.00862336892088944,586.361572265625,584.19345703125,0.012846971692455564
1119,2019-07-18,558.5418701171875,576.8753662109375,588.0988159179688,575.1152954101562,586.0872802734375,11942908,571.0007934570312,586.0186767578125,591.1160888671875,583.3900146484375,585.8815307617188,587.0015869140625,-0.015602421747820339,584.5603393554687,583.395703125,0.0128080069774723
1120,2019-07-19,552.85400390625,571.0007934570312,581.9498901367188,568.12060546875,579.7783813476562,16336536,585.4015502929688,576.8753662109375,586.0186767578125,591.1160888671875,585.4015502929688,577.5610961914062,-0.010183434928920487,581.6801879882812,582.6985260009766,0.012672256137264287
1121,2019-07-22,566.7969970703125,585.4015502929688,587.2301635742188,561.0802612304688,571.9151000976562,29092589,582.2242431640625,571.0007934570312,576.8753662109375,586.0186767578125,583.3900146484375,572.3951416015625,0.025220204596828166,582.0824951171875,583.1122619628907,0.013613683568661186
1122,2019-07-23,563.7206420898438,582.2242431640625,591.5275268554688,576.2124633789062,587.458740234375,20316348,575.6181640625,585.4015502929688,571.0007934570312,576.8753662109375,591.1160888671875,585.2186279296875,-0.005427568695908214,580.3041259765625,582.6025238037109,0.012244817380508791
1123,2019-07-24,557.3246459960938,575.6181640625,584.6243286132812,573.0808715820312,582.2013549804688,15189179,563.0003662109375,582.2242431640625,585.4015502929688,571.0007934570312,586.0186767578125,584.647216796875,-0.011346279683687066,578.2240234375,581.8013397216797,0.012470536482867197
1124,2019-07-25,545.1078491210938,563.0003662109375,580.1669921875,560.943115234375,577.8582763671875,21805071,554.9085083007812,575.6181640625,582.2242431640625,585.4015502929688,576.8753662109375,585.8815307617188,-0.0219204303118421,575.4490234375,580.8264312744141,0.012932140972072018
1125,2019-07-26,537.2731323242188,554.9085083007812,568.0291748046875,553.1712646484375,563.0003662109375,20387504,553.6055908203125,563.0003662109375,575.6181640625,582.2242431640625,571.0007934570312,585.4015502929688,-0.01437274004742739,572.23056640625,579.9280975341796,0.012810233275500354
1126,2019-07-29,536.0116577148438,553.6055908203125,558.6572875976562,550.93115234375,556.3257446289062,17626045,539.8677368164062,554.9085083007812,563.0003662109375,575.6181640625,585.4015502929688,583.3900146484375,-0.00234798612920617,565.8713745117187,578.6045989990234,0.012373945569283245
1127,2019-07-30,522.7103271484375,539.8677368164062,557.7429809570312,537.6047973632812,554.9771118164062,20853117,533.1702880859375,553.6055908203125,554.9085083007812,563.0003662109375,582.2242431640625,591.1160888671875,-0.024815237114115818,557.4000732421875,576.3736267089844,0.013114942265708448
1128,2019-07-31,516.2257080078125,533.1702880859375,541.7421264648438,531.41015625,537.5133666992188,21229950,539.5706176757812,539.8677368164062,553.6055908203125,554.9085083007812,575.6181640625,586.0186767578125,-0.01240572139013807,548.910498046875,573.7152069091796,0.013136708431471238
1129,2019-08-01,522.4226684570312,539.5706176757812,543.205078125,525.9013061523438,531.8673095703125,22628222,541.4449462890625,533.1702880859375,539.8677368164062,553.6055908203125,563.0003662109375,576.8753662109375,0.01200428780984919,544.2245483398438,571.3436584472656,0.01360560997854304
1130,2019-08-02,527.38427734375,541.4449462890625,547.799560546875,531.2730102539062,537.490478515625,23766807,522.701171875,539.5706176757812,533.1702880859375,539.8677368164062,554.9085083007812,571.0007934570312,0.0034737410672118774,541.5318359375,569.5378509521485,0.013401543840188133
1131,2019-08-05,509.1271667480469,522.701171875,533.5131225585938,515.6836547851562,533.5131225585938,30399133,515.82080078125,541.4449462890625,539.5706176757812,533.1702880859375,553.6055908203125,585.4015502929688,-0.03461806143455204,535.3509521484375,567.0531524658203,0.015107919245188844
1132,2019-08-06,502.4254760742188,515.82080078125,525.5584716796875,512.940673828125,518.76953125,29067994,507.1803588867188,522.701171875,541.4449462890625,539.5706176757812,539.8677368164062,582.2242431640625,-0.013163106309995731,530.5415649414062,563.5832611083985,0.01382276141687671
1133,2019-08-07,494.0094299316406,507.1803588867188,520.5067749023438,504.3002014160156,514.9979248046875,25349369,526.815673828125,515.82080078125,522.701171875,541.4449462890625,533.1702880859375,575.6181640625,-0.016750859758746794,525.3435791015626,559.7099182128907,0.013958379086225135
1134,2019-08-08,513.1348876953125,526.815673828125,529.3986206054688,500.73431396484375,506.7003173828125,31198568,531.2730102539062,507.1803588867188,515.82080078125,522.701171875,539.5706176757812,563.0003662109375,0.038714659582848476,522.7925903320313,556.756625366211,0.01723049586632791
1135,2019-08-09,517.4763793945312,531.2730102539062,537.3990478515625,526.7927856445312,531.1587524414062,21970009,582.7728271484375,526.815673828125,507.1803588867188,515.82080078125,541.4449462890625,554.9085083007812,0.008460903210020021,520.758203125,554.0501983642578,0.017476704171517178
1136,2019-08-13,567.6387939453125,582.7728271484375,595.5963134765625,560.4859619140625,563.7546997070312,104827144,588.944580078125,531.2730102539062,526.815673828125,507.1803588867188,522.701171875,553.6055908203125,0.09693663314445145,532.7725341796875,554.0193389892578,0.028678709720315023
1137,2019-08-14,573.6503295898438,588.944580078125,596.3506469726562,585.3329467773438,596.1449584960938,31688983,584.2586059570312,582.7728271484375,531.2730102539062,526.815673828125,515.82080078125,539.8677368164062,0.010590323779999355,547.3972900390625,553.9107635498046,0.028621884152161478
1138,2019-08-16,569.0860595703125,584.2586059570312,590.5675048828125,581.9727783203125,590.293212890625,21977767,590.9332275390625,588.944580078125,582.7728271484375,531.2730102539062,507.1803588867188,533.1702880859375,-0.007956562093622055,562.812939453125,553.8227600097656,0.028611462551308062
1139,2019-08-19,575.5873413085938,590.9332275390625,592.8533325195312,585.1729125976562,585.6529541015625,16317602,583.3214111328125,584.2586059570312,588.944580078125,582.7728271484375,526.815673828125,539.5706176757812,0.011424087748092449,575.6364501953125,554.5256530761719,0.02846245613142198
1140,2019-08-20,568.173095703125,583.3214111328125,590.9332275390625,581.7899169921875,589.6531982421875,14969299,581.0355834960938,590.9332275390625,584.2586059570312,588.944580078125,531.2730102539062,541.4449462890625,-0.012881009311237035,586.0461303710938,555.1416839599609,0.028527431752718303
1141,2019-08-21,565.9467163085938,581.0355834960938,584.5557861328125,579.001220703125,583.1842651367188,10677848,569.97216796875,583.3214111328125,590.9332275390625,584.2586059570312,582.7728271484375,522.701171875,-0.003918641752373997,585.698681640625,554.9233856201172,0.027988054175361928
1142,2019-08-22,555.170654296875,569.97216796875,581.0584106445312,566.3834228515625,581.0355834960938,14031953,583.2756958007812,581.0355834960938,583.3214111328125,590.9332275390625,588.944580078125,515.82080078125,-0.019040857120617538,581.90419921875,554.3107818603515,0.02829049214849316
1143,2019-08-23,568.1286010742188,583.2756958007812,587.0015869140625,560.7145385742188,566.4291381835938,21307915,579.1383666992188,569.97216796875,581.0355834960938,583.3214111328125,584.2586059570312,507.1803588867188,0.02334066219310671,581.7076171875,554.6936584472656,0.028664029396122167
1144,2019-08-26,564.0987548828125,579.1383666992188,591.5732421875,575.5724487304688,591.5732421875,19202504,582.8185424804688,583.2756958007812,569.97216796875,581.0355834960938,590.9332275390625,526.815673828125,-0.007093265039755048,579.3486450195312,555.5005584716797,0.028227412506672312
1145,2019-08-27,567.6834106445312,582.8185424804688,587.458740234375,576.5781860351562,587.458740234375,28401906,577.5382690429688,579.1383666992188,583.2756958007812,569.97216796875,583.3214111328125,531.2730102539062,0.006354570846730523,579.2480712890625,556.8960601806641,0.027982629007942694
1146,2019-08-28,562.5401611328125,577.5382690429688,585.630126953125,574.2238159179688,582.315673828125,11605488,567.6863403320312,582.8185424804688,579.1383666992188,583.2756958007812,581.0355834960938,582.7728271484375,-0.009059892664065261,578.5486083984375,558.0926940917968,0.028087862999747436
1147,2019-08-29,552.944091796875,567.6863403320312,576.1439208984375,564.7376098632812,574.4066772460938,18890222,570.7950439453125,577.5382690429688,582.8185424804688,579.1383666992188,569.97216796875,588.944580078125,-0.01705848640517449,578.0914428710937,559.4836242675781,0.027742566218243222
1148,2019-08-30,555.9721069335938,570.7950439453125,573.469482421875,558.2001342773438,569.4006958007812,24735240,551.5255126953125,567.6863403320312,577.5382690429688,582.8185424804688,583.2756958007812,584.2586059570312,0.005476093737719623,575.5953125,561.3648620605469,0.02751161385422227
1149,2019-09-03,537.2029418945312,551.5255126953125,568.2578125,548.599609375,567.9149169921875,18730619,549.1253662109375,570.7950439453125,567.6863403320312,577.5382690429688,579.1383666992188,590.9332275390625,-0.03375910750172206,570.0727416992188,561.9626068115234,0.028668753349276623
1150,2019-09-04,534.865234375,549.1253662109375,550.999755859375,542.22216796875,548.85107421875,32949395,547.9595947265625,551.5255126953125,570.7950439453125,567.6863403320312,582.8185424804688,583.3214111328125,-0.004351832198379091,563.3341064453125,562.3466278076172,0.028693410148788193
1151,2019-09-05,533.7296752929688,547.9595947265625,554.6342163085938,545.53662109375,551.7083740234375,22995486,558.8858642578125,549.1253662109375,551.5255126953125,570.7950439453125,577.5382690429688,581.0355834960938,-0.0021229605407213636,557.4183715820312,563.6095489501953,0.027458949669258638
1152,2019-09-06,544.3722534179688,558.8858642578125,561.8574829101562,546.4281005859375,549.9711303710938,23186819,558.7487182617188,547.9595947265625,549.1253662109375,551.5255126953125,567.6863403320312,569.97216796875,0.019939918264780587,555.6582763671875,565.7628021240234,0.02744966937488581
1153,2019-09-09,544.2386474609375,558.7487182617188,563.6860961914062,554.6113891601562,558.0401000976562,11747929,564.326171875,558.8858642578125,547.9595947265625,549.1253662109375,570.7950439453125,583.2756958007812,-0.0002453917782943016,553.2490112304688,568.3412200927735,0.027026350775794704
1154,2019-09-11,549.6712646484375,564.326171875,566.8862915039062,558.8858642578125,558.8858642578125,12127900,553.331298828125,558.7487182617188,558.8858642578125,547.9595947265625,551.5255126953125,579.1383666992188,0.009982042787736178,555.8091430664062,570.2167449951172,0.025890140059931725
1155,2019-09-12,538.9618530273438,553.331298828125,567.0919799804688,551.2055053710938,564.6004638671875,11880005,560.3031005859375,564.326171875,558.7487182617188,558.8858642578125,549.1253662109375,582.8185424804688,-0.01948318826033535,556.6503295898438,571.3196594238282,0.02637211511301458
1156,2019-09-13,545.7526245117188,560.3031005859375,561.6288452148438,551.7540893554688,554.0856323242188,12947715,553.51416015625,553.331298828125,564.326171875,558.7487182617188,547.9595947265625,577.5382690429688,0.012599688057729264,559.1190307617187,570.1961730957031,0.014541567275384195
1157,2019-09-16,539.1399536132812,553.51416015625,557.3314819335938,542.2449951171875,543.57080078125,20547730,547.433837890625,560.3031005859375,553.331298828125,564.326171875,558.8858642578125,567.6863403320312,-0.012116549814891187,558.0446899414062,568.4246520996094,0.014403851198833926
1158,2019-09-17,533.217529296875,547.433837890625,553.6284790039062,545.6280517578125,553.6284790039062,15640772,551.2055053710938,553.51416015625,560.3031005859375,553.331298828125,558.7487182617188,570.7950439453125,-0.01098494438499753,555.7817138671875,566.5834136962891,0.014474459922374651
1159,2019-09-18,536.8912353515625,551.2055053710938,556.0514526367188,547.319580078125,550.8626098632812,14933909,539.02197265625,547.433837890625,553.51416015625,560.3031005859375,564.326171875,551.5255126953125,0.0068897229572102425,553.1575805664063,564.5970275878906,0.014268209447317295
1160,2019-09-19,525.0241088867188,539.02197265625,553.0341186523438,536.0961303710938,552.1883544921875,13766222,573.4465942382812,551.2055053710938,547.433837890625,553.51416015625,553.331298828125,549.1253662109375,-0.022103430746108543,550.2957153320312,562.3820556640625,0.014732993120534388
1161,2019-09-20,558.5547485351562,573.4465942382812,580.5555419921875,536.8504638671875,543.0907592773438,48165560,566.5205688476562,539.02197265625,551.2055053710938,547.433837890625,560.3031005859375,547.9595947265625,0.0638649690148807,552.9244140625,562.0026062011718,0.02112380438334377
1162,2019-09-23,551.80859375,566.5205688476562,585.630126953125,564.6004638671875,582.49853515625,21610844,584.57861328125,573.4465942382812,539.02197265625,551.2055053710938,553.51416015625,558.8858642578125,-0.012077890879838571,555.5256958007812,561.8300262451172,0.020856945736445913
1163,2019-09-24,569.3976440429688,584.57861328125,593.7676391601562,568.1434936523438,568.5321044921875,34958974,584.9672241210938,566.5205688476562,573.4465942382812,539.02197265625,547.433837890625,558.7487182617188,0.031875355329683996,562.9546508789062,561.8951721191406,0.021440929983192754
1164,2019-09-25,569.7762451171875,584.9672241210938,592.0304565429688,580.0755615234375,587.0015869140625,18192270,592.8533325195312,584.57861328125,566.5205688476562,573.4465942382812,551.2055053710938,564.326171875,0.000664770881135146,569.7069946289063,562.1866149902344,0.021369693004209805
1165,2019-09-26,577.4575805664062,592.8533325195312,593.7676391601562,586.7730102539062,590.658935546875,18350457,598.45361328125,584.9672241210938,584.57861328125,566.5205688476562,539.02197265625,553.331298828125,0.013481282494564262,580.4732666015625,562.6883544921875,0.021527531089245426
1166,2019-09-27,582.9124145507812,598.45361328125,601.1737670898438,587.0015869140625,590.8875122070312,19058663,609.0598754882812,592.8533325195312,584.9672241210938,584.57861328125,573.4465942382812,560.3031005859375,0.009446317418708716,585.4746704101562,563.7341217041015,0.021466819514063793
1167,2019-09-30,593.2432861328125,609.0598754882812,610.6599731445312,596.853515625,598.887939453125,25263770,596.556396484375,598.45361328125,592.8533325195312,584.9672241210938,566.5205688476562,553.51416015625,0.017722780799799054,593.9825317382813,565.8027984619141,0.02124970143684468
1168,2019-10-01,581.0643920898438,596.556396484375,613.5172729492188,591.2532348632812,611.2314453125,17920384,599.3679809570312,609.0598754882812,598.45361328125,592.8533325195312,584.57861328125,547.433837890625,-0.020529145831322815,596.3780883789062,567.0908660888672,0.021922523902239137
1169,2019-10-03,583.802978515625,599.3679809570312,601.03662109375,585.7672729492188,587.9159545898438,13524851,598.019287109375,596.556396484375,609.0598754882812,598.45361328125,584.9672241210938,551.2055053710938,0.00471302376309346,599.2582397460938,569.4829895019532,0.020199718570636564
1170,2019-10-04,582.4893798828125,598.019287109375,607.3912353515625,596.0763549804688,603.4138793945312,14992253,598.9336547851562,599.3679809570312,596.556396484375,609.0598754882812,592.8533325195312,539.02197265625,-0.002250193354511154,600.2914306640625,571.927685546875,0.02015744504086821
1171,2019-10-07,583.3799438476562,598.9336547851562,603.8253173828125,595.0934448242188,598.019287109375,10061584,605.631103515625,598.019287109375,599.3679809570312,596.556396484375,598.45361328125,573.4465942382812,0.0015289936219298195,600.3874389648438,574.4763885498047,0.020111130257105647
1172,2019-10-09,589.903564453125,605.631103515625,608.0084228515625,590.8875122070312,598.2936401367188,17588647,623.0034790039062,598.9336547851562,598.019287109375,599.3679809570312,609.0598754882812,566.5205688476562,0.01118228818327327,599.7016845703125,576.8136505126953,0.019854306612051495
1173,2019-10-10,606.8246459960938,623.0034790039062,625.8607177734375,603.916748046875,605.7454223632812,35006390,618.3632202148438,605.631103515625,598.9336547851562,598.019287109375,596.556396484375,584.57861328125,0.028684747839792912,604.9911010742187,580.0263885498047,0.020554299998540266
1174,2019-10-11,602.3050537109375,618.3632202148438,624.306396484375,611.0256958007812,623.437744140625,16597126,620.8319091796875,623.0034790039062,605.631103515625,598.9336547851562,599.3679809570312,584.9672241210938,-0.007448206864721918,608.7901489257813,582.7282409667969,0.020729929362293845
1175,2019-10-14,604.7095947265625,620.8319091796875,624.0092163085938,617.5631713867188,624.0092163085938,13394275,623.6434936523438,618.3632202148438,623.0034790039062,605.631103515625,598.019287109375,592.8533325195312,0.003992295925986822,613.3526733398437,586.103271484375,0.019932901843610774
1176,2019-10-15,607.4481811523438,623.6434936523438,626.3179321289062,619.140380859375,622.88916015625,9672791,627.3922729492188,620.8319091796875,618.3632202148438,623.0034790039062,598.9336547851562,598.45361328125,0.004528737056011201,618.2946411132813,589.2702911376953,0.019872945415673374
1177,2019-10-16,611.0995483398438,627.3922729492188,630.7295532226562,623.437744140625,626.272216796875,19403660,638.4328002929688,623.6434936523438,620.8319091796875,618.3632202148438,605.631103515625,609.0598754882812,0.006011093413194057,622.646875,592.9641967773438,0.019433154783398528
1178,2019-10-17,621.8533935546875,638.4328002929688,639.5757446289062,627.2322387695312,628.603759765625,16038940,647.507568359375,627.3922729492188,623.6434936523438,620.8319091796875,623.0034790039062,596.556396484375,0.01759748696274377,625.7327392578125,597.5141448974609,0.019131392774557974
1179,2019-10-18,630.6925048828125,647.507568359375,652.787841796875,639.4385986328125,641.861572265625,28121951,646.5018310546875,638.4328002929688,627.3922729492188,623.6434936523438,618.3632202148438,599.3679809570312,0.014214131952872577,631.5616088867188,602.329248046875,0.01918130072880738
1180,2019-10-22,629.712890625,646.5018310546875,656.8794555664062,641.5643920898438,651.4620361328125,27786502,636.5584106445312,647.507568359375,638.4328002929688,627.3922729492188,620.8319091796875,598.019287109375,-0.0015532440913946788,636.6955932617187,607.7032409667969,0.017982413485062927
1181,2019-10-23,620.0277099609375,636.5584106445312,651.8963623046875,632.3296508789062,647.4847412109375,18446160,656.6965942382812,646.5018310546875,647.507568359375,638.4328002929688,623.6434936523438,598.9336547851562,-0.015380343770929117,639.2785766601562,610.8588317871094,0.013492673331820757
1182,2019-10-24,639.6428833007812,656.6965942382812,658.9595947265625,633.884033203125,640.4900512695312,22642488,654.2965087890625,636.5584106445312,646.5018310546875,647.507568359375,627.3922729492188,605.631103515625,0.031636034112501266,645.1394409179687,615.3676330566407,0.01405492123646449
1183,2019-10-25,637.3051147460938,654.2965087890625,658.982421875,645.176025390625,658.8224487304688,13539957,655.6908569335938,656.6965942382812,636.5584106445312,646.5018310546875,638.4328002929688,623.0034790039062,-0.003654785893937307,648.3121826171875,618.8535278320312,0.013019918241822947
1184,2019-10-27,638.6632690429688,655.6908569335938,660.6054077148438,653.7478637695312,658.7767333984375,3014841,670.6859130859375,654.2965087890625,656.6965942382812,636.5584106445312,647.507568359375,618.3632202148438,0.0021310646255958687,649.9488403320313,622.3897094726562,0.01299400102165387
1185,2019-10-29,653.2688598632812,670.6859130859375,676.606201171875,659.2796020507812,660.833984375,25768505,676.1947631835938,655.6908569335938,654.2965087890625,656.6965942382812,646.5018310546875,620.8319091796875,0.022869094473071838,654.7856567382812,626.2813385009765,0.013447620592774202
1186,2019-10-30,658.6347045898438,676.1947631835938,678.6863403320312,667.6000366210938,676.606201171875,16341366,669.4515380859375,670.6859130859375,655.6908569335938,654.2965087890625,636.5584106445312,623.6434936523438,0.00821375548549863,662.7129272460937,630.1683959960938,0.01343512662837655
1187,2019-10-31,652.0665893554688,669.4515380859375,681.0178833007812,668.2400512695312,678.4348754882812,19463741,666.045654296875,676.1947631835938,670.6859130859375,655.6908569335938,656.6965942382812,627.3922729492188,-0.009972311920767418,665.263916015625,633.1879791259765,0.01361220180724681
1188,2019-11-01,648.7491455078125,666.045654296875,668.2857666015625,658.7767333984375,665.1770629882812,13904301,666.3885498046875,669.4515380859375,676.1947631835938,670.6859130859375,654.2965087890625,638.4328002929688,-0.005087573327264949,667.6137451171875,636.6624420166015,0.012490060467892753
1189,2019-11-04,649.0831298828125,666.3885498046875,672.49169921875,660.651123046875,670.16015625,14063434,661.6568603515625,666.045654296875,669.4515380859375,676.1947631835938,655.6908569335938,647.507568359375,0.0005148228287361611,669.7532836914063,640.0134704589843,0.012540887276058791
1190,2019-11-05,644.474365234375,661.6568603515625,671.5545043945312,658.7767333984375,668.880126953125,12685356,655.9879760742188,666.3885498046875,666.045654296875,669.4515380859375,670.6859130859375,646.5018310546875,-0.007100496331324702,667.9474731445313,643.1953491210937,0.012741656642577991
1191,2019-11-06,638.9526977539062,655.9879760742188,661.2682495117188,653.0621337890625,659.5538940429688,14625505,666.8228759765625,661.6568603515625,666.3885498046875,666.045654296875,676.1947631835938,636.5584106445312,-0.008567710269537065,663.9061157226563,646.0480651855469,0.013087800412095157
1192,2019-11-07,649.5062255859375,666.8228759765625,668.8343505859375,654.753662109375,656.0337524414062,14084039,660.833984375,655.9879760742188,661.6568603515625,666.3885498046875,669.4515380859375,656.6965942382812,0.016516918445953266,663.3803833007812,649.1076538085938,0.013281072427610579
1193,2019-11-08,643.6728515625,660.833984375,667.3028564453125,658.9138793945312,662.43408203125,12019353,652.7421264648438,666.8228759765625,655.9879760742188,661.6568603515625,666.045654296875,654.2965087890625,-0.008981232974036413,662.3380493164062,650.9991790771485,0.012371310157839566
1194,2019-11-11,635.7910766601562,652.7421264648438,660.2625122070312,650.3419799804688,657.9080810546875,11357841,673.0859985351562,660.833984375,666.8228759765625,655.9879760742188,666.3885498046875,655.6908569335938,-0.012244917939275402,659.6087646484375,652.7181243896484,0.012628828916926496
1195,2019-11-13,655.606689453125,673.0859985351562,674.7318115234375,653.7478637695312,653.7478637695312,25225749,668.7200927734375,652.7421264648438,660.833984375,666.8228759765625,661.6568603515625,670.6859130859375,0.03116678278525087,661.8945922851562,655.3308288574219,0.014137391926876292
1196,2019-11-14,651.3541870117188,668.7200927734375,677.337646484375,665.5427856445312,674.7775268554688,14258133,672.4231567382812,673.0859985351562,652.7421264648438,660.833984375,655.9879760742188,676.1947631835938,-0.006486401100632477,664.441015625,657.5846588134766,0.014334751485272187
1197,2019-11-15,654.9610595703125,672.4231567382812,679.7149658203125,668.9029541015625,670.0458984375,15691605,667.09716796875,668.7200927734375,673.0859985351562,652.7421264648438,666.8228759765625,669.4515380859375,0.005537539554831827,665.5610717773437,659.8362030029297,0.014330936179692135
1198,2019-11-18,649.7733154296875,667.09716796875,679.3491821289062,665.3599243164062,673.2460327148438,14076051,690.2069091796875,672.4231567382812,668.7200927734375,673.0859985351562,660.833984375,666.045654296875,-0.007920590949553219,666.8137084960938,661.2694213867187,0.014150996778663445
1199,2019-11-19,672.2828979492188,690.2069091796875,692.5613403320312,669.7487182617188,670.6630249023438,30176255,707.5335083007812,667.09716796875,672.4231567382812,668.7200927734375,652.7421264648438,666.3885498046875,0.03464224152128326,674.3066650390625,663.4043884277344,0.01570832410486688
1200,2019-11-20,689.1596069335938,707.5335083007812,718.848388671875,705.4991455078125,710.9165649414062,43538120,702.93896484375,690.2069091796875,667.09716796875,672.4231567382812,673.0859985351562,661.6568603515625,0.025103485477545373,681.1961669921875,666.4559722900391,0.016389733049968862
1201,2019-11-21,684.6843872070312,702.93896484375,711.350830078125,698.8016357421875,706.322021484375,14897371,707.0077514648438,707.5335083007812,690.2069091796875,667.09716796875,668.7200927734375,655.9879760742188,-0.006493746802275879,688.03994140625,669.775,0.015932292447869527
1202,2019-11-22,688.6475830078125,707.0077514648438,717.5225830078125,702.93896484375,704.9962158203125,22352865,713.8881225585938,702.93896484375,707.5335083007812,690.2069091796875,672.4231567382812,666.8228759765625,0.005788250224538549,694.9568603515625,672.2905578613281,0.014663538619669996
1203,2019-11-25,695.349365234375,713.8881225585938,715.3739013671875,709.0650024414062,709.1336059570312,15146156,713.2938232421875,707.0077514648438,702.93896484375,707.5335083007812,667.09716796875,660.833984375,0.009731677028285146,704.3150512695313,675.2701385498046,0.014610835156754428
1204,2019-11-26,694.7703247070312,713.2938232421875,720.6541748046875,711.350830078125,716.882568359375,35330983,717.6826171875,713.8881225585938,707.0077514648438,702.93896484375,690.2069091796875,652.7421264648438,-0.000832482426344705,708.9324340820312,678.1502868652344,0.014650756195516533
1205,2019-11-27,699.045166015625,717.6826171875,720.265625,711.3965454101562,713.1566772460938,9642739,722.4600219726562,713.2938232421875,713.8881225585938,707.0077514648438,707.5335083007812,673.0859985351562,0.006152855670842339,710.962255859375,680.5001220703125,0.013999177542908378
1206,2019-11-28,703.6985473632812,722.4600219726562,724.2200927734375,714.9853515625,718.962646484375,13747479,709.1336059570312,717.6826171875,713.2938232421875,713.8881225585938,702.93896484375,668.7200927734375,0.00665670962448317,714.8664672851562,682.8133850097656,0.013975800288128082
1207,2019-11-29,690.7181396484375,709.1336059570312,723.2142944335938,707.6249389648438,723.2142944335938,18559594,725.29443359375,722.4600219726562,717.6826171875,713.2938232421875,707.0077514648438,672.4231567382812,-0.01844588712222106,715.2916381835937,684.7974884033204,0.014520540412333624
1208,2019-12-02,706.4593505859375,725.29443359375,738.0722045898438,720.9513549804688,731.4661865234375,31225364,721.8199462890625,709.1336059570312,722.4600219726562,717.6826171875,713.8881225585938,667.09716796875,0.022789538531188924,717.572900390625,687.7599273681641,0.015034016039200255
1209,2019-12-03,703.0751342773438,721.8199462890625,728.72314453125,718.9398193359375,728.1517333984375,12990426,709.8422241210938,725.29443359375,709.1336059570312,722.4600219726562,713.2938232421875,690.2069091796875,-0.0047904508069527285,719.278125,690.5314971923829,0.015152076224492815
1210,2019-12-04,691.4083251953125,709.8422241210938,721.179931640625,701.1788940429688,719.1226806640625,20987607,708.9964599609375,721.8199462890625,725.29443359375,709.1336059570312,717.6826171875,707.5335083007812,-0.016593781080097902,717.7100463867188,692.9407653808594,0.015661903204578456
1211,2019-12-05,690.5845336914062,708.9964599609375,722.2085571289062,705.8648681640625,719.579833984375,19942460,710.8479614257812,709.8422241210938,721.8199462890625,725.29443359375,722.4600219726562,702.93896484375,-0.0011914818975490293,715.017333984375,695.5911895751954,0.015444733625554765
1212,2019-12-06,692.3880615234375,710.8479614257812,716.8368530273438,704.5390625,709.9793701171875,13085234,718.9398193359375,708.9964599609375,709.8422241210938,721.8199462890625,709.1336059570312,707.0077514648438,0.0026114396466039302,715.360205078125,697.7924438476563,0.015162260832180018
1213,2019-12-09,700.2696533203125,718.9398193359375,721.1342163085938,707.0077514648438,711.41943359375,12642677,714.0709838867188,710.8479614257812,708.9964599609375,709.8422241210938,725.29443359375,713.8881225585938,0.011383387657082134,714.0892822265625,700.6977355957031,0.014976049530872693
1214,2019-12-10,695.52734375,714.0709838867188,719.39697265625,710.5050659179688,718.6883544921875,10173333,714.2767333984375,718.9398193359375,710.8479614257812,708.9964599609375,721.8199462890625,713.2938232421875,-0.006772243403788569,712.5394897460938,703.7641784667969,0.014704838331856167
1215,2019-12-11,695.7277221679688,714.2767333984375,719.8084106445312,708.8821411132812,711.16796875,12364641,716.9282836914062,714.0709838867188,718.9398193359375,710.8479614257812,709.8422241210938,717.6826171875,0.00028813593656873415,713.4263916015625,705.8237152099609,0.013325185064493383
1216,2019-12-12,698.3104858398438,716.9282836914062,719.5112915039062,711.6480102539062,717.865478515625,10326606,723.6486206054688,714.2767333984375,714.0709838867188,718.9398193359375,708.9964599609375,722.4600219726562,0.0037122170847607716,715.0127563476562,708.2341247558594,0.013134495042880761
1217,2019-12-13,704.8562622070312,723.6486206054688,726.89453125,718.848388671875,722.3228149414062,12668303,716.1968383789062,716.9282836914062,714.2767333984375,714.0709838867188,710.8479614257812,709.1336059570312,0.009373792423783334,717.5728881835937,710.7953979492188,0.013192656970407108
1218,2019-12-16,697.5979614257812,716.1968383789062,728.6774291992188,715.168212890625,727.808837890625,11892718,714.4138793945312,723.6486206054688,716.9282836914062,714.2767333984375,718.9398193359375,725.29443359375,-0.010297514587021106,717.0242919921875,713.2503814697266,0.013313568733268713
1219,2019-12-17,695.861328125,714.4138793945312,721.8656616210938,711.1451416015625,716.265380859375,20324601,720.4255981445312,716.1968383789062,723.6486206054688,716.9282836914062,714.0709838867188,721.8199462890625,-0.0024894817860557916,717.09287109375,714.4607299804687,0.0111811034206368
1220,2019-12-18,701.7169799804688,720.4255981445312,722.3228149414062,714.0938720703125,714.551025390625,14742077,736.0149536132812,714.4138793945312,716.1968383789062,723.6486206054688,714.2767333984375,709.8422241210938,0.008414896355450008,718.3226440429687,715.1053344726563,0.009898369639532426
1221,2019-12-19,716.9015502929688,736.0149536132812,738.2779541015625,718.5740966796875,719.4426879882812,20507816,731.0547485351562,720.4255981445312,714.4138793945312,716.1968383789062,716.9282836914062,708.9964599609375,0.021639091543804945,722.1399780273438,716.7591339111328,0.010747447070931834
1222,2019-12-20,712.070068359375,731.0547485351562,739.4894409179688,729.6832275390625,738.3236694335938,21271510,718.3912353515625,736.0149536132812,720.4255981445312,714.4138793945312,723.6486206054688,710.8479614257812,-0.0067392721489883955,723.6212036132813,717.9614837646484,0.010900874675085036
1223,2019-12-23,699.7354125976562,718.3912353515625,721.2027587890625,712.1737670898438,713.2252197265625,25107772,706.9849243164062,731.0547485351562,736.0149536132812,720.4255981445312,716.1968383789062,718.9398193359375,-0.01732225008998045,724.0600830078125,718.1866394042969,0.011516855052249935
1224,2019-12-24,688.6253662109375,706.9849243164062,718.6883544921875,705.1790771484375,717.248291015625,18048449,692.7899169921875,718.3912353515625,731.0547485351562,736.0149536132812,714.4138793945312,714.0709838867188,-0.015877575440594427,722.5742919921875,717.8711944580078,0.012077736261101283
1225,2019-12-26,674.7990112304688,692.7899169921875,709.9564819335938,690.3897705078125,704.79052734375,29761019,705.1105346679688,706.9849243164062,718.3912353515625,731.0547485351562,720.4255981445312,714.2767333984375,-0.020078231990511064,717.0471557617187,716.6265594482422,0.012737778623367831
1226,2019-12-27,686.7996215820312,705.1105346679688,706.87060546875,695.4871826171875,698.093017578125,17677571,705.956298828125,692.7899169921875,706.9849243164062,718.3912353515625,736.0149536132812,716.9282836914062,0.01778406032419233,710.8662719726562,715.7590850830078,0.013349690714337949
1227,2019-12-30,687.6233520507812,705.956298828125,707.5335083007812,698.5730590820312,706.75634765625,17123749,692.1727294921875,705.1105346679688,692.7899169921875,706.9849243164062,731.0547485351562,723.6486206054688,0.0011994774132180197,705.84658203125,715.6002197265625,0.012716262415501448
1228,2019-12-31,674.1978149414062,692.1727294921875,705.7277221679688,689.4297485351562,704.9505004882812,22203005,690.1383056640625,705.956298828125,705.1105346679688,692.7899169921875,718.3912353515625,716.1968383789062,-0.019524677885611297,700.602880859375,713.9441345214843,0.012209098152967288
1229,2020-01-01,672.2161254882812,690.1383056640625,698.1387329101562,688.2639770507812,693.978515625,14004468,701.8875122070312,692.1727294921875,705.956298828125,705.1105346679688,706.9849243164062,714.4138793945312,-0.002939185179424153,697.2335571289062,712.3600524902344,0.012195942537087084
1230,2020-01-02,683.6602783203125,701.8875122070312,704.4705200195312,691.2355346679688,691.2355346679688,17710316,702.7332763671875,690.1383056640625,692.1727294921875,705.956298828125,692.7899169921875,720.4255981445312,0.017024423143218392,699.053076171875,711.9623168945312,0.012418184981799831
1231,2020-01-03,684.4840698242188,702.7332763671875,704.79052734375,696.2643432617188,700.8359985351562,20984698,686.435302734375,701.8875122070312,690.1383056640625,692.1727294921875,705.1105346679688,736.0149536132812,0.001204985336605846,698.5776245117188,711.6491577148438,0.012422621619705086
1232,2020-01-06,668.6093139648438,686.435302734375,698.5044555664062,684.835205078125,694.8928833007812,24519177,696.995849609375,702.7332763671875,701.8875122070312,690.1383056640625,705.956298828125,731.0547485351562,-0.023192261105188683,694.6734252929688,710.4285247802734,0.013398296088329374
1233,2020-01-07,678.8955688476562,696.995849609375,701.5217895507812,691.9212646484375,694.4356689453125,16683622,691.7612915039062,686.435302734375,702.7332763671875,701.8875122070312,692.1727294921875,718.3912353515625,0.01538462085637593,695.6380493164063,709.3313262939453,0.013631164679982214
1234,2020-01-08,673.7970581054688,691.7612915039062,701.4989013671875,690.3212280273438,692.6070556640625,16047902,707.6935424804688,696.995849609375,686.435302734375,702.7332763671875,690.1383056640625,706.9849243164062,-0.0075101711271342575,695.962646484375,708.2158416748047,0.013647288641253044
1235,2020-01-09,689.3154907226562,707.6935424804688,708.6078491210938,700.0360107421875,703.3961791992188,14982742,707.5335083007812,691.7612915039062,696.995849609375,686.435302734375,701.8875122070312,692.7899169921875,0.023031428864609405,697.1238525390625,707.8866821289063,0.014710051510317545
1236,2020-01-10,689.1596069335938,707.5335083007812,712.2423095703125,703.8761596679688,709.4764404296875,12478359,705.7277221679688,707.6935424804688,691.7612915039062,696.995849609375,702.7332763671875,705.1105346679688,-0.00022613485934408484,698.0838989257812,707.416943359375,0.01467899589498523
1237,2020-01-13,687.4006958007812,705.7277221679688,712.585205078125,703.3047485351562,706.3449096679688,18282382,699.1902465820312,707.5335083007812,707.6935424804688,691.7612915039062,686.435302734375,705.956298828125,-0.0025522270134588076,701.9423828125,706.5208984375,0.014495433598260905
1238,2020-01-14,681.0330200195312,699.1902465820312,708.6078491210938,695.7386474609375,704.0361938476562,15816535,696.6529541015625,705.7277221679688,707.5335083007812,707.6935424804688,696.995849609375,692.1727294921875,-0.009263453001186694,702.3812622070312,705.6705688476562,0.014462908577473349
1239,2020-01-15,678.5617065429688,696.6529541015625,703.990478515625,694.0928344726562,702.1389770507812,15817859,703.0761108398438,699.1902465820312,705.7277221679688,707.5335083007812,691.7612915039062,690.1383056640625,-0.0036289014225702187,703.3595947265625,704.7825225830078,0.014470905285303147
1240,2020-01-16,684.8179321289062,703.0761108398438,705.5676879882812,698.5501708984375,699.0073852539062,12847975,722.780029296875,696.6529541015625,699.1902465820312,705.7277221679688,707.6935424804688,701.8875122070312,0.009220023686779433,702.4361083984375,703.9150482177735,0.014500029817892592
1241,2020-01-17,704.0101928710938,722.780029296875,724.5858154296875,710.07080078125,710.2079467773438,29463471,700.5388793945312,703.0761108398438,696.6529541015625,699.1902465820312,707.5335083007812,702.7332763671875,0.028025299328538367,705.4854125976562,703.2533020019531,0.01508603032098889
1242,2020-01-20,682.3466186523438,700.5388793945312,735.5806884765625,697.8187255859375,735.5806884765625,32545850,701.2474975585938,722.780029296875,703.0761108398438,696.6529541015625,705.7277221679688,686.435302734375,-0.030771671879174733,704.4476440429687,701.7275085449219,0.01647705624415165
1243,2020-01-21,683.0368041992188,701.2474975585938,706.7106323242188,695.8071899414062,698.8245239257812,18922720,700.9960327148438,700.5388793945312,722.780029296875,703.0761108398438,699.1902465820312,696.995849609375,0.0010115329568503029,704.8590942382813,700.8703216552734,0.016085116762783982
1244,2020-01-22,682.7918701171875,700.9960327148438,707.1220703125,699.9674072265625,705.8648681640625,10322817,698.0244750976562,701.2474975585938,700.5388793945312,722.780029296875,696.6529541015625,691.7612915039062,-0.00035859642226954147,705.7277099609375,700.5708770751953,0.015703705450387892
1245,2020-01-23,679.8975219726562,698.0244750976562,704.9276733398438,695.212890625,702.4360961914062,11247739,695.6015014648438,700.9960327148438,701.2474975585938,700.5388793945312,703.0761108398438,707.6935424804688,-0.004239050548801471,704.7173828125,700.8326049804688,0.015039539984616592
1246,2020-01-24,677.5374145507812,695.6015014648438,702.3675537109375,694.22998046875,698.093017578125,14628445,688.7439575195312,698.0244750976562,700.9960327148438,701.2474975585938,722.780029296875,707.5335083007812,-0.00347118721370554,699.2816772460938,700.3571533203125,0.014493789269115924
1247,2020-01-27,670.8580932617188,688.7439575195312,696.92724609375,688.0353393554688,692.5613403320312,13387750,672.8345947265625,695.6015014648438,698.0244750976562,700.9960327148438,700.5388793945312,705.7277221679688,-0.009858437526186203,696.9226928710938,699.4965362548828,0.01463263197356036
1248,2020-01-28,655.3617553710938,672.8345947265625,690.3212280273438,669.1087036132812,689.68115234375,24532236,676.5376586914062,688.7439575195312,695.6015014648438,698.0244750976562,701.2474975585938,699.1902465820312,-0.023099095998265207,691.2401123046875,698.5296295166015,0.01488869335668587
1249,2020-01-29,658.9686889648438,676.5376586914062,683.1893920898438,669.3143920898438,673.8860473632812,24746565,660.033935546875,672.8345947265625,688.7439575195312,695.6015014648438,700.9960327148438,696.6529541015625,0.005503676525950185,686.3484375,697.8495971679688,0.014959603955298655
1250,2020-01-30,642.8935546875,660.033935546875,676.4690551757812,658.319580078125,676.1490478515625,22402689,645.35888671875,676.5376586914062,672.8345947265625,688.7439575195312,698.0244750976562,703.0761108398438,-0.024394389480777212,678.7503295898438,695.7569183349609,0.015214091933743967
1251,2020-01-31,628.599609375,645.35888671875,664.3770141601562,643.3245239257812,664.2626953125,34750310,633.4039916992188,660.033935546875,676.5376586914062,672.8345947265625,695.6015014648438,722.780029296875,-0.022233779261616182,668.701806640625,692.8881988525391,0.015769062703450958
1252,2020-02-03,616.9552001953125,633.4039916992188,640.0100708007812,623.140625,626.272216796875,30712290,652.1021118164062,645.35888671875,660.033935546875,676.5376586914062,688.7439575195312,700.5388793945312,-0.018524413726313527,657.6338134765625,690.2366333007812,0.015504420373661345
1253,2020-02-04,635.167724609375,652.1021118164062,654.8908081054688,639.0271606445312,640.0328979492188,25383901,662.2054443359375,633.4039916992188,645.35888671875,660.033935546875,672.8345947265625,701.2474975585938,0.029520054123792994,653.4873168945312,687.9919464111329,0.01670534605803067
1254,2020-02-05,645.0086669921875,662.2054443359375,664.1712646484375,653.8850708007812,655.9879760742188,18472100,666.4570922851562,652.1021118164062,633.4039916992188,645.35888671875,676.5376586914062,700.9960327148438,0.015493482288209126,650.6208740234375,686.5141540527344,0.017177553013476184
1255,2020-02-06,649.1499633789062,666.4570922851562,670.6630249023438,658.3652954101562,664.765625,15538577,655.4165649414062,662.2054443359375,652.1021118164062,633.4039916992188,660.033935546875,698.0244750976562,0.006420436415291553,651.9055053710938,684.4523315429688,0.01627959345125969
1256,2020-02-07,638.3961181640625,655.4165649414062,663.965576171875,652.970703125,663.348388671875,12209212,656.3080444335938,666.4570922851562,662.2054443359375,652.1021118164062,645.35888671875,695.6015014648438,-0.01656599872903164,653.917041015625,681.846484375,0.016547658526947045
1257,2020-02-10,639.264404296875,656.3080444335938,660.833984375,644.810302734375,652.8335571289062,15142476,664.1484375,655.4165649414062,666.4570922851562,662.2054443359375,633.4039916992188,688.7439575195312,0.0013601723543059663,658.4978515625,679.3755004882812,0.01658487959472586
1258,2020-02-11,646.9011840820312,664.1484375,670.2973022460938,660.6282348632812,661.7025756835938,13999816,672.1716918945312,656.3080444335938,655.4165649414062,666.4570922851562,652.1021118164062,672.8345947265625,0.011946208998813379,660.9071166992187,677.6234100341796,0.016872077300233768
1259,2020-02-12,654.7161865234375,672.1716918945312,674.2518310546875,665.1770629882812,665.7028198242188,13533565,673.9317626953125,664.1484375,656.3080444335938,655.4165649414062,662.2054443359375,676.5376586914062,0.012080513845267093,662.9003662109375,676.3993469238281,0.017176362792656164
1260,2020-02-13,656.4304809570312,673.9317626953125,675.5775756835938,668.6514892578125,675.5775756835938,13565659,680.0806884765625,672.1716918945312,664.1484375,656.3080444335938,666.4570922851562,660.033935546875,0.002618483970695751,664.3953002929687,674.9421295166015,0.017019257862539747
1261,2020-02-14,662.4197387695312,680.0806884765625,686.4124145507812,664.3084106445312,675.3489990234375,21227841,675.80615234375,673.9317626953125,672.1716918945312,664.1484375,655.4165649414062,645.35888671875,0.009123959014274874,669.328125,672.807162475586,0.015742473627719536
1262,2020-02-17,658.2562255859375,675.80615234375,688.5610961914062,674.0003662109375,680.720703125,13149130,670.8458862304688,680.0806884765625,673.9317626953125,672.1716918945312,656.3080444335938,633.4039916992188,-0.006285336733186542,673.2277465820313,671.5705261230469,0.014353448458822657
1263,2020-02-18,653.4247436523438,670.8458862304688,674.7318115234375,666.2742309570312,674.7318115234375,11127161,687.4867553710938,675.80615234375,680.0806884765625,673.9317626953125,664.1484375,652.1021118164062,-0.0073397764966753876,674.567236328125,670.0504455566406,0.014391912755427803
1264,2020-02-19,669.6334228515625,687.4867553710938,688.6982421875,674.3660888671875,676.3090209960938,14084409,679.3263549804688,670.8458862304688,675.80615234375,680.0806884765625,672.1716918945312,662.2054443359375,0.024805800381561882,677.6302490234375,669.3749816894531,0.015602641199850349
1265,2020-02-20,661.6849975585938,679.3263549804688,689.4068603515625,678.3434448242188,684.3780517578125,16892268,660.58251953125,687.4867553710938,670.8458862304688,675.80615234375,673.9317626953125,666.4570922851562,-0.011869901968104335,678.7091674804688,668.4400756835937,0.01578197021577948
1266,2020-02-24,643.4278564453125,660.58251953125,675.2346801757812,658.1138305664062,671.9202270507812,21370214,647.5304565429688,679.3263549804688,687.4867553710938,670.8458862304688,680.0806884765625,655.4165649414062,-0.02759179783295418,674.8095336914063,666.6891265869141,0.01684724473982805
1267,2020-02-25,630.71484375,647.5304565429688,663.53125,644.6045532226562,663.53125,27745062,636.3755493164062,660.58251953125,679.3263549804688,687.4867553710938,675.80615234375,656.3080444335938,-0.019758414130520707,669.15439453125,664.628451538086,0.017217903761326737
1268,2020-02-26,619.8494873046875,636.3755493164062,645.6788940429688,634.249755859375,644.6045532226562,29362748,633.7468872070312,647.5304565429688,660.58251953125,679.3263549804688,670.8458862304688,664.1484375,-0.01722684564694643,662.2603271484375,662.8054992675782,0.016903227386851554
1269,2020-02-27,617.2891845703125,633.7468872070312,637.198486328125,625.8607177734375,634.546875,25054993,607.4140625,636.3755493164062,647.5304565429688,660.58251953125,687.4867553710938,672.1716918945312,-0.0041306774155586146,651.512353515625,660.6659606933594,0.016795693186027246
1270,2020-02-28,591.6400756835938,607.4140625,620.374755859375,605.7454223632812,619.4146728515625,39315769,601.6995239257812,633.7468872070312,636.3755493164062,647.5304565429688,679.3263549804688,673.9317626953125,-0.041551012302532886,637.1298950195312,658.0349670410156,0.01830900741468117
1271,2020-03-02,586.0740356445312,601.6995239257812,625.8607177734375,594.8191528320312,619.506103515625,29500495,613.9058227539062,607.4140625,633.7468872070312,636.3755493164062,660.58251953125,680.0806884765625,-0.009407978719983556,625.3532958984375,655.8519989013672,0.017855195816185554
1272,2020-03-03,597.9633178710938,613.9058227539062,618.95751953125,604.3739013671875,607.8941040039062,27398798,612.4657592773438,601.6995239257812,607.4140625,633.7468872070312,647.5304565429688,675.80615234375,0.020286369429852957,618.628369140625,654.8770904541016,0.018223755024293235
1273,2020-03-04,596.5606689453125,612.4657592773438,618.9118041992188,597.9278564453125,618.0889282226562,22105261,599.4136962890625,613.9058227539062,601.6995239257812,607.4140625,636.3755493164062,670.8458862304688,-0.002345740051955425,613.8464111328125,652.8952728271485,0.016707771076102634
1274,2020-03-05,583.84765625,599.4136962890625,620.80908203125,597.0592651367188,618.1803588867188,30510390,581.0584106445312,612.4657592773438,613.9058227539062,601.6995239257812,633.7468872070312,687.4867553710938,-0.021310681928866648,606.9797729492187,649.7556854248047,0.01659044671555559
1275,2020-03-06,565.9689331054688,581.0584106445312,588.8988647460938,567.38916015625,580.6012573242188,33734039,509.3518981933594,599.4136962890625,612.4657592773438,613.9058227539062,607.4140625,679.3263549804688,-0.030622065792236364,601.708642578125,645.4857513427735,0.017319200939756807
1276,2020-03-09,496.1245422363281,509.3518981933594,567.3434448242188,500.59716796875,566.9091186523438,88187018,527.3642578125,581.0584106445312,599.4136962890625,612.4657592773438,601.6995239257812,660.58251953125,-0.12340671976786699,583.2391174316406,638.1825180053711,0.03133336316449474
1277,2020-03-11,513.6691284179688,527.3642578125,538.7476806640625,506.5403137207031,506.5403137207031,59578576,485.96783447265625,509.3518981933594,581.0584106445312,599.4136962890625,613.9058227539062,647.5304565429688,0.0353632914357036,565.9308044433594,631.7353286743164,0.032977597304408295
1278,2020-03-12,473.3477478027344,485.96783447265625,503.3401489257813,479.4303588867188,496.0255126953125,55970485,505.3059692382813,527.3642578125,509.3518981933594,581.0584106445312,612.4657592773438,636.3755493164062,-0.07849683160469689,540.6312194824219,622.8262985229492,0.035838970949088875
1279,2020-03-13,492.1837463378906,505.3059692382813,521.1696166992188,430.8335876464844,456.25201416015625,73297403,464.3438720703125,485.96783447265625,527.3642578125,509.3518981933594,599.4136962890625,633.7468872070312,0.03979303442296689,521.8096740722656,614.4830123901368,0.037435274327615856
1280,2020-03-16,452.2853698730469,464.3438720703125,493.6025085449219,459.4521789550781,484.8477783203125,38482258,460.8236999511719,505.3059692382813,485.96783447265625,527.3642578125,581.0584106445312,607.4140625,-0.08106394869966949,498.4667663574219,604.0036178588867,0.04012280835461791
1281,2020-03-17,448.8566284179688,460.8236999511719,484.5963439941406,458.6293029785156,478.7674560546875,45445979,442.765625,464.3438720703125,505.3059692382813,485.96783447265625,509.3518981933594,601.6995239257812,-0.0075809595665506935,488.76112670898436,593.0407684326171,0.03970780402420514
1282,2020-03-18,431.2674865722656,442.765625,473.5786437988281,439.3368835449219,468.732666015625,44730415,419.5415649414063,460.8236999511719,464.3438720703125,505.3059692382813,527.3642578125,613.9058227539062,-0.03918651526187844,471.8414001464844,581.3887420654297,0.03985694725237018
1283,2020-03-19,408.64654541015625,419.5415649414063,442.0798645019531,407.8838195800781,420.6387634277344,61404010,465.37249755859375,442.765625,460.8236999511719,464.3438720703125,485.96783447265625,612.4657592773438,-0.05245226536859926,458.5561462402344,568.8235260009766,0.04036813763924445
1284,2020-03-20,453.2872619628906,465.37249755859375,473.1214599609375,425.1647033691406,429.5077819824219,63360475,404.1579284667969,419.5415649414063,442.765625,460.8236999511719,505.3059692382813,599.4136962890625,0.10924050546359632,450.5694519042969,557.7178131103516,0.04904586469940994
1285,2020-03-23,393.6623840332031,404.1579284667969,434.30804443359375,400.3177185058594,418.8558044433594,40670949,431.2907409667969,465.37249755859375,419.5415649414063,442.765625,464.3438720703125,581.0584106445312,-0.13153886276678717,438.5322631835937,543.959391784668,0.05515632439715375
1286,2020-03-24,420.0906066894531,431.2907409667969,443.4513549804688,409.5296325683594,425.1647033691406,45734887,494.7682800292969,404.1579284667969,465.37249755859375,419.5415649414063,460.8236999511719,509.3518981933594,0.06713418341916566,432.62567138671875,532.4948028564453,0.05879239805929634
1287,2020-03-25,481.9197082519531,494.7682800292969,526.4498901367188,440.3655090332031,440.616943359375,73130298,487.4307556152344,431.2907409667969,404.1579284667969,465.37249755859375,442.765625,527.3642578125,0.14718038908093978,443.0262023925781,524.8566940307617,0.06959817780976248
1288,2020-03-26,474.7727355957031,487.4307556152344,510.6091003417969,476.52734375,500.962890625,45744488,487.1564636230469,494.7682800292969,431.2907409667969,404.1579284667969,419.5415649414063,485.96783447265625,-0.014830223986121438,456.6040405273437,517.4094543457031,0.0695890749540239
1289,2020-03-27,474.5055236816406,487.1564636230469,506.2203063964844,478.2874450683594,500.59716796875,41657940,471.0870666503906,487.4307556152344,494.7682800292969,431.2907409667969,465.37249755859375,505.3059692382813,-0.0005627301704450582,460.96083374023436,510.0799331665039,0.06961203664003972
1290,2020-03-30,458.8534851074219,471.0870666503906,491.3623962402344,466.3096923828125,475.7273254394531,30229866,509.1690368652344,487.1564636230469,487.4307556152344,494.7682800292969,404.1579284667969,464.3438720703125,-0.0329861105673237,474.34666137695314,503.2635833740234,0.06943882537217587
1291,2020-03-31,495.9464721679688,509.1690368652344,516.5065307617188,479.1103515625,490.9738159179688,44292810,493.9454040527344,471.0870666503906,487.1564636230469,487.4307556152344,431.2907409667969,460.8236999511719,0.08083849655568165,489.9223205566406,498.6370590209961,0.07237280376287142
1292,2020-04-01,481.1181640625,493.9454040527344,514.1292724609375,477.8302917480469,513.054931640625,41597459,492.5738830566406,509.1690368652344,471.0870666503906,487.1564636230469,494.7682800292969,442.765625,-0.029898975998670863,489.75774536132815,492.6390380859375,0.07228970161083145
1293,2020-04-03,479.7822570800781,492.5738830566406,518.6323852539062,482.9048156738281,518.6323852539062,41367807,551.3883666992188,493.9454040527344,509.1690368652344,471.0870666503906,487.4307556152344,419.5415649414063,-0.002776665163478964,490.7863708496094,486.64444427490236,0.07228788621558042
1294,2020-04-07,537.0693359375,551.3883666992188,554.9999389648438,502.8829956054688,503.8430480957031,54373624,545.0108642578125,492.5738830566406,493.9454040527344,509.1690368652344,487.1564636230469,465.37249755859375,0.1194023590483686,503.63275146484375,484.24317779541013,0.0776124692251257
1295,2020-04-08,530.8574829101562,545.0108642578125,561.8574829101562,530.31298828125,539.456298828125,49880330,557.7200927734375,551.3883666992188,492.5738830566406,493.9454040527344,471.0870666503906,404.1579284667969,-0.011566262232886704,518.4175109863281,482.44080047607423,0.07735037417127437
1296,2020-04-09,543.2366943359375,557.7200927734375,563.5946655273438,545.3994750976562,554.9999389648438,33032857,543.639404296875,545.0108642578125,551.3883666992188,492.5738830566406,509.1690368652344,431.2907409667969,0.023319220494681714,528.1277221679687,484.8592102050781,0.07182770718073939
1297,2020-04-13,529.5216674804688,543.639404296875,555.4571533203125,539.456298828125,550.4054565429688,23673784,525.6727294921875,557.7200927734375,545.0108642578125,551.3883666992188,493.9454040527344,494.7682800292969,-0.025246873223702337,538.0665222167969,485.6729675292969,0.0718451630960515
1298,2020-04-15,512.0215454101562,525.6727294921875,565.0576171875,522.5411376953125,547.2509765625,35321842,533.9931640625,543.639404296875,557.7200927734375,545.0108642578125,492.5738830566406,487.4307556152344,-0.03304888251786131,544.6862915039062,487.65821228027346,0.06979000507904747
1299,2020-04-16,520.1259765625,533.9931640625,542.8621826171875,523.4555053710938,525.6727294921875,37455706,559.5715942382812,525.6727294921875,543.639404296875,557.7200927734375,551.3883666992188,487.1564636230469,0.015828164756330976,541.2072509765625,489.0925720214844,0.06938760317512055
1300,2020-04-17,545.0401000976562,559.5715942382812,562.3146362304688,545.2394409179688,555.914306640625,33269335,568.62353515625,533.9931640625,525.6727294921875,543.639404296875,545.0108642578125,471.0870666503906,0.04790029516705108,544.1193969726562,493.8539581298828,0.06691603609012532
1301,2020-04-20,553.8570556640625,568.62353515625,574.6580810546875,549.5139770507812,560.4859619140625,36030932,565.6748046875,559.5715942382812,533.9931640625,525.6727294921875,557.7200927734375,509.1690368652344,0.0161765554420088,546.3000854492187,499.2439498901367,0.06677097697359599
1302,2020-04-21,550.9848022460938,565.6748046875,572.3722534179688,532.1416625976562,553.1712646484375,61371628,623.3920288085938,568.62353515625,559.5715942382812,533.9931640625,543.639404296875,493.9454040527344,-0.005185734121855745,550.7071655273437,505.38940887451173,0.0658077113837784
1303,2020-04-22,607.2032470703125,623.3920288085938,633.1296997070312,594.3162841796875,603.4595947265625,142683366,626.7293701171875,565.6748046875,568.62353515625,559.5715942382812,525.6727294921875,492.5738830566406,0.1020325169917704,570.251025390625,515.5819320678711,0.06661593794540221
1304,2020-04-23,610.453857421875,626.7293701171875,633.5640258789062,618.6832275390625,625.1064453125,65464502,647.8047485351562,623.3920288085938,565.6748046875,568.62353515625,533.9931640625,551.3883666992188,0.005353519381651406,588.7982666015625,523.6497756958008,0.06343551099996961
1305,2020-04-24,630.9818725585938,647.8047485351562,683.4408569335938,615.89453125,617.2431640625,134986308,653.6336059570312,626.7293701171875,623.3920288085938,565.6748046875,559.5715942382812,545.0108642578125,0.0336275582777108,606.4448974609375,535.8321166992188,0.05298797808402879
1306,2020-04-27,636.659423828125,653.6336059570312,674.3203735351562,650.5477294921875,655.5765380859375,58482901,652.9021606445312,647.8047485351562,626.7293701171875,623.3920288085938,568.62353515625,557.7200927734375,0.008997861523947659,623.4469116210937,546.9492599487305,0.05215070336087425
1307,2020-04-28,635.9469604492188,652.9021606445312,665.3827514648438,636.4441528320312,662.8912353515625,78453401,652.353515625,653.6336059570312,647.8047485351562,626.7293701171875,565.6748046875,543.639404296875,-0.0011190448377099704,640.8923828125,554.8559539794921,0.04322918625445695
1308,2020-04-29,635.4126586914062,652.353515625,664.5598754882812,649.1762084960938,660.5596923828125,37494672,670.2058715820312,652.9021606445312,653.6336059570312,647.8047485351562,623.3920288085938,525.6727294921875,-0.0008403173593263258,646.6846801757813,563.1020919799805,0.04283568053692531
1309,2020-04-30,652.8013305664062,670.2058715820312,683.4408569335938,657.4281005859375,664.697021484375,71345899,656.1251831054688,652.353515625,652.9021606445312,653.6336059570312,626.7293701171875,533.9931640625,0.02736607610664521,655.37998046875,572.2545623779297,0.0427391860404833
1310,2020-05-04,639.0863037109375,656.1251831054688,669.7487182617188,648.0104370117188,658.319580078125,53456868,667.760009765625,670.2058715820312,652.353515625,652.9021606445312,647.8047485351562,559.5715942382812,-0.02100949734045876,657.0440673828125,581.5064682006836,0.04208215545035257
1311,2020-05-05,650.4190673828125,667.760009765625,676.1490478515625,661.6111450195312,664.582763671875,44903763,667.8057861328125,656.1251831054688,670.2058715820312,652.353515625,653.6336059570312,568.62353515625,0.017732632369158674,659.8693481445313,589.4360168457031,0.03936159545308092
1312,2020-05-06,650.4635620117188,667.8057861328125,678.8692016601562,660.833984375,669.2915649414062,40489094,688.9268188476562,667.760009765625,656.1251831054688,670.2058715820312,652.9021606445312,565.6748046875,6.855212429313084e-05,662.8500732421875,598.129035949707,0.0381398538617141
1313,2020-05-07,671.0361328125,688.9268188476562,691.9898681640625,660.6054077148438,665.1770629882812,50026966,714.00244140625,667.8057861328125,667.760009765625,656.1251831054688,652.353515625,623.3920288085938,0.031627507807551636,670.1647338867188,607.9466827392578,0.03803120182709267
1314,2020-05-08,695.4605102539062,714.00244140625,722.277099609375,702.7103881835938,706.322021484375,84262770,720.8599243164062,688.9268188476562,667.8057861328125,667.760009765625,670.2058715820312,626.7293701171875,0.0363980931973833,678.9240478515625,616.0773864746094,0.03001875799930745
1315,2020-05-11,702.1399536132812,720.8599243164062,738.3236694335938,718.8026733398438,722.3228149414062,67085063,676.2633056640625,714.00244140625,688.9268188476562,667.8057861328125,656.1251831054688,647.8047485351562,0.009604284961057363,691.87099609375,624.869839477539,0.029459340668811757
1316,2020-05-12,658.7015380859375,676.2633056640625,716.9968872070312,669.7487182617188,715.3739013671875,100683202,690.6114501953125,720.8599243164062,714.00244140625,688.9268188476562,667.760009765625,653.6336059570312,-0.06186585929941224,693.5716552734375,630.7970001220704,0.033932430269992396
1317,2020-05-13,672.6770629882812,690.6114501953125,704.7102661132812,671.020751953125,704.7102661132812,66430125,662.690673828125,676.2633056640625,720.8599243164062,714.00244140625,667.8057861328125,652.9021606445312,0.021216801815323594,698.1327880859375,638.1456024169922,0.03295282560552396
1318,2020-05-14,645.4813232421875,662.690673828125,690.726806640625,659.9678344726562,677.9432373046875,49266771,673.5128784179688,690.6114501953125,676.2633056640625,720.8599243164062,688.9268188476562,652.353515625,-0.04042906667604651,692.8855590820312,644.9964996337891,0.03352656694655325
1319,2020-05-15,656.0224609375,673.5128784179688,676.8818359375,653.0684204101562,666.40576171875,62152260,664.9058837890625,662.690673828125,690.6114501953125,676.2633056640625,714.00244140625,670.2058715820312,0.01633070302216222,684.787646484375,651.9724853515625,0.03352963788766618
1320,2020-05-18,647.6390380859375,664.9058837890625,683.9427490234375,659.0217895507812,678.40478515625,62796089,650.2070922851562,673.5128784179688,662.690673828125,690.6114501953125,720.8599243164062,656.1251831054688,-0.012779257687133505,673.5968383789062,657.2391998291016,0.0328679551662633
1321,2020-05-19,633.3219604492188,650.2070922851562,674.5743408203125,647.5996704101562,672.4052734375,42315854,661.65234375,664.9058837890625,673.5128784179688,662.690673828125,676.2633056640625,667.760009765625,-0.022106574572844928,668.385595703125,661.3183776855469,0.033545908448800864
1322,2020-05-20,644.469970703125,661.65234375,667.7210693359375,642.8692626953125,650.7147827148438,55320985,665.1366577148438,650.2070922851562,664.9058837890625,673.5128784179688,690.6114501953125,667.8057861328125,0.017602470967548633,662.5937744140625,666.1172546386719,0.03348821101160494
1323,2020-05-21,647.86376953125,665.1366577148438,674.4589233398438,657.6372680664062,662.2522583007812,39167981,660.6600952148438,661.65234375,650.2070922851562,664.9058837890625,662.690673828125,688.9268188476562,0.0052660796833212675,663.0829711914063,668.2044860839844,0.025215369883351896
1324,2020-05-22,643.50341796875,660.6600952148438,672.8667602539062,658.3295288085938,670.0054931640625,37828973,657.1988525390625,665.1366577148438,661.65234375,650.2070922851562,673.5128784179688,714.00244140625,-0.006730289855591098,660.5124145507813,669.9010223388672,0.025314510950238674
1325,2020-05-26,640.1321411132812,657.1988525390625,669.0363159179688,653.6221923828125,668.3209838867188,33216635,667.12109375,660.6600952148438,665.1366577148438,661.65234375,664.9058837890625,720.8599243164062,-0.005239067261441965,658.9710083007812,670.3707275390625,0.024307159305081604
1326,2020-05-27,649.7966918945312,667.12109375,671.020751953125,651.6377563476562,660.40625,35667956,679.443115234375,657.1988525390625,660.6600952148438,665.1366577148438,650.2070922851562,676.2633056640625,0.015097776224963333,662.35380859375,671.0451019287109,0.02445058040471386
1327,2020-05-28,661.7987060546875,679.443115234375,682.9043579101562,668.7132568359375,671.4822387695312,40126278,675.8203735351562,667.12109375,657.1988525390625,660.6600952148438,661.65234375,690.6114501953125,0.018470442022918032,665.911962890625,672.3721496582032,0.024738841756058855
1328,2020-05-29,658.2700805664062,675.8203735351562,679.3277587890625,670.3977661132812,677.4817504882812,40022527,701.6412963867188,679.443115234375,667.12109375,657.1988525390625,665.1366577148438,662.690673828125,-0.005331927895051325,668.0487060546875,673.5454925537109,0.024789082266980438
1329,2020-06-01,683.4204711914062,701.6412963867188,709.9483032226562,681.1506958007812,683.019775390625,39943702,708.7252807617188,675.8203735351562,679.443115234375,667.12109375,660.6600952148438,673.5128784179688,0.03820678372937403,676.2449462890625,675.1172637939453,0.025480325119948875
1330,2020-06-02,690.3204345703125,708.7252807617188,710.7097778320312,701.8489379882812,704.248779296875,22153960,711.4712524414062,701.6412963867188,675.8203735351562,679.443115234375,657.1988525390625,664.9058837890625,0.010096304780634835,686.5502319335938,677.7472686767578,0.024905816133434212
1331,2020-06-03,692.9951171875,711.4712524414062,719.9397583007812,707.6407470703125,713.0172729492188,25381289,729.0774536132812,708.7252807617188,701.6412963867188,675.8203735351562,667.12109375,650.2070922851562,0.003874521982249801,695.420263671875,679.9328308105469,0.02470031651638723
1332,2020-06-04,710.1441040039062,729.0774536132812,733.5540161132812,711.1712646484375,712.5557250976562,34202350,729.9542846679688,711.4712524414062,708.7252807617188,701.6412963867188,679.443115234375,661.65234375,0.024746187722215707,705.3471313476563,682.9964141845703,0.025134080153098873
1333,2020-06-05,710.9981689453125,729.9542846679688,746.7067260742188,726.2622680664062,736.0922241210938,33076685,724.323974609375,729.0774536132812,711.4712524414062,708.7252807617188,675.8203735351562,665.1366577148438,0.0012026583051525375,716.1739135742188,685.0477874755859,0.024326447580757644
1334,2020-06-08,705.5140991210938,724.323974609375,746.891357421875,722.2472534179688,746.891357421875,31414953,709.3944702148438,729.9542846679688,729.0774536132812,711.4712524414062,701.6412963867188,660.6600952148438,-0.007713236536661672,720.71044921875,685.5638641357422,0.023126440136889453
1335,2020-06-09,690.9723510742188,709.3944702148438,730.5542602539062,707.479248046875,720.0781860351562,25857161,725.5469970703125,724.323974609375,729.9542846679688,729.0774536132812,708.7252807617188,657.1988525390625,-0.02061163915302222,720.844287109375,684.990591430664,0.023516780564895586
1336,2020-06-10,706.705322265625,725.5469970703125,728.9620971679688,710.7328491210938,712.140380859375,22132647,709.6483154296875,709.3944702148438,724.323974609375,729.9542846679688,711.4712524414062,667.12109375,0.022769456957532963,723.6594360351562,687.4547760009766,0.019099703374909575
1337,2020-06-11,691.2195434570312,709.6483154296875,723.608642578125,706.5562744140625,722.708740234375,20385805,733.23095703125,725.5469970703125,709.3944702148438,724.323974609375,729.0774536132812,679.443115234375,-0.02191268340275998,719.7736083984375,688.4066192626954,0.019449091105867216
1338,2020-06-12,714.1897583007812,733.23095703125,735.1692504882812,690.865234375,692.249755859375,38548899,745.1145629882812,709.6483154296875,725.5469970703125,709.3944702148438,729.9542846679688,675.8203735351562,0.033231448717359946,720.4289428710938,691.9336334228516,0.018003883373032246
1339,2020-06-15,725.7648315429688,745.1145629882812,750.837158203125,720.4473876953125,722.2472534179688,53107403,746.5682983398438,733.23095703125,709.6483154296875,725.5469970703125,724.323974609375,701.6412963867188,0.016207179802045335,724.587060546875,695.5137176513672,0.01799989329756797
1340,2020-06-16,727.1807250976562,746.5682983398438,760.8055419921875,731.6156616210938,758.2442626953125,51187003,745.4837646484375,745.1145629882812,733.23095703125,709.6483154296875,709.3944702148438,708.7252807617188,0.0019510225994405772,732.021826171875,699.5968383789062,0.017519717467495057
1341,2020-06-17,726.1243896484375,745.4837646484375,754.7598876953125,739.368896484375,742.2070922851562,41782053,764.1975708007812,746.5682983398438,745.1145629882812,733.23095703125,725.5469970703125,711.4712524414062,-0.0014526918619742757,736.0091796875,704.3606719970703,0.016348201205097206
1342,2020-06-18,744.3521118164062,764.1975708007812,768.397216796875,740.984130859375,741.6302490234375,40471557,811.9628295898438,745.4837646484375,746.5682983398438,745.1145629882812,709.6483154296875,729.0774536132812,0.025102902356524126,746.9190307617188,709.4879333496094,0.016687060450718123
1343,2020-06-19,790.876953125,811.9628295898438,825.5308837890625,767.0127563476562,770.7047119140625,105804173,805.8479614257812,764.1975708007812,745.4837646484375,746.5682983398438,733.23095703125,729.9542846679688,0.06250380871926953,762.6654052734375,716.8292419433594,0.02072777218145209
1344,2020-06-22,784.9210205078125,805.8479614257812,832.6380004882812,800.7022094726562,818.423828125,60198705,794.195068359375,811.9628295898438,764.1975708007812,745.4837646484375,745.1145629882812,724.323974609375,-0.007530970558284555,774.8120849609375,724.0886352539062,0.020762983698146935
1345,2020-06-23,773.5706787109375,794.195068359375,813.9703369140625,791.9798583984375,807.6246948242188,37962078,797.4024658203125,805.8479614257812,811.9628295898438,764.1975708007812,746.5682983398438,709.3944702148438,-0.014460411422756336,784.3374389648437,730.9384460449219,0.021220821317264476
1346,2020-06-24,776.6947631835938,797.4024658203125,818.1007690429688,789.9492797851562,801.1175537109375,51586221,792.810546875,794.195068359375,805.8479614257812,811.9628295898438,745.4837646484375,725.5469970703125,0.004038551218358943,794.7211791992188,737.4525146484375,0.02121746655695019
1347,2020-06-25,772.2220458984375,792.810546875,807.1632080078125,790.572265625,797.0101928710938,39679374,803.7711791992188,797.4024658203125,794.195068359375,805.8479614257812,764.1975708007812,709.6483154296875,-0.005758596370264102,800.4437744140625,743.1208862304687,0.021349743651078345
1348,2020-06-26,782.8980712890625,803.7711791992188,808.5477294921875,792.3952026367188,797.8409423828125,30921913,795.2334594726562,792.810546875,797.4024658203125,794.195068359375,811.9628295898438,733.23095703125,0.01382503344263264,798.8054443359375,749.5184265136719,0.021150926959176513
1349,2020-06-29,774.5821533203125,795.2334594726562,802.8943481445312,791.72607421875,797.4948120117188,25621946,786.44189453125,803.7711791992188,792.810546875,797.4024658203125,805.8479614257812,745.1145629882812,-0.010622077461235224,796.6825439453125,754.1980346679687,0.020396626082401042
1350,2020-06-30,766.0188598632812,786.44189453125,803.47119140625,782.4960327148438,801.625244140625,30276420,801.902099609375,795.2334594726562,803.7711791992188,792.810546875,794.195068359375,746.5682983398438,-0.011055325749543043,795.1319091796875,758.0838653564454,0.02074434059825759
1351,2020-07-01,781.0775146484375,801.902099609375,807.1632080078125,788.2647705078125,793.7797241210938,28464103,812.4012451171875,786.44189453125,795.2334594726562,803.7711791992188,797.4024658203125,745.4837646484375,0.019658420012504507,796.0318359375,762.6054077148438,0.020981464973223004
1352,2020-07-02,794.524169921875,812.4012451171875,815.7471313476562,800.7252807617188,804.3942260742188,28789533,825.1155395507812,801.902099609375,786.44189453125,795.2334594726562,792.810546875,764.1975708007812,0.013092802117523838,799.9499755859375,766.771597290039,0.020597794806635043
1353,2020-07-03,806.9586791992188,825.1155395507812,827.46923828125,815.9317016601562,821.3773803710938,29434266,854.6054077148438,812.4012451171875,801.902099609375,786.44189453125,803.7711791992188,811.9628295898438,0.015650264582939943,804.21884765625,771.5296600341796,0.020687748280702044
1354,2020-07-06,835.799560546875,854.6054077148438,857.4666748046875,827.0538330078125,833.0072021484375,47016185,841.5218505859375,825.1155395507812,812.4012451171875,801.902099609375,795.2334594726562,805.8479614257812,0.03574028939040197,816.0932373046875,778.0437316894531,0.021402971531162926
1355,2020-07-07,823.0039672851562,841.5218505859375,860.397216796875,833.607177734375,858.3897094726562,35189589,829.7767333984375,854.6054077148438,825.1155395507812,812.4012451171875,786.44189453125,794.195068359375,-0.015309471495026927,827.109228515625,784.6501007080078,0.02105314064772139
1356,2020-07-08,811.5172729492188,829.7767333984375,846.8291015625,826.084716796875,841.7987670898438,26204095,841.8910522460938,841.5218505859375,854.6054077148438,825.1155395507812,801.902099609375,797.4024658203125,-0.013956996100959351,832.6841552734375,789.8615875244141,0.021368370125132062
1357,2020-07-09,823.3650512695312,841.8910522460938,846.8521728515625,824.3540649414062,834.8532104492188,36418942,866.7197875976562,829.7767333984375,841.5218505859375,854.6054077148438,812.4012451171875,792.810546875,0.014599492080286103,838.5821166992188,796.4737243652344,0.020306274416123014
1358,2020-07-10,847.6474609375,866.7197875976562,869.7426147460938,841.8910522460938,843.8524780273438,43759967,893.002197265625,841.8910522460938,829.7767333984375,841.5218505859375,825.1155395507812,803.7711791992188,0.02949162517563475,846.9029663085937,803.1481658935547,0.020085206970979628
1359,2020-07-13,873.3514404296875,893.002197265625,898.8632202148438,876.8496704101562,878.3956909179688,69608392,884.6951904296875,866.7197875976562,841.8910522460938,829.7767333984375,854.6054077148438,795.2334594726562,0.03032399864876445,854.58232421875,810.5425476074219,0.020608373983616358
1360,2020-07-14,865.2273559570312,884.6951904296875,896.09423828125,870.9886474609375,892.5407104492188,67331128,851.0056762695312,893.002197265625,866.7197875976562,841.8910522460938,841.5218505859375,786.44189453125,-0.009302336389959143,863.2169921875,817.4488922119141,0.020969796078715134
1361,2020-07-15,832.2791137695312,851.0056762695312,913.2158813476562,829.7767333984375,894.3635864257812,139669773,850.7288208007812,884.6951904296875,893.002197265625,866.7197875976562,829.7767333984375,801.902099609375,-0.03808036318564545,867.4627807617187,822.7249877929687,0.023368082970456606
1362,2020-07-16,832.00830078125,850.7288208007812,862.543212890625,836.4453735351562,852.3901977539062,60961724,882.249267578125,851.0056762695312,884.6951904296875,893.002197265625,841.8910522460938,812.4012451171875,-0.00032532740552759787,869.2303344726563,827.0515502929687,0.02301450706652395
1363,2020-07-17,862.8351440429688,882.249267578125,886.0797119140625,848.2366943359375,851.4672241210938,49726765,886.0335083007812,850.7288208007812,851.0056762695312,884.6951904296875,866.7197875976562,825.1155395507812,0.037051109597620036,872.33623046875,830.5658721923828,0.020240331936199972
1364,2020-07-20,866.5361328125,886.0335083007812,891.61767578125,876.6881713867188,885.0643920898438,36592938,909.8699951171876,882.249267578125,850.7288208007812,851.0056762695312,893.002197265625,854.6054077148438,0.004289310132321589,870.9424926757813,834.5751495361328,0.020046692300475843
1365,2020-07-21,889.8480834960938,909.8699951171876,912.3851928710938,893.6944580078125,894.8482055664062,42173371,924.845703125,886.0335083007812,882.249267578125,850.7288208007812,884.6951904296875,841.5218505859375,0.02690246654680095,875.9774536132812,840.3588958740235,0.020073004827690814
1366,2020-07-22,904.4942626953124,924.845703125,927.6146850585938,904.8627319335938,915.1541748046876,59771457,949.6743774414062,909.8699951171876,886.0335083007812,882.249267578125,851.0056762695312,829.7767333984375,0.016459173385406034,890.745458984375,846.7310577392578,0.020168061050462725
1367,2020-07-23,928.7765502929688,949.6743774414062,959.7811889648438,919.0076904296876,924.8225708007812,58333751,990.4478759765624,924.845703125,909.8699951171876,886.0335083007812,850.7288208007812,841.8910522460938,0.02684628823220092,910.5345703125,854.5742492675781,0.020345542280958535
1368,2020-07-24,968.6528930664062,990.4478759765624,998.22412109375,949.6743774414062,949.7666625976562,120597372,995.0859375,949.6743774414062,924.845703125,909.8699951171876,882.249267578125,866.7197875976562,0.042934188289892816,932.1742919921875,863.9080841064454,0.0216860334154824
1369,2020-07-27,973.1888427734376,995.0859375,1014.745849609375,982.0255126953124,1005.515869140625,80304827,1005.0081787109376,990.4478759765624,949.6743774414062,924.845703125,886.0335083007812,893.002197265625,0.004682792134684144,953.9847778320312,873.9007080078125,0.021156892123253435
1370,2020-07-28,982.8927001953124,1005.0081787109376,1012.5306396484376,992.5245971679688,995.0859375,55114422,967.6036376953124,995.0859375,990.4478759765624,949.6743774414062,909.8699951171876,884.6951904296875,0.009971240510006307,973.0124145507813,884.8290222167968,0.020489795843732655
1371,2020-07-29,946.3112182617188,967.6036376953124,1007.36181640625,955.5123291015624,1005.1005249023438,72663399,973.2339477539062,1005.0081787109376,995.0859375,990.4478759765624,924.845703125,851.0056762695312,-0.03721814588971972,981.5640014648437,893.1140991210938,0.02321500880217893
1372,2020-07-30,951.8178100585938,973.2339477539062,987.47119140625,956.2276611328124,968.6881713867188,72857444,953.96630859375,967.6036376953124,1005.0081787109376,995.0859375,949.6743774414062,850.7288208007812,0.005818818614618193,986.2759155273437,901.1557342529297,0.023215906891654373
1373,2020-07-31,932.97412109375,953.96630859375,982.5331420898438,947.3668823242188,975.8414306640624,74958061,927.1531982421876,973.2339477539062,967.6036376953124,1005.0081787109376,990.4478759765624,882.249267578125,-0.019797541181771794,978.9796020507813,907.5982727050781,0.024046136501293863
1374,2020-08-03,906.7509765625,927.1531982421876,949.30517578125,924.4302978515624,946.6746215820312,46715383,992.5015258789062,953.96630859375,973.2339477539062,967.6036376953124,995.0859375,886.0335083007812,-0.028106978317806397,965.3930541992188,911.2256622314453,0.024343799608443874
1375,2020-08-04,970.6612548828124,992.5015258789062,1000.0701293945312,923.1150512695312,932.506591796875,92041055,981.3563232421876,927.1531982421876,953.96630859375,973.2339477539062,1005.0081787109376,909.8699951171876,0.0704827721681962,962.8917236328125,918.7746459960938,0.02798164738340205
1376,2020-08-05,959.7613525390624,981.3563232421876,1013.45361328125,977.5950927734376,1000.9931640625,74549993,984.8867797851562,992.5015258789062,927.1531982421876,953.96630859375,967.6036376953124,924.845703125,-0.011229406047360002,965.6422607421875,926.3536254882813,0.027872079833586715
1377,2020-08-06,963.2141723632812,984.8867797851562,1000.3931884765624,972.7493286132812,995.4551391601562,49322975,990.5863037109376,981.3563232421876,992.5015258789062,927.1531982421876,973.2339477539062,949.6743774414062,0.0035975276862789674,967.9728271484375,933.5034118652344,0.02785994649339944
1378,2020-08-07,968.7882080078124,990.5863037109376,995.8243408203124,978.4719848632812,982.90234375,32984416,978.3104248046876,984.8867797851562,981.3563232421876,992.5015258789062,953.96630859375,990.4478759765624,0.005786983887655195,975.296826171875,939.6967376708984,0.027408820265161112
1379,2020-08-10,956.782470703125,978.3104248046876,999.1471557617188,972.8878173828124,996.42431640625,26958997,984.7483520507812,990.5863037109376,984.8867797851562,981.3563232421876,927.1531982421876,995.0859375,-0.012392538499938932,985.5282714843752,943.9621490478515,0.02716333936554142
1380,2020-08-11,963.0787963867188,984.7483520507812,996.8396606445312,969.3111572265624,985.2098388671876,46828306,981.8870239257812,978.3104248046876,990.5863037109376,984.8867797851562,992.5015258789062,1005.0081787109376,0.006580658943074136,983.9776367187502,948.9648071289063,0.02695709081359983
1381,2020-08-12,960.2803344726562,981.8870239257812,989.9171752929688,972.287841796875,978.8411254882812,30264617,979.3257446289062,984.7483520507812,978.3104248046876,990.5863037109376,981.3563232421876,967.6036376953124,-0.0029056439841114168,984.0837768554687,955.5088745117188,0.02502797802583633
1382,2020-08-13,957.7754516601562,979.3257446289062,987.1019897460938,973.7646484375,982.0716552734376,24830322,975.5183715820312,981.8870239257812,984.7483520507812,978.3104248046876,984.8867797851562,973.2339477539062,-0.002608527492943602,982.9715698242187,961.938720703125,0.025070583800347518
1383,2020-08-14,954.0518188476562,975.5183715820312,995.4551391601562,964.1885375976562,979.5564575195312,33224635,965.15771484375,979.3257446289062,981.8870239257812,984.7483520507812,990.5863037109376,953.96630859375,-0.0038877493701727772,979.9579833984375,966.6021759033204,0.02417379249317501
1384,2020-08-17,943.9192504882812,965.15771484375,971.4571533203124,955.350830078125,971.4571533203124,30979066,977.7105102539062,975.5183715820312,979.3257446289062,981.8870239257812,978.3104248046876,927.1531982421876,-0.010620667985451693,977.32744140625,970.5583862304687,0.02443542522460985
1385,2020-08-18,956.1958618164062,977.7105102539062,984.9791259765624,961.0042114257812,962.2271728515624,30547672,983.7099609375,965.15771484375,975.5183715820312,979.3257446289062,984.7483520507812,992.5015258789062,0.013005952516463415,975.919873046875,973.9504119873047,0.023959764261040923
1386,2020-08-19,962.063232421875,983.7099609375,994.0706787109376,979.002685546875,988.0711669921876,34087543,967.7882080078124,977.7105102539062,965.15771484375,975.5183715820312,981.8870239257812,981.3563232421876,0.006136223985191425,976.2844604492187,976.8936248779297,0.02378484176456378
1387,2020-08-20,946.4918823242188,967.7882080078124,980.1795043945312,963.6116333007812,978.379638671875,22537845,960.7734375,983.7099609375,977.7105102539062,965.15771484375,979.3257446289062,984.8867797851562,-0.01618541395526152,973.976953125,977.79931640625,0.023492388279673367
1388,2020-08-21,939.6314086914062,960.7734375,979.3026733398438,958.53515625,977.4566650390624,25280895,967.1882934570312,967.7882080078124,983.7099609375,977.7105102539062,975.5183715820312,990.5863037109376,-0.007248249616775393,971.0279663085937,976.3155944824218,0.021386043128244783
1389,2020-08-24,945.9050903320312,967.1882934570312,971.2263793945312,955.535400390625,965.1807861328124,32717218,960.8887939453124,960.7734375,967.7882080078124,983.7099609375,965.15771484375,978.3104248046876,0.006676762394392632,971.43408203125,974.9207122802734,0.021420056524709807
1390,2020-08-25,939.7442016601562,960.8887939453124,974.3646240234376,958.9966430664062,971.9186401367188,19388008,986.3635864257812,967.1882934570312,960.7734375,967.7882080078124,977.7105102539062,984.7483520507812,-0.006513209014557542,968.0697387695312,972.7147430419922,0.021284003239044638
1391,2020-08-26,964.658447265625,986.3635864257812,991.278564453125,944.690185546875,962.2271728515624,59870421,974.0415649414062,960.8887939453124,967.1882934570312,960.7734375,983.7099609375,981.8870239257812,0.026511696921630135,968.6004638671875,973.6527404785156,0.020494795361701408
1392,2020-08-27,952.607666015625,974.0415649414062,992.2246704101562,970.6495361328124,991.3016357421876,28085062,976.6029052734376,986.3635864257812,960.8887939453124,967.1882934570312,967.7882080078124,979.3257446289062,-0.012492372644275607,969.8511352539062,973.6931213378906,0.020683623557586427
1393,2020-08-28,955.112548828125,976.6029052734376,984.3330078125,972.0340576171876,978.379638671875,27166900,960.2427368164062,974.0415649414062,986.3635864257812,960.8887939453124,960.7734375,975.5183715820312,0.0026296006497272817,973.0170288085938,974.824951171875,0.020140968309427774
1394,2020-08-31,939.1123046875,960.2427368164062,1003.3006591796876,950.8511962890624,1003.3006591796876,62076132,963.2655639648438,976.6029052734376,974.0415649414062,986.3635864257812,967.1882934570312,965.15771484375,-0.016752119381060693,971.6279174804688,976.4794281005859,0.019413496550371747
1395,2020-09-01,942.0687866210938,963.2655639648438,979.4872436523438,951.7972412109376,969.149658203125,38616258,982.1639404296876,960.2427368164062,976.6029052734376,974.0415649414062,960.8887939453124,977.7105102539062,0.0031479823096183246,972.103271484375,975.0176300048828,0.010848013852628714
1396,2020-09-02,960.5512084960938,982.1639404296876,986.6866455078124,962.2271728515624,965.4576416015624,26949439,974.7338256835938,963.2655639648438,960.2427368164062,976.6029052734376,986.3635864257812,983.7099609375,0.019619072010689687,971.2633422851562,975.0580108642578,0.011552770560152506
1397,2020-09-03,953.2845458984376,974.7338256835938,987.0327758789062,970.5341796875,982.0716552734376,18586429,958.6505126953124,982.1639404296876,963.2655639648438,960.2427368164062,974.0415649414062,967.7882080078124,-0.00756504534552882,971.4017944335938,974.5503631591797,0.011644401584631826
1398,2020-09-04,937.5552368164062,958.6505126953124,967.7420654296876,956.3199462890624,961.5579833984376,28475945,961.1426391601562,974.7338256835938,982.1639404296876,963.2655639648438,976.6029052734376,960.7734375,-0.01650021017481562,967.8113159179687,972.9535736083984,0.012074227177212401
1399,2020-09-07,939.9925537109376,961.1426391601562,971.8032836914062,943.4210205078124,961.7656860351562,21926473,972.4263305664062,958.6505126953124,974.7338256835938,982.1639404296876,960.2427368164062,967.1882934570312,0.002599619393971908,967.9912963867188,972.0951843261719,0.0118297531851177
1400,2020-09-08,951.0278930664062,972.4263305664062,978.8411254882812,960.150390625,965.4576416015624,27397082,997.462646484375,961.1426391601562,958.6505126953124,974.7338256835938,963.2655639648438,960.8887939453124,0.01173987184265357,969.8234497070313,971.4790832519532,0.012053724627267783
1401,2020-09-09,975.51318359375,997.462646484375,1000.4393310546876,960.5888061523438,962.2271728515624,55310877,1067.91064453125,972.4263305664062,961.1426391601562,958.6505126953124,982.1639404296876,986.3635864257812,0.02574623406524368,972.8831909179687,972.2578643798828,0.013389033759281029
1402,2020-09-10,1044.410888671875,1067.91064453125,1082.194091796875,1003.9236450195312,1007.5003051757812,140304404,1070.564208984375,997.462646484375,972.4263305664062,961.1426391601562,974.7338256835938,974.0415649414062,0.07062720423183144,991.5185546875,976.687109375,0.02050874411807611
1403,2020-09-11,1047.0062255859375,1070.564208984375,1078.9173583984375,1055.496337890625,1066.9876708984375,59470807,1062.62646484375,1067.91064453125,997.462646484375,972.4263305664062,958.6505126953124,976.6029052734376,0.002484818806436584,1013.9012939453125,981.4394012451172,0.020420331702983595
1404,2020-09-14,1039.2431640625,1062.62646484375,1089.1396484375,1053.142578125,1072.9871826171875,44063445,1070.14892578125,1070.564208984375,1067.91064453125,997.462646484375,961.1426391601562,960.2427368164062,-0.0074145427934261265,1034.1980590820312,986.3128387451172,0.02030472742574778
1405,2020-09-15,1046.5999755859375,1070.14892578125,1073.333251953125,1055.9808349609375,1066.964599609375,27178393,1072.7794189453125,1062.62646484375,1070.564208984375,1067.91064453125,972.4263305664062,963.2655639648438,0.007079120637754954,1053.742578125,990.9347595214844,0.020225021929759408
1406,2020-09-16,1049.172607421875,1072.7794189453125,1093.45458984375,1066.3184814453125,1070.6795654296875,33952295,1060.872802734375,1070.14892578125,1062.62646484375,1070.564208984375,997.462646484375,982.1639404296876,0.0024580627057511073,1068.8059326171874,995.388232421875,0.020228154065791138
1407,2020-09-17,1037.528076171875,1060.872802734375,1077.002197265625,1057.6883544921875,1070.6795654296875,25828669,1064.0802001953125,1072.7794189453125,1070.14892578125,1062.62646484375,1067.91064453125,974.7338256835938,-0.011098848468442224,1067.3983642578125,1000.0424621582031,0.01998446782179511
1408,2020-09-18,1040.664794921875,1064.0802001953125,1070.42578125,1050.62744140625,1068.0260009765625,33074915,1041.074462890625,1060.872802734375,1072.7794189453125,1070.14892578125,1070.564208984375,958.6505126953124,0.003023357232526447,1066.1015625,1005.2078002929687,0.019789939909069375
1409,2020-09-21,1018.1654052734376,1041.074462890625,1078.0635986328125,1037.151611328125,1061.4495849609375,33627381,1020.4453735351562,1064.0802001953125,1060.872802734375,1072.7794189453125,1062.62646484375,961.1426391601562,-0.02162030390234193,1061.791162109375,1008.9021087646485,0.020677961526066962
1410,2020-09-22,997.990234375,1020.4453735351562,1050.8350830078125,1016.0149536132812,1050.8350830078125,34792254,1029.5137939453125,1041.074462890625,1064.0802001953125,1060.872802734375,1070.14892578125,972.4263305664062,-0.019815191026961165,1051.8504516601563,1011.8799377441406,0.02123642132081539
1411,2020-09-23,1006.859130859375,1029.5137939453125,1050.7197265625,1017.74560546875,1042.9896240234375,42988708,1006.6234741210938,1020.4453735351562,1041.074462890625,1064.0802001953125,1072.7794189453125,997.462646484375,0.008886727937959416,1043.1973266601562,1014.0374481201172,0.020574405428099313
1412,2020-09-24,984.4724731445312,1006.6234741210938,1027.298583984375,1004.2467041015624,1018.9454956054688,29826318,1016.0841674804688,1029.5137939453125,1020.4453735351562,1041.074462890625,1060.872802734375,1067.91064453125,-0.022234106972475076,1032.3474609375,1015.6665435791016,0.02105374435716648
1413,2020-09-25,993.7249755859376,1016.0841674804688,1021.2068481445312,1000.2086181640624,1010.22314453125,28374935,1022.7990112304688,1006.6234741210938,1029.5137939453125,1020.4453735351562,1064.0802001953125,1070.564208984375,0.009398443015284697,1022.7482543945313,1017.6406066894531,0.02112119822315146
1414,2020-09-28,1000.2921142578124,1022.7990112304688,1032.836669921875,1018.55322265625,1027.7601318359375,19666849,1036.0902099609375,1016.0841674804688,1006.6234741210938,1029.5137939453125,1041.074462890625,1062.62646484375,0.006608550713520511,1019.0931640625,1020.7684204101563,0.02065939983540379
1415,2020-09-29,1013.290771484375,1036.0902099609375,1044.8355712890625,1022.7990112304688,1026.837158203125,25842539,1031.1522216796875,1022.7990112304688,1016.0841674804688,1006.6234741210938,1020.4453735351562,1070.14892578125,0.012994927238420884,1022.2221313476563,1024.409652709961,0.02077114993382817
1416,2020-09-30,1008.4614868164062,1031.1522216796875,1046.2200927734375,1026.837158203125,1042.9896240234375,24465159,1026.9525146484375,1036.0902099609375,1022.7990112304688,1016.0841674804688,1029.5137939453125,1072.7794189453125,-0.004765982955708292,1022.5498168945312,1026.859066772461,0.02051091624308231
1417,2020-10-01,1004.3541870117188,1026.9525146484375,1044.7432861328125,1021.7606201171876,1044.7432861328125,20783227,1020.929931640625,1031.1522216796875,1036.0902099609375,1022.7990112304688,1006.6234741210938,1060.872802734375,-0.0040728293485213785,1026.615625,1029.4700012207031,0.020434264038140578
1418,2020-10-05,998.4641723632812,1020.929931640625,1037.9822998046875,1018.0686645507812,1035.6055908203125,18922799,1020.076171875,1026.9525146484375,1031.1522216796875,1036.0902099609375,1016.0841674804688,1064.0802001953125,-0.005864519461130313,1027.5847778320312,1032.5839721679688,0.020039974280784127
1419,2020-10-06,997.629150390625,1020.076171875,1030.9444580078125,1016.0610961914062,1026.9525146484375,18412175,1041.8359375,1020.929931640625,1026.9525146484375,1031.1522216796875,1022.7990112304688,1041.074462890625,-0.0008362569645234963,1027.0402099609375,1035.5306488037108,0.020061353233815537
1420,2020-10-07,1018.9100952148438,1041.8359375,1065.6031494140625,1024.5296630859375,1031.4521484375,53170865,1033.4134521484375,1020.076171875,1020.929931640625,1026.9525146484375,1036.0902099609375,1020.4453735351562,0.021331510552788924,1028.18935546875,1039.0011291503906,0.020389070799619848
1421,2020-10-08,1010.6730346679688,1033.4134521484375,1046.681640625,1025.498779296875,1042.528076171875,21077808,1030.73681640625,1041.8359375,1020.076171875,1020.929931640625,1031.1522216796875,1029.5137939453125,-0.00808427224326047,1028.6416015625,1040.7986694335937,0.0198554135186579
1422,2020-10-09,1008.0552978515624,1030.73681640625,1039.7591552734375,1023.1912841796876,1031.4521484375,18545499,1032.398193359375,1033.4134521484375,1041.8359375,1020.076171875,1026.9525146484375,1006.6234741210938,-0.0025900918326763334,1029.3984619140624,1038.9399780273438,0.011532917679104283
1423,2020-10-12,1009.6800537109376,1032.398193359375,1041.0281982421875,1027.4140625,1031.4521484375,14226473,1052.542724609375,1030.73681640625,1033.4134521484375,1041.8359375,1020.929931640625,1016.0841674804688,0.0016118342982232026,1031.6921142578126,1037.0316772460938,0.011517861582321355
1424,2020-10-13,1029.38134765625,1052.542724609375,1054.873291015625,1027.2293701171875,1029.4215087890625,23112012,1055.680908203125,1032.398193359375,1030.73681640625,1033.4134521484375,1020.076171875,1022.7990112304688,0.01951236584834648,1038.1854248046875,1036.527490234375,0.012363617440948323
1425,2020-10-14,1032.4503173828125,1055.680908203125,1063.295654296875,1046.912353515625,1051.7120361328125,26742011,1018.2993774414062,1052.542724609375,1032.398193359375,1030.73681640625,1041.8359375,1036.0902099609375,0.0029815260895129647,1040.9544189453125,1035.8040893554687,0.012266659756036656
1426,2020-10-15,995.8914184570312,1018.2993774414062,1056.8345947265625,1012.9921264648438,1056.8345947265625,20036197,1004.13134765625,1055.680908203125,1052.542724609375,1032.398193359375,1033.4134521484375,1031.1522216796875,-0.03540987666940565,1037.9316040039062,1033.0800872802733,0.01448949084885306
1427,2020-10-16,982.0352172851562,1004.13134765625,1030.29833984375,1002.6776123046876,1022.22216796875,21583600,1004.31591796875,1018.2993774414062,1055.680908203125,1052.542724609375,1030.73681640625,1026.9525146484375,-0.013913422809660458,1032.6105102539063,1030.2430145263672,0.014590695262956772
1428,2020-10-19,982.2156372070312,1004.31591796875,1028.544677734375,994.6013793945312,1010.7077026367188,31200385,994.947509765625,1004.13134765625,1018.2993774414062,1055.680908203125,1032.398193359375,1020.929931640625,0.0001838109256631082,1026.9940551757813,1027.254800415039,0.014546405162224208
1429,2020-10-20,973.0535278320312,994.947509765625,1012.0691528320312,993.2630004882812,1005.608154296875,18482288,980.5025634765624,1004.31591796875,1004.13134765625,1018.2993774414062,1052.542724609375,1020.076171875,-0.009328148678627746,1015.4750122070312,1024.948452758789,0.013956409456250977
1430,2020-10-21,958.9264526367188,980.5025634765624,1011.607666015625,968.1112670898438,1000.5316772460938,34082321,972.3570556640624,994.947509765625,1004.31591796875,1004.13134765625,1055.680908203125,1041.8359375,-0.014518299857311456,1000.4393432617187,1022.9513122558594,0.013650859763113905
1431,2020-10-22,950.9600830078124,972.3570556640624,984.1483764648438,964.9961547851562,981.7947387695312,30802210,975.1722412109376,980.5025634765624,994.947509765625,1004.31591796875,1018.2993774414062,1033.4134521484375,-0.008307482423726142,991.25087890625,1020.0934753417969,0.0134757245141626
1432,2020-10-23,953.71337890625,975.1722412109376,985.3021240234376,967.48828125,971.9186401367188,23422125,936.4293212890624,972.3570556640624,980.5025634765624,994.947509765625,1004.13134765625,1030.73681640625,0.0028952178939583018,985.4590576171875,1018.5209136962891,0.012714954929243365
1433,2020-10-26,915.822998046875,936.4293212890624,970.049560546875,931.5374145507812,970.049560546875,37324416,938.9214477539062,975.1722412109376,972.3570556640624,980.5025634765624,1004.31591796875,1032.398193359375,-0.03972930963843424,971.88173828125,1014.5381713867188,0.015031386208581424
1434,2020-10-27,918.26025390625,938.9214477539062,950.6204223632812,925.3071899414062,939.1060180664062,36478896,928.2838745117188,936.4293212890624,975.1722412109376,972.3570556640624,994.947509765625,1052.542724609375,0.0026613075949109,960.6765258789062,1010.3442932128906,0.0149106770313695
1435,2020-10-28,907.8567504882812,928.2838745117188,949.6282348632812,926.414794921875,942.2903442382812,29924017,935.4140014648438,938.9214477539062,936.4293212890624,975.1722412109376,980.5025634765624,1055.680908203125,-0.011329566778599864,950.2327880859375,1004.9539764404296,0.01442156256724026
1436,2020-10-29,914.8300170898438,935.4140014648438,942.3826904296876,918.84619140625,921.6151733398438,30655304,948.1514282226562,928.2838745117188,938.9214477539062,936.4293212890624,972.3570556640624,1018.2993774414062,0.00768097685298641,942.8441772460938,1000.1670654296875,0.014714975157337913
1437,2020-10-30,927.287109375,948.1514282226562,953.0433349609376,933.0603637695312,938.4598999023438,34021563,866.44287109375,935.4140014648438,928.2838745117188,938.9214477539062,975.1722412109376,1004.13134765625,0.013616887001761668,937.4400146484375,996.2270111083984,0.015279051898870754
1438,2020-11-02,847.3765869140625,866.44287109375,935.4601440429688,857.9974365234375,935.4601440429688,99366895,853.9592895507812,948.1514282226562,935.4140014648438,928.2838745117188,936.4293212890624,1004.31591796875,-0.08617669572261455,923.442724609375,988.5026580810547,0.02393320010871774
1439,2020-11-03,835.167724609375,853.9592895507812,881.003173828125,846.8983764648438,872.2346801757812,88691623,882.9414672851562,866.44287109375,948.1514282226562,935.4140014648438,938.9214477539062,994.947509765625,-0.014407853026951578,906.45029296875,980.1968139648437,0.023915147785297467
1440,2020-11-04,863.5121459960938,882.9414672851562,890.2332153320312,847.7752075195312,847.7752075195312,80180117,902.232177734375,853.9592895507812,866.44287109375,948.1514282226562,928.2838745117188,980.5025634765624,0.033938594133241295,897.3818115234375,972.2520904541016,0.02489090249090856
1441,2020-11-05,882.3782958984375,902.232177734375,904.9780883789062,891.61767578125,902.2091064453124,37205373,936.452392578125,882.9414672851562,853.9592895507812,866.44287109375,935.4140014648438,972.3570556640624,0.021848232486501473,890.7454467773438,965.6930267333985,0.025765993332056824
1442,2020-11-06,915.8455200195312,936.452392578125,941.4596557617188,912.9158935546876,918.3847045898438,66674086,946.397705078125,902.232177734375,882.9414672851562,853.9592895507812,948.1514282226562,975.1722412109376,0.0379283910375281,888.4056396484375,960.9788055419922,0.02761140661794874
1443,2020-11-09,925.5719604492188,946.397705078125,954.8431396484376,939.6136474609376,951.6588134765624,35838510,962.0194702148438,936.452392578125,902.232177734375,882.9414672851562,866.44287109375,936.4293212890624,0.010620200854652984,904.3966064453125,956.6787811279297,0.027787774726524963
1444,2020-11-10,940.8499755859376,962.0194702148438,964.53466796875,942.0134887695312,958.53515625,36934242,921.7074584960938,946.397705078125,936.452392578125,902.232177734375,853.9592895507812,938.9214477539062,0.01650655433006265,926.008642578125,952.1526184082031,0.027661971072709925
1445,2020-11-11,901.4249877929688,921.7074584960938,966.8421630859376,912.892822265625,964.0731811523438,56724780,913.7696533203124,962.0194702148438,946.397705078125,936.452392578125,882.9414672851562,928.2838745117188,-0.041903529987545096,933.7618408203125,945.4539459228515,0.028851316996718966
1446,2020-11-12,893.6619262695312,913.7696533203124,926.8993530273438,906.84716796875,914.231201171875,40046527,921.3382568359376,921.7074584960938,962.0194702148438,946.397705078125,902.232177734375,935.4140014648438,-0.008612065685931536,936.0693359375,940.2274597167968,0.028041971976077662
1447,2020-11-13,901.0640869140624,921.3382568359376,939.9136352539062,914.5773315429688,914.6926879882812,45388670,924.0610961914062,913.7696533203124,921.7074584960938,962.0194702148438,936.452392578125,948.1514282226562,0.008282835272679145,933.0465087890625,936.0878051757812,0.028110506562371927
1448,2020-11-14,903.7269287109376,924.0610961914062,930.0606079101562,920.8536987304688,929.8760375976562,5226220,919.884521484375,921.3382568359376,913.7696533203124,921.7074584960938,946.397705078125,866.44287109375,0.0029553091226444117,928.5791870117188,932.075064086914,0.028138554046602895
1449,2020-11-17,899.642333984375,919.884521484375,962.2271728515624,916.0771484375,962.2271728515624,46542562,917.0924682617188,924.0610961914062,921.3382568359376,913.7696533203124,962.0194702148438,853.9592895507812,-0.0045198036409555,920.152197265625,928.3219146728516,0.028109081757945038
1450,2020-11-18,896.91162109375,917.0924682617188,925.9994506835938,904.5858154296876,919.884521484375,30402290,910.6083984375,919.884521484375,924.0610961914062,921.3382568359376,921.7074584960938,882.9414672851562,-0.003035221440785718,919.22919921875,925.1514099121093,0.02798981370314446
1451,2020-11-19,890.5702514648438,910.6083984375,927.8223266601562,908.323974609375,917.0924682617188,27796343,876.6189575195312,917.0924682617188,919.884521484375,924.0610961914062,913.7696533203124,902.232177734375,-0.0070702465112474355,918.5969482421875,922.0639770507812,0.02797872480635103
1452,2020-11-20,857.3287353515625,876.6189575195312,915.5233764648438,874.5421752929688,911.462158203125,57471248,900.2477416992188,910.6083984375,917.0924682617188,919.884521484375,921.3382568359376,936.452392578125,-0.03732607888999351,909.6530883789062,917.1363128662109,0.02896882053113369
1453,2020-11-23,880.4376220703125,900.2477416992188,909.1546630859376,888.9640502929688,900.3861694335938,45327567,906.4087524414062,876.6189575195312,910.6083984375,917.0924682617188,924.0610961914062,946.397705078125,0.026954452646731575,904.8904174804687,915.3272338867188,0.028584520873703008
1454,2020-11-24,886.4630737304688,906.4087524414062,911.0006713867188,891.61767578125,906.3856811523438,30936268,898.9093627929688,900.2477416992188,876.6189575195312,910.6083984375,919.884521484375,962.0194702148438,0.006843683640415099,902.195263671875,913.7015991210938,0.028632359343441226
1455,2020-11-25,879.128662109375,898.9093627929688,919.74609375,896.3250122070312,913.7696533203124,32637879,901.1245727539062,906.4087524414062,900.2477416992188,876.6189575195312,917.0924682617188,921.7074584960938,-0.00827373922442598,898.558642578125,912.2328735351563,0.02858447330187806
1456,2020-11-26,881.2951049804688,901.1245727539062,906.84716796875,890.7177734375,901.332275390625,25838637,890.6023559570312,898.9093627929688,906.4087524414062,900.2477416992188,910.6083984375,913.7696533203124,0.0024643307241285495,896.6618774414062,910.5184020996094,0.028522832290887982
1457,2020-11-27,871.0044555664062,890.6023559570312,902.7398071289062,886.7257690429688,895.5404052734375,47336811,902.18603515625,901.1245727539062,898.9093627929688,906.4087524414062,876.6189575195312,921.3382568359376,-0.011676761587710693,899.4585571289062,907.6409484863282,0.02837915215520042
1458,2020-12-01,882.333251953125,902.18603515625,907.424072265625,890.7177734375,895.47119140625,19750687,903.6859130859376,890.6023559570312,901.1245727539062,898.9093627929688,900.2477416992188,924.0610961914062,0.01300656698439906,899.8462158203125,909.4281066894531,0.020641247743322662
1459,2020-12-02,883.8001098632812,903.6859130859376,905.4627075195312,893.002197265625,903.847412109375,22188887,906.4087524414062,902.18603515625,890.6023559570312,901.1245727539062,906.4087524414062,919.884521484375,0.0016624929573731961,899.3016479492187,911.914437866211,0.02026907748947629
1460,2020-12-03,886.4630737304688,906.4087524414062,914.27734375,903.9166259765624,910.0776977539062,27785372,898.4248046875,903.6859130859376,902.18603515625,890.6023559570312,898.9093627929688,917.0924682617188,0.0030130372909882297,900.8015258789062,913.0878021240235,0.01892185618876608
1461,2020-12-04,878.65478515625,898.4248046875,908.6931762695312,895.3096923828125,908.6931762695312,18464552,903.708984375,906.4087524414062,903.6859130859376,902.18603515625,901.1245727539062,910.6083984375,-0.008808330383396568,900.261572265625,912.8974334716797,0.01842038376629412
1462,2020-12-07,883.8226318359375,903.708984375,906.84716796875,895.5866088867188,895.5866088867188,18242188,920.1152954101562,898.4248046875,906.4087524414062,903.6859130859376,890.6023559570312,876.6189575195312,0.00588160484876421,902.8828979492188,911.2602630615235,0.016203337624701664
1463,2020-12-08,899.8679809570312,920.1152954101562,929.5760498046876,899.9246826171875,905.0704345703124,43403061,935.4370727539062,903.708984375,898.4248046875,906.4087524414062,902.18603515625,900.2477416992188,0.018154418423208085,906.46875,909.946142578125,0.016586709870198814
1464,2020-12-09,914.8526000976562,935.4370727539062,938.598388671875,922.653564453125,927.5916137695312,29175254,926.2301635742188,920.1152954101562,903.708984375,898.4248046875,903.6859130859376,906.4087524414062,0.01665201895912416,912.8189819335937,908.6170227050782,0.016594947274077287
1465,2020-12-10,905.8482055664062,926.2301635742188,936.1524047851562,923.461181640625,932.9680786132812,16065507,925.6763916015624,935.4370727539062,920.1152954101562,903.708984375,906.4087524414062,898.9093627929688,-0.009842360804220185,916.7832641601562,908.8431579589844,0.013771279643249895
1466,2020-12-11,905.3067016601562,925.6763916015624,940.5366821289062,911.1160278320312,928.9991455078124,26944202,918.984619140625,926.2301635742188,935.4370727539062,920.1152954101562,898.4248046875,901.1245727539062,-0.000597877281948378,922.2335815429688,909.4384948730469,0.013612917064720708
1467,2020-12-14,898.7621459960938,918.984619140625,929.9221801757812,916.7001953125,926.6685791015624,17312747,911.1622314453124,925.6763916015624,926.2301635742188,935.4370727539062,903.708984375,890.6023559570312,-0.0072290624689688165,925.2887084960937,909.3208129882812,0.013602197523195447
1468,2020-12-15,891.1118774414062,911.1622314453124,918.2462158203124,905.0473022460938,918.2462158203124,18551265,912.177490234375,918.984619140625,925.6763916015624,926.2301635742188,920.1152954101562,902.18603515625,-0.008511989790022434,923.498095703125,908.6758697509765,0.013710566861434808
1469,2020-12-16,892.1047973632812,912.177490234375,920.6691284179688,907.1702270507812,917.461669921875,18561011,916.3540649414062,911.1622314453124,918.984619140625,925.6763916015624,935.4370727539062,903.6859130859376,0.0011142459092627899,918.8461791992188,908.2905181884765,0.013683923968706388
1470,2020-12-17,896.189453125,916.3540649414062,925.3071899414062,912.4544067382812,915.846435546875,20252358,919.0999755859376,912.177490234375,911.1622314453124,918.984619140625,926.2301635742188,906.4087524414062,0.004578686441778057,916.8709594726563,908.2535980224609,0.013710624046213853
1471,2020-12-18,898.875,919.0999755859376,925.2610473632812,906.84716796875,913.8158569335938,18466344,895.1712036132812,916.3540649414062,912.177490234375,911.1622314453124,925.6763916015624,898.4248046875,0.0029965607722894916,915.5556762695312,908.6781768798828,0.01361997620282588
1472,2020-12-21,875.4727172851562,895.1712036132812,933.1526489257812,856.1975708007812,927.6146850585938,44135540,893.7867431640625,919.0999755859376,916.3540649414062,912.177490234375,918.984619140625,903.708984375,-0.02603500446989071,910.7929931640625,909.6057891845703,0.012118491437911747
1473,2020-12-22,874.1187744140625,893.7867431640625,904.0320434570312,871.5193481445312,899.4631958007812,28140001,897.0864868164062,895.1712036132812,919.0999755859376,916.3540649414062,911.1622314453124,920.1152954101562,-0.0015465873384113982,907.3178955078125,909.2827392578125,0.01048614125395559
1474,2020-12-23,877.3458862304688,897.0864868164062,900.5938720703125,886.379638671875,890.6947021484375,19501410,920.2999267578124,893.7867431640625,895.1712036132812,919.0999755859376,912.177490234375,935.4370727539062,0.0036918690924665487,904.2996948242187,908.8166259765625,0.010396308952393872
1475,2020-12-24,900.048583984375,920.2999267578124,922.4458618164062,898.0325317382812,898.5401611328125,20776988,924.5226440429688,897.0864868164062,893.7867431640625,895.1712036132812,916.3540649414062,926.2301635742188,0.02587647933900583,905.0888671875,909.8861541748047,0.011761191522368871
1476,2020-12-28,904.1782836914062,924.5226440429688,931.3067016601562,920.8306274414062,926.0917358398438,17221499,918.4077758789062,920.2999267578124,897.0864868164062,893.7867431640625,919.0999755859376,925.6763916015624,0.0045884142358163515,906.1734008789062,911.0560577392578,0.011782379311240349
1477,2020-12-29,898.1980590820312,918.4077758789062,928.6761474609376,914.9464721679688,927.1531982421876,18611939,920.9229125976562,924.5226440429688,920.2999267578124,897.0864868164062,895.1712036132812,918.984619140625,-0.006614081551666429,910.8207153320312,912.4463287353516,0.011539701060749126
1478,2020-12-30,900.6578369140625,920.9229125976562,926.3224487304688,911.7160034179688,920.8075561523438,22043630,916.2156372070312,918.4077758789062,924.5226440429688,920.2999267578124,893.7867431640625,911.1622314453124,0.002738583867436306,916.24794921875,913.3831726074219,0.01122983871672959
1479,2020-12-31,896.0541381835938,916.2156372070312,928.4915161132812,913.1235961914062,919.9999389648438,18781189,917.23095703125,920.9229125976562,918.4077758789062,924.5226440429688,897.0864868164062,912.177490234375,-0.0051114760271814275,920.073779296875,914.0096588134766,0.01131344685410259
1480,2021-01-01,897.047119140625,917.23095703125,921.6151733398438,914.6926879882812,917.461669921875,10015175,918.7769775390624,916.2156372070312,920.9229125976562,918.4077758789062,920.2999267578124,916.3540649414062,0.0011081668801395939,919.4599853515625,914.5507690429688,0.011301399463639757
1481,2021-01-04,898.55908203125,918.7769775390624,922.4920043945312,908.231689453125,920.7383422851562,24513534,907.3548583984376,917.23095703125,916.2156372070312,920.9229125976562,924.5226440429688,919.0999755859376,0.0016855302320109011,918.3108520507812,915.5683776855469,0.011080397056687596
1482,2021-01-05,887.3882446289062,907.3548583984376,915.4310913085938,902.6936645507812,908.6931762695312,24123091,883.4260864257812,918.7769775390624,917.23095703125,916.2156372070312,918.4077758789062,895.1712036132812,-0.01243187347948016,916.1002685546875,915.7506713867188,0.011422732602795355
1483,2021-01-06,863.986083984375,883.4260864257812,907.3086547851562,879.2264404296875,907.2625122070312,46401468,881.9954223632812,907.3548583984376,918.7769775390624,917.23095703125,920.9229125976562,893.7867431640625,-0.026372010631973475,908.6009033203125,913.9162109375,0.01207282535640705
1484,2021-01-07,862.5869140625,881.9954223632812,897.6171875,879.2264404296875,886.3104248046875,32325918,892.4022216796875,883.4260864257812,907.3548583984376,918.7769775390624,916.2156372070312,897.0864868164062,-0.0016194496455139706,901.7568603515625,911.2441284179688,0.011253567076087618
1485,2021-01-08,872.7646484375,892.4022216796875,894.5712890625,882.433837890625,885.1566772460938,27540187,875.58056640625,881.9954223632812,883.4260864257812,907.3548583984376,917.23095703125,920.2999267578124,0.011799153433837084,896.79111328125,909.5527313232421,0.011584139569107702
1486,2021-01-11,856.313232421875,875.58056640625,894.755859375,873.388427734375,894.755859375,33307825,903.1782836914062,892.4022216796875,881.9954223632812,883.4260864257812,918.7769775390624,924.5226440429688,-0.01884985812986395,888.1518310546875,907.0479400634765,0.012188102379112107
1487,2021-01-12,883.3035888671875,903.1782836914062,904.5396728515624,876.8035278320312,878.2341918945312,41161546,894.755859375,875.58056640625,892.4022216796875,881.9954223632812,907.3548583984376,918.4077758789062,0.03151933510633853,887.3165161132813,906.2576232910156,0.014324036391549472
1488,2021-01-13,875.0665893554688,894.755859375,911.4390869140624,885.3643798828125,906.177978515625,26619458,904.8165893554688,903.1782836914062,875.58056640625,892.4022216796875,883.4260864257812,920.9229125976562,-0.009325317568512292,889.582470703125,905.4373046875,0.014348307642483866
1489,2021-01-14,884.9059448242188,904.8165893554688,907.7240600585938,894.8712768554688,897.6171875,21553242,894.1328735351562,894.755859375,903.1782836914062,875.58056640625,881.9954223632812,916.2156372070312,0.011244106283356814,894.1467041015625,905.0692596435547,0.0145964694900812
1490,2021-01-15,874.4572143554688,894.1328735351562,910.9083862304688,886.102783203125,904.8165893554688,20593268,915.5925903320312,904.8165893554688,894.755859375,903.1782836914062,892.4022216796875,917.23095703125,-0.011807603823801305,894.4928344726562,903.9582000732422,0.014766873076825317
1491,2021-01-18,895.4447631835938,915.5925903320312,921.6151733398438,887.625732421875,899.5093383789062,35100458,930.5682983398438,894.1328735351562,904.8165893554688,894.755859375,875.58056640625,918.7769775390624,0.02400059032840285,902.4952392578125,903.7828308105469,0.015786947392099317
1492,2021-01-19,910.0909423828124,930.5682983398438,937.30615234375,920.5306396484376,920.5306396484376,32006615,948.2437133789062,915.5925903320312,894.1328735351562,904.8165893554688,903.1782836914062,907.3548583984376,0.01635630100761487,907.9732421875,905.552685546875,0.014940893988711478
1493,2021-01-20,927.37744140625,948.2437133789062,949.7666625976562,923.645751953125,932.8757934570312,30924537,968.8727416992188,930.5682983398438,915.5925903320312,894.1328735351562,894.755859375,883.4260864257812,0.018994215761052535,918.6708129882812,908.2755340576172,0.01538042836280647
1494,2021-01-21,947.5524291992188,968.8727416992188,978.379638671875,957.6121826171876,960.8426513671876,39087742,945.8900756835938,948.2437133789062,930.5682983398438,915.5925903320312,904.8165893554688,881.9954223632812,0.021754985589943265,931.4820434570313,911.8648468017578,0.01593885310741849
1495,2021-01-22,925.0755615234376,945.8900756835938,976.2337036132812,939.2213745117188,974.2261352539062,30532660,895.7711791992188,968.8727416992188,948.2437133789062,930.5682983398438,894.1328735351562,892.4022216796875,-0.023721036857036304,941.8334838867188,913.1443542480469,0.016208287822852437
1496,2021-01-25,876.0595092773438,895.7711791992188,939.1290893554688,891.61767578125,939.1290893554688,54207104,874.5421752929688,945.8900756835938,968.8727416992188,948.2437133789062,915.5925903320312,875.58056640625,-0.05298596292825475,937.8692016601562,911.7067810058594,0.02024135956996961
1497,2021-01-27,855.2977294921875,874.5421752929688,888.38720703125,871.3117065429688,888.38720703125,42370131,866.0275268554688,895.7711791992188,945.8900756835938,968.8727416992188,930.5682983398438,903.1782836914062,-0.023699137010891325,926.6639770507812,909.5135009765625,0.020825880918319748
1498,2021-01-28,846.9703979492188,866.0275268554688,887.6026611328125,863.0046997070312,867.6889038085938,34067814,850.0596313476562,874.5421752929688,895.7711791992188,945.8900756835938,948.2437133789062,894.755859375,-0.009736120999136011,910.2207397460937,906.7687316894531,0.020855833440789003
1499,2021-01-29,831.3538208007812,850.0596313476562,882.8953247070312,844.544677734375,874.2191162109375,43712383,874.6806640625,866.0275268554688,874.5421752929688,895.7711791992188,968.8727416992188,904.8165893554688,-0.01843809233846372,886.4581176757813,903.4609313964844,0.02114247563659343
1500,2021-02-01,855.4331665039062,874.6806640625,879.1571655273438,852.8516845703125,858.11279296875,34180952,888.7564086914062,850.0596313476562,866.0275268554688,874.5421752929688,945.8900756835938,894.1328735351562,0.028963888893077216,872.2162353515625,901.3334167480468,0.022347039038254437
1501,2021-02-02,869.1991577148438,888.7564086914062,895.3096923828125,856.0591430664062,883.4260864257812,41470034,890.9946899414062,874.6806640625,850.0596313476562,866.0275268554688,895.7711791992188,915.5925903320312,0.01609243831175,870.81328125,899.832388305664,0.022705937595590368
1502,2021-02-03,871.38818359375,890.9946899414062,900.84765625,876.8496704101562,889.91015625,30301696,888.0641479492188,888.7564086914062,874.6806640625,850.0596313476562,874.5421752929688,930.5682983398438,0.00251844175536875,874.1037841796875,899.0143798828125,0.022569774467646988
1503,2021-02-04,868.5220947265625,888.0641479492188,895.3096923828125,879.1571655273438,887.9256591796875,25626981,887.810302734375,890.9946899414062,888.7564086914062,874.6806640625,866.0275268554688,948.2437133789062,-0.003289067853345151,878.5111083984375,899.2462829589844,0.021761771883036806
1504,2021-02-05,868.2738037109375,887.810302734375,897.4556884765625,886.0797119140625,890.7177734375,20248046,900.5938720703125,888.0641479492188,890.9946899414062,888.7564086914062,850.0596313476562,968.8727416992188,-0.0002858410796449107,886.0612426757813,899.5370269775391,0.02175701529914169
1505,2021-02-08,880.7760620117188,900.5938720703125,908.6931762695312,890.2562866210938,892.1022338867188,21183400,902.7628784179688,887.810302734375,888.0641479492188,890.9946899414062,874.6806640625,945.8900756835938,0.014398987369897975,891.2438842773438,899.9466094970703,0.021835355461275477
1506,2021-02-09,882.8973388671875,902.7628784179688,918.2000732421876,900.9861450195312,905.4396362304688,19604141,911.1390991210938,900.5938720703125,887.810302734375,888.0641479492188,888.7564086914062,895.7711791992188,0.0024084178395196165,894.0451782226562,901.3057250976562,0.0213462986090916
1507,2021-02-10,891.0892333984375,911.1390991210938,915.9617919921876,889.4486083984375,901.6553344726562,21234156,948.7052001953124,902.7628784179688,900.5938720703125,887.810302734375,890.9946899414062,874.5421752929688,0.00927842837069659,898.0740600585938,901.7037658691406,0.020265701812086114
1508,2021-02-11,927.8286743164062,948.7052001953124,952.6279907226562,910.1930541992188,913.7696533203124,42539278,942.1980590820312,911.1390991210938,902.7628784179688,900.5938720703125,888.0641479492188,866.0275268554688,0.04122982002468745,910.2022705078125,904.4012329101563,0.02203358770708652
1509,2021-02-12,921.4647216796876,942.1980590820312,958.9966430664062,930.1067504882812,948.6129150390624,30497029,938.0445556640624,948.7052001953124,911.1390991210938,902.7628784179688,887.810302734375,850.0596313476562,-0.006858970639078921,921.0798217773438,906.2703063964843,0.022056008196010966
1510,2021-02-15,917.4026489257812,938.0445556640624,951.2896118164062,934.5371704101562,945.1747436523438,15791099,950.4589233398438,942.1980590820312,948.7052001953124,911.1390991210938,900.5938720703125,874.6806640625,-0.004408312432754857,928.5699584960937,908.4658905029297,0.02186890682024891
1511,2021-02-16,929.5438842773438,950.4589233398438,959.6427612304688,939.1521606445312,941.3442993164062,21421660,961.4195556640624,938.0445556640624,942.1980590820312,948.7052001953124,902.7628784179688,888.7564086914062,0.013234304917417283,938.1091674804687,910.2092071533203,0.021443509765467755
1512,2021-02-17,940.2633056640624,961.4195556640624,967.2805786132812,946.3515625,950.6896362304688,23742994,954.2432250976562,950.4589233398438,938.0445556640624,942.1980590820312,911.1390991210938,890.9946899414062,0.011531936893920403,948.1652587890625,911.7517700195312,0.021301248940915108
1513,2021-02-18,933.244873046875,954.2432250976562,973.0262451171876,950.2742919921876,962.2271728515624,18646877,960.05810546875,961.4195556640624,950.4589233398438,938.0445556640624,948.7052001953124,888.0641479492188,-0.007464306840991308,949.2728637695312,912.0517456054688,0.02099988258870174
1514,2021-02-19,938.9318237304688,960.05810546875,971.43408203125,947.5975952148438,949.30517578125,23403483,926.73779296875,954.2432250976562,961.4195556640624,950.4589233398438,942.1980590820312,887.810302734375,0.0060937088345569546,952.844873046875,911.6110137939453,0.020451456772217793
1515,2021-02-22,906.3446044921876,926.73779296875,964.488525390625,920.6691284179688,959.919677734375,23804335,933.8218383789062,960.05810546875,954.2432250976562,961.4195556640624,938.0445556640624,900.5938720703125,-0.03470655818663315,950.5835205078125,910.6533996582032,0.021246870257752373
1516,2021-02-23,913.2728271484376,933.8218383789062,947.4130249023438,929.2760620117188,945.1516723632812,25644108,951.1511840820312,926.73779296875,960.05810546875,954.2432250976562,950.4589233398438,902.7628784179688,0.007644066599963528,947.256103515625,912.5559326171875,0.017384245132906276
1517,2021-02-24,930.2208251953124,951.1511840820312,953.112548828125,935.06787109375,936.8446655273438,10807663,989.6171875,933.8218383789062,926.73779296875,960.05810546875,961.4195556640624,911.1390991210938,0.018557443176964394,945.2024291992187,916.3863830566406,0.016618633403165446
1518,2021-02-25,967.8405151367188,989.6171875,993.1476440429688,956.6891479492188,958.0736694335938,34855693,962.5963745117188,951.1511840820312,933.8218383789062,926.73779296875,954.2432250976562,948.7052001953124,0.04044152397822298,952.2772216796875,922.5658660888672,0.01810331630208258
1519,2021-02-26,941.4141845703124,962.5963745117188,984.7944946289062,955.627685546875,976.9951782226562,37481215,969.9342041015624,989.6171875,951.1511840820312,933.8218383789062,960.05810546875,942.1980590820312,-0.027304308503919628,952.7848754882813,928.1927032470703,0.018848312295904567
1520,2021-03-01,948.5906372070312,969.9342041015624,974.6876831054688,951.8433837890624,973.85693359375,17680764,971.9186401367188,962.5963745117188,989.6171875,951.1511840820312,926.73779296875,938.0445556640624,0.007622955772678575,961.4241577148438,932.9553802490234,0.0180928536323946
1521,2021-03-02,950.5313110351562,971.9186401367188,982.99462890625,964.1193237304688,979.3026733398438,17150760,1016.268798828125,969.9342041015624,962.5963745117188,989.6171875,933.8218383789062,950.4589233398438,0.0020459491239350758,969.0435180664062,937.113491821289,0.017925217751389076
1522,2021-03-03,993.9055786132812,1016.268798828125,1024.4835205078125,972.4724731445312,978.8642578125,31924461,1004.1544189453124,971.9186401367188,969.9342041015624,962.5963745117188,951.1511840820312,961.4195556640624,0.04563155480294889,982.067041015625,943.377197265625,0.020115855130305695
1523,2021-03-04,982.0578002929688,1004.1544189453124,1010.6615600585938,995.7781982421876,1006.0696411132812,21435754,1005.4696655273438,1016.268798828125,971.9186401367188,969.9342041015624,989.6171875,954.2432250976562,-0.01192044850415741,984.9744873046875,949.1817108154297,0.020433556840318404
1524,2021-03-05,983.3441162109376,1005.4696655273438,1020.8145751953124,993.6322021484376,994.99365234375,25511666,1011.1923217773438,1004.1544189453124,1016.268798828125,971.9186401367188,962.5963745117188,960.05810546875,0.0013098051028972435,993.5491455078125,955.0646789550781,0.020409349443122806
1525,2021-03-08,988.9408569335938,1011.1923217773438,1030.021484375,1000.5316772460938,1000.7623901367188,19506841,1011.169189453125,1005.4696655273438,1004.1544189453124,1016.268798828125,969.9342041015624,926.73779296875,0.005691525509124773,1001.8007690429688,960.5946014404296,0.02032328646401842
1526,2021-03-09,988.9181518554688,1011.169189453125,1021.6683349609376,990.6555786132812,1015.2996215820312,15154484,1006.9695434570312,1011.1923217773438,1005.4696655273438,1004.1544189453124,971.9186401367188,933.8218383789062,-2.2876285470707636e-05,1009.65087890625,966.0149169921875,0.020353168290588614
1527,2021-03-10,984.8109130859376,1006.9695434570312,1022.268310546875,1001.5700073242188,1018.5301513671876,11519358,986.5020751953124,1011.169189453125,1011.1923217773438,1005.4696655273438,1016.268798828125,951.1511840820312,-0.004153257476491201,1007.7910278320312,970.8064392089843,0.020456514534385708
1528,2021-03-12,964.7939453125,986.5020751953124,1018.2532348632812,980.1795043945312,1012.9921264648438,16864952,973.2570190429688,1006.9695434570312,1011.169189453125,1011.1923217773438,1004.1544189453124,989.6171875,-0.020325806668841206,1004.2605590820312,972.6962829589844,0.019352789304763644
1529,2021-03-15,951.8402099609376,973.2570190429688,991.7169799804688,960.150390625,987.6327514648438,16698099,969.4265747070312,986.5020751953124,1006.9695434570312,1011.169189453125,1005.4696655273438,962.5963745117188,-0.013426283112198512,997.8180297851562,974.2492309570313,0.01956789088198211
1530,2021-03-16,948.0941162109376,969.4265747070312,981.148681640625,967.0729370117188,975.6106567382812,13873801,948.543701171875,973.2570190429688,986.5020751953124,1006.9695434570312,1011.1923217773438,969.9342041015624,-0.003935696595031124,989.4648803710937,975.8183319091797,0.01956027821042425
1531,2021-03-17,927.6707763671876,948.543701171875,970.5341796875,939.1983032226562,968.249755859375,19210236,927.1993408203124,969.4265747070312,973.2570190429688,986.5020751953124,1011.169189453125,971.9186401367188,-0.02154147006075957,976.9397827148438,975.7225708007812,0.020032860435727416
1532,2021-03-18,906.796142578125,927.1993408203124,962.1348876953124,923.461181640625,956.6430053710938,20647480,960.8426513671876,948.543701171875,969.4265747070312,973.2570190429688,1006.9695434570312,1016.268798828125,-0.022502242464098154,960.9857421875,974.0115600585938,0.02045079554528654
1533,2021-03-19,939.6990356445312,960.8426513671876,967.2344360351562,915.0618896484376,918.84619140625,41787429,951.7972412109376,927.1993408203124,948.543701171875,969.4265747070312,986.5020751953124,1004.1544189453124,0.03628487323676288,955.853857421875,974.3415313720703,0.022067835433870822
1534,2021-03-22,930.8527221679688,951.7972412109376,957.150634765625,938.3214721679688,955.7661743164062,18572478,963.3809204101562,960.8426513671876,927.1993408203124,948.543701171875,973.2570190429688,1005.4696655273438,-0.009414038961924942,951.5619018554687,973.9284881591797,0.022136031585084433
1535,2021-03-23,942.1814575195312,963.3809204101562,973.626220703125,948.8436889648438,951.589599609375,17421165,944.82861328125,951.7972412109376,960.8426513671876,927.1993408203124,969.4265747070312,1011.1923217773438,0.012170322309908332,950.3527709960938,975.76064453125,0.020727090569788872
1536,2021-03-24,924.0374145507812,944.82861328125,959.8042602539062,941.644287109375,959.8042602539062,16822814,919.0538330078124,963.3809204101562,951.7972412109376,960.8426513671876,948.543701171875,1011.169189453125,-0.019257499018153323,949.6097534179687,976.3109832763672,0.021218352356620084
1537,2021-03-25,898.8297729492188,919.0538330078124,947.920654296875,916.0771484375,947.920654296875,22001648,920.5306396484376,944.82861328125,963.3809204101562,951.7972412109376,927.1993408203124,1006.9695434570312,-0.027279847277196234,947.9806518554688,974.7061157226562,0.021669805976644314
1538,2021-03-26,900.274169921875,920.5306396484376,929.3222045898438,910.8622436523438,928.5376586914062,20180202,936.5216064453124,919.0538330078124,944.82861328125,963.3809204101562,960.8426513671876,986.5020751953124,0.001606877189981315,939.9182495117187,971.2517883300782,0.01932768625288025
1539,2021-03-30,915.9132690429688,936.5216064453124,945.5670166015624,919.0999755859376,926.691650390625,20441701,924.4302978515624,920.5306396484376,919.0538330078124,944.82861328125,951.7972412109376,973.2570190429688,0.01737146609588347,936.8631225585938,969.9480499267578,0.01900289108324432
1540,2021-03-31,904.0879516601562,924.4302978515624,946.0285034179688,922.5381469726562,931.3067016601562,16250796,933.0834350585938,936.5216064453124,920.5306396484376,919.0538330078124,963.3809204101562,969.4265747070312,-0.012910869872660102,929.072998046875,967.6728546142579,0.019055617924237277
1541,2021-04-01,912.5507202148438,933.0834350585938,936.8446655273438,924.453369140625,931.3067016601562,11723312,919.5845947265624,924.4302978515624,936.5216064453124,920.5306396484376,944.82861328125,948.543701171875,0.009360508009248258,926.7239624023438,965.7310943603516,0.019211536819380034
1542,2021-04-05,899.3489379882812,919.5845947265624,934.5371704101562,905.5088500976562,934.5140991210938,14875099,915.754150390625,933.0834350585938,924.4302978515624,936.5216064453124,919.0538330078124,927.1993408203124,-0.014466916703095967,926.8301147460937,960.8968841552735,0.015786559908225997
1543,2021-04-06,895.602783203125,915.754150390625,925.2841186523438,908.6931762695312,924.845703125,14009194,924.31494140625,919.5845947265624,933.0834350585938,924.4302978515624,920.5306396484376,960.8426513671876,-0.004165407247906705,925.8748168945312,956.4768707275391,0.01569922061240994
1544,2021-04-07,903.9751586914062,924.31494140625,944.64404296875,919.9076538085938,922.9996948242188,24266353,925.4686889648438,915.754150390625,919.5845947265624,933.0834350585938,936.5216064453124,951.7972412109376,0.009348350768569658,923.4334838867187,952.4191345214844,0.015956059818515052
1545,2021-04-08,905.103515625,925.4686889648438,933.1526489257812,919.7691650390624,928.076171875,15369188,914.7157592773438,924.31494140625,915.754150390625,919.5845947265624,924.4302978515624,963.3809204101562,0.0012482190938496451,923.641162109375,948.1329528808594,0.01584340341458112
1546,2021-04-09,894.5872802734375,914.7157592773438,925.93017578125,913.7696533203124,922.2843627929688,14037885,881.9954223632812,925.4686889648438,924.31494140625,915.754150390625,933.0834350585938,944.82861328125,-0.011618901661089587,919.967626953125,943.3102813720703,0.015890730336265715
1547,2021-04-12,862.5869140625,881.9954223632812,905.185791015625,876.965087890625,904.0781860351562,20901482,891.525390625,914.7157592773438,925.4686889648438,924.31494140625,919.5845947265624,919.0538330078124,-0.035771043170736094,912.4497924804688,937.0615753173828,0.017322803624099582
1548,2021-04-13,871.9071655273438,891.525390625,895.5866088867188,885.0874633789062,887.9256591796875,19411189,897.2941284179688,881.9954223632812,914.7157592773438,925.4686889648438,915.754150390625,920.5306396484376,0.010805008756376022,907.6040405273437,932.3127410888671,0.017409848427651003
1549,2021-04-15,877.5489501953125,897.2941284179688,905.0011596679688,882.8491821289062,888.9871215820312,19723716,891.663818359375,891.525390625,881.9954223632812,914.7157592773438,924.31494140625,936.5216064453124,0.006470637688652525,902.1998779296875,928.5145965576172,0.017465667607302407
1550,2021-04-16,872.0425415039062,891.663818359375,899.8785400390625,889.0563354492188,893.7406005859375,15656948,877.6342163085938,897.2941284179688,891.525390625,881.9954223632812,925.4686889648438,924.4302978515624,-0.006274765297439977,895.4389038085938,924.6264587402344,0.017473679141277794
1551,2021-04-19,858.3215942382812,877.6342163085938,884.4182739257812,872.2346801757812,878.6956787109375,18478808,877.3804321289062,891.663818359375,897.2941284179688,891.525390625,914.7157592773438,933.0834350585938,-0.01573418340176136,888.0225952148437,921.0809844970703,0.0172136316096984
1552,2021-04-20,858.073486328125,877.3804321289062,885.6181640625,872.4423828125,881.6954345703125,17203668,879.8032836914062,877.6342163085938,891.663818359375,897.2941284179688,881.9954223632812,919.5845947265624,-0.0002891685111764408,887.0995971679688,918.5900390625,0.01664637135217833
1553,2021-04-22,860.4429931640625,879.8032836914062,883.5183715820312,866.0967407226562,873.2730712890625,14490954,878.8572387695312,877.3804321289062,877.6342163085938,891.663818359375,891.525390625,915.754150390625,0.002761460677463523,884.75517578125,914.5380706787109,0.01399947699020833
1554,2021-04-23,859.517822265625,878.8572387695312,885.572021484375,874.7037353515625,879.6187133789062,11828857,894.3174438476562,879.8032836914062,877.3804321289062,877.6342163085938,897.2941284179688,924.31494140625,-0.0010752914195837349,881.0677978515625,910.8910705566407,0.013963342157055296
1555,2021-04-26,874.6378173828125,894.3174438476562,905.4627075195312,882.1569213867188,886.0797119140625,20846778,917.7616577148438,878.8572387695312,879.8032836914062,877.3804321289062,891.663818359375,925.4686889648438,0.017591258734775295,881.5985229492187,907.4378967285156,0.014338962585034786
1556,2021-04-27,897.5661010742188,917.7616577148438,921.7074584960938,894.5020751953125,895.3096923828125,19992524,921.7536010742188,894.3174438476562,878.8572387695312,879.8032836914062,877.6342163085938,914.7157592773438,0.026214644507349227,889.6240112304688,906.0845489501953,0.015300764990573824
1557,2021-04-28,901.4702758789062,921.7536010742188,926.691650390625,913.8389282226562,922.0074462890624,17122437,934.0987548828124,917.7616577148438,894.3174438476562,878.8572387695312,877.3804321289062,881.9954223632812,0.004349651487200568,898.4986450195313,906.2195373535156,0.014063119293523843
1558,2021-04-29,913.543701171875,934.0987548828124,943.5364379882812,926.36865234375,933.5679931640624,17412606,920.46142578125,921.7536010742188,917.7616577148438,894.3174438476562,879.8032836914062,891.525390625,0.013393116982897135,909.3577392578125,906.8979431152344,0.014367031226834016
1559,2021-04-30,900.2064819335938,920.46142578125,939.6136474609376,917.2540283203124,926.9224243164062,19828769,904.1012573242188,934.0987548828124,921.7536010742188,917.7616577148438,878.8572387695312,897.2941284179688,-0.01459945110757932,917.6785766601563,906.0949340820313,0.014207458904174738
1560,2021-05-03,884.206298828125,904.1012573242188,913.3081665039062,896.7403564453125,907.3086547851562,23640186,884.5105590820312,920.46142578125,934.0987548828124,921.7536010742188,894.3174438476562,891.663818359375,-0.01777387731717861,919.6353393554688,905.078482055664,0.014465480664908902
1561,2021-05-04,865.0467529296875,884.5105590820312,908.139404296875,881.9262084960938,899.9246826171875,21849830,886.1258544921875,904.1012573242188,920.46142578125,934.0987548828124,917.7616577148438,877.6342163085938,-0.021668699256284896,912.9851196289062,902.6498382568359,0.014950383169186685
1562,2021-05-05,866.6265258789062,886.1258544921875,894.617431640625,880.5647583007812,887.625732421875,12393609,891.1561889648438,884.5105590820312,904.1012573242188,920.46142578125,921.7536010742188,877.3804321289062,0.0018262025179582864,905.8595703125,900.9769012451172,0.014709549698818325
1563,2021-05-06,871.5460815429688,891.1561889648438,893.002197265625,879.8955688476562,886.9334716796875,14624666,891.5023193359375,886.1258544921875,884.5105590820312,904.1012573242188,934.0987548828124,879.8032836914062,0.0056767720376909026,897.2710571289062,899.7470031738281,0.014788844219673171
1564,2021-05-07,871.8845825195312,891.5023193359375,902.5321655273438,888.8486938476562,894.2713012695312,12288548,888.9409790039062,891.1561889648438,886.1258544921875,884.5105590820312,920.46142578125,878.8572387695312,0.00038840595552147583,891.4792358398438,898.1063720703125,0.014585006878051416
1565,2021-05-10,869.3795776367188,888.9409790039062,898.4478759765625,886.5181274414062,894.8482055664062,13941237,892.1484375,891.5023193359375,891.1561889648438,886.1258544921875,904.1012573242188,894.3174438476562,-0.002873060761007462,888.4471801757812,896.2799865722657,0.014570207425485978
1566,2021-05-11,872.5164794921875,892.1484375,894.6405029296875,881.4646606445312,883.772216796875,13478264,882.9183959960938,888.9409790039062,891.5023193359375,891.1561889648438,884.5105590820312,917.7616577148438,0.003608179363817632,889.974755859375,895.1516204833985,0.014433375483621714
1567,2021-05-12,863.489501953125,882.9183959960938,892.0330200195312,880.0802001953125,890.7408447265625,13177961,894.0636596679688,892.1484375,888.9409790039062,891.5023193359375,886.1258544921875,921.7536010742188,-0.01034585850956693,889.3332641601562,895.1977691650391,0.012164841095809632
1568,2021-05-14,874.3895874023438,894.0636596679688,896.232666015625,879.6187133789062,889.7947387695312,13291616,904.7012329101562,882.9183959960938,892.1484375,888.9409790039062,891.1561889648438,934.0987548828124,0.01262320925967475,889.9147583007813,895.3246826171875,0.012255331999837613
1569,2021-05-17,884.7930297851562,904.7012329101562,906.1318359375,890.8792724609375,894.0636596679688,11873078,917.4385986328124,894.0636596679688,882.9183959960938,892.1484375,891.5023193359375,920.46142578125,0.011898004272020257,892.554541015625,895.6950378417969,0.012459563187828595
1570,2021-05-18,897.2501831054688,917.4385986328124,924.1995849609376,910.3084106445312,914.231201171875,12064918,921.6382446289062,904.7012329101562,894.0636596679688,882.9183959960938,888.9409790039062,904.1012573242188,0.014079085182280293,898.2540649414062,896.9837768554687,0.012707170307057453
1571,2021-05-19,901.3572998046876,921.6382446289062,930.5913696289062,910.0776977539062,913.7696533203124,16317002,916.2617797851562,917.4385986328124,904.7012329101562,894.0636596679688,892.1484375,884.5105590820312,0.004577577183205728,904.1520263671875,899.1839782714844,0.012051850736329731
1572,2021-05-20,896.09912109375,916.2617797851562,928.030029296875,914.231201171875,922.030517578125,11422532,924.176513671875,921.6382446289062,917.4385986328124,904.7012329101562,882.9183959960938,886.1258544921875,-0.005833595638074729,910.820703125,901.1280456542969,0.012182878703530511
1573,2021-05-21,903.8397827148438,924.176513671875,927.4300537109376,916.5386962890624,919.3076782226562,10785605,916.3771362304688,916.2617797851562,921.6382446289062,917.4385986328124,894.0636596679688,891.1561889648438,0.008638070539813025,916.8432739257812,903.3467071533203,0.012266673664734619
1574,2021-05-24,896.2120971679688,916.3771362304688,927.5223999023438,914.6926879882812,926.691650390625,8551760,905.993408203125,924.176513671875,916.2617797851562,921.6382446289062,904.7012329101562,891.5023193359375,-0.008439272504792705,919.1784545898438,905.2227020263672,0.0124892358918686
1575,2021-05-25,886.056884765625,905.993408203125,921.6151733398438,904.5396728515624,921.3382568359376,14780102,909.177734375,916.3771362304688,924.176513671875,916.2617797851562,917.4385986328124,888.9409790039062,-0.011331282303765677,916.8894165039062,905.8065002441406,0.012281954190181302
1576,2021-05-26,889.1710815429688,909.177734375,913.5389404296876,906.9856567382812,911.462158203125,7480204,911.9698486328124,905.993408203125,916.3771362304688,924.176513671875,921.6382446289062,892.1484375,0.003514734371180994,914.397314453125,905.3773040771484,0.010756072158080995
1577,2021-05-27,891.9016723632812,911.9698486328124,919.7691650390624,905.5780639648438,909.2931518554688,26819294,966.7498779296876,909.177734375,905.993408203125,916.3771362304688,916.2617797851562,882.9183959960938,0.003071032376009253,913.5389282226563,904.8881164550781,0.0107300327740945
1578,2021-05-28,945.4763793945312,966.7498779296876,971.4571533203124,918.3847045898438,918.3847045898438,56469931,996.9780883789062,911.9698486328124,909.177734375,905.993408203125,924.176513671875,894.0636596679688,0.06006780748179241,922.0536010742187,906.5206726074218,0.017094241905565667
1579,2021-05-31,975.039306640625,996.9780883789062,1011.4691772460938,962.250244140625,970.0726318359376,59124142,1000.947021484375,966.7498779296876,911.9698486328124,909.177734375,916.3771362304688,904.7012329101562,0.031267870976051215,938.1737915039063,910.3465057373047,0.01783138599954543
1580,2021-06-01,978.9210205078124,1000.947021484375,1016.22265625,990.609375,999.608642578125,28013832,1015.8765258789062,996.9780883789062,966.7498779296876,911.9698486328124,905.993408203125,917.4385986328124,0.003980963224500034,957.1645141601563,915.1887939453125,0.017071026784579085
1581,2021-06-02,993.5219116210938,1015.8765258789062,1019.6838989257812,995.4551391601562,995.4551391601562,24630162,1019.7531127929688,1000.947021484375,996.9780883789062,966.7498779296876,909.177734375,921.6382446289062,0.01491537920997188,978.5042724609375,921.7570922851562,0.015960254038257515
1582,2021-06-03,997.3131713867188,1019.7531127929688,1038.3746337890625,1013.4998168945312,1024.9910888671875,23974257,1010.9154052734376,1015.8765258789062,1000.947021484375,996.9780883789062,911.9698486328124,916.2617797851562,0.0038160020586248677,1000.0609252929687,928.4384552001953,0.015932052201021712
1583,2021-06-04,988.6700439453124,1010.9154052734376,1022.8912963867188,1008.031005859375,1022.1298217773438,14468646,1027.9447021484375,1019.7531127929688,1015.8765258789062,1000.947021484375,966.7498779296876,924.176513671875,-0.008666516834967886,1008.8940307617188,934.426416015625,0.016320653849663965
1584,2021-06-07,1005.3245849609376,1027.9447021484375,1034.6826171875,1008.3771362304688,1016.22265625,16336573,1022.0375366210938,1010.9154052734376,1019.7531127929688,1015.8765258789062,996.9780883789062,916.3771362304688,0.01684542226398622,1015.087353515625,941.24853515625,0.01641366970958242
1585,2021-06-08,999.5473022460938,1022.0375366210938,1027.829345703125,1014.4458618164062,1027.5755615234375,9674735,1003.7621459960938,1027.9447021484375,1010.9154052734376,1019.7531127929688,1000.947021484375,905.993408203125,-0.0057465790864018595,1019.3054565429687,947.9033630371093,0.016519371816364026
1586,2021-06-09,981.6741333007812,1003.7621459960938,1024.9910888671875,995.8935546875,1024.068115234375,11409161,1007.4541625976562,1022.0375366210938,1027.9447021484375,1010.9154052734376,1015.8765258789062,909.177734375,-0.017881330156834907,1016.8825805664062,953.4840484619141,0.017433857390886064
1587,2021-06-10,985.284912109375,1007.4541625976562,1029.1446533203125,1004.93896484375,1012.2537231445312,14155653,1021.3683471679688,1003.7621459960938,1022.0375366210938,1027.9447021484375,1019.7531127929688,911.9698486328124,0.003678178756082451,1014.4227905273438,959.7108367919922,0.017016624736507956
1588,2021-06-11,1002.3753051757812,1021.3683471679688,1028.2216796875,1006.1157836914062,1007.4080200195312,13762778,1036.02099609375,1007.4541625976562,1003.7621459960938,1022.0375366210938,1010.9154052734376,966.7498779296876,0.013811233390942146,1016.51337890625,966.0760711669922,0.017040249271130282
1589,2021-06-14,1016.75537109375,1036.02099609375,1042.1820068359375,1013.0151977539062,1022.22216796875,20332436,1038.3746337890625,1021.3683471679688,1007.4541625976562,1003.7621459960938,1027.9447021484375,996.9780883789062,0.01434609655410779,1018.1286376953125,972.6420593261719,0.017087424962209226
1590,2021-06-15,1019.0652465820312,1038.3746337890625,1049.865966796875,1033.8980712890625,1043.451171875,15174215,1020.6530151367188,1036.02099609375,1021.3683471679688,1007.4541625976562,1022.0375366210938,1000.947021484375,0.0022718050157155556,1021.3960571289062,978.6888610839844,0.017031505525591663
1591,2021-06-16,1001.6732177734376,1020.6530151367188,1037.01318359375,1017.9993896484376,1036.02099609375,10797349,1022.5220947265624,1038.3746337890625,1036.02099609375,1021.3683471679688,1003.7621459960938,1015.8765258789062,-0.01706669064870836,1024.7742309570312,983.639599609375,0.017819177979139376
1592,2021-06-17,1003.507568359375,1022.5220947265624,1031.4521484375,1006.0234985351562,1015.2996215820312,15745975,1027.1370849609375,1020.6530151367188,1038.3746337890625,1036.02099609375,1007.4541625976562,1019.7531127929688,0.0018312585786985913,1027.7878173828126,988.9526153564453,0.017649577902197806
1593,2021-06-18,1008.0366821289062,1027.1370849609375,1031.4521484375,1008.0771484375,1027.06787109375,29369026,1032.490478515625,1022.5220947265624,1020.6530151367188,1038.3746337890625,1021.3683471679688,1010.9154052734376,0.004513340355358553,1028.9415649414063,994.1006439208984,0.0176368720965819
1594,2021-06-21,1013.2905883789062,1032.490478515625,1037.2208251953125,1015.368896484375,1016.9149169921876,12186448,1027.1832275390625,1027.1370849609375,1022.5220947265624,1020.6530151367188,1036.02099609375,1027.9447021484375,0.005211956254983274,1028.2354614257813,999.9063110351562,0.017333002644246552
1595,2021-06-22,1008.0819702148438,1027.1832275390625,1043.451171875,1024.2296142578125,1040.2205810546875,12871913,1017.7686767578124,1032.490478515625,1027.1370849609375,1022.5220947265624,1038.3746337890625,1022.0375366210938,-0.0051402420525877845,1025.9971801757813,1005.9658020019531,0.017057988718643127
1596,2021-06-23,998.842529296875,1017.7686767578124,1038.6514892578125,1016.0841674804688,1038.3746337890625,16653951,993.8399047851562,1027.1832275390625,1032.490478515625,1027.1370849609375,1020.6530151367188,1003.7621459960938,-0.009165405478636535,1025.4203125,1011.3953491210938,0.017404258566284168
1597,2021-06-24,975.3587036132812,993.8399047851562,1022.0375366210938,987.6096801757812,1018.4609375,91461975,971.2033081054688,1017.7686767578124,1027.1832275390625,1032.490478515625,1022.5220947265624,1007.4541625976562,-0.023511012393192532,1019.6838745117187,1015.4888519287109,0.018597554896374824
1598,2021-06-25,953.1431274414062,971.2033081054688,993.8399047851562,960.4273071289062,993.8399047851562,55355022,962.6886596679688,993.8399047851562,1017.7686767578124,1027.1832275390625,1027.1370849609375,1021.3683471679688,-0.02277690458060344,1008.497119140625,1015.7115234375,0.014289226139614798
1599,2021-06-28,944.7868041992188,962.6886596679688,981.37939453125,960.3811645507812,979.3026733398438,20277042,963.5193481445312,971.2033081054688,993.8399047851562,1017.7686767578124,1032.490478515625,1036.02099609375,-0.008767112268294852,994.5367553710937,1013.9970520019531,0.012406836740622755
1600,2021-06-29,945.6019897460938,963.5193481445312,973.3031616210938,961.8118286132812,964.3038940429688,27144063,974.0646362304688,962.6886596679688,971.2033081054688,993.8399047851562,1027.1832275390625,1038.3746337890625,0.000862883828764538,981.8039794921875,1012.1256683349609,0.012351490692947614
1601,2021-06-30,955.951171875,974.0646362304688,979.6026000976562,965.0192260742188,967.4190063476562,19762858,968.20361328125,963.5193481445312,962.6886596679688,971.2033081054688,1017.7686767578124,1020.6530151367188,0.010944552495229853,973.0631713867188,1010.0350738525391,0.012097439868483616
1602,2021-07-01,950.19921875,968.20361328125,979.8333740234376,966.8421630859376,977.4566650390624,12534407,982.5562133789062,974.0646362304688,963.5193481445312,962.6886596679688,993.8399047851562,1022.5220947265624,-0.006017078057468872,967.9359130859375,1007.4575988769532,0.012047079374612791
1603,2021-07-02,964.284912109375,982.5562133789062,984.3330078125,965.8960571289062,967.76513671875,14086620,992.3169555664062,968.20361328125,974.0646362304688,963.5193481445312,971.2033081054688,1027.1370849609375,0.014823948083621863,970.206494140625,1006.0396392822265,0.01255095948096127
1604,2021-07-05,973.8641357421876,992.3169555664062,993.8629760742188,983.6868896484376,985.9713134765624,11702287,980.5948486328124,982.5562133789062,968.20361328125,974.0646362304688,962.6886596679688,1032.490478515625,0.009934029274451195,976.1321533203125,1004.258251953125,0.01211115160511319
1605,2021-07-06,962.3599853515624,980.5948486328124,991.7169799804688,978.4719848632812,989.8941040039062,10070124,973.7877197265624,992.3169555664062,982.5562133789062,968.20361328125,963.5193481445312,1027.1832275390625,-0.011812865705698838,979.5472534179687,1002.1861175537109,0.012292638632833544
1606,2021-07-07,955.679443359375,973.7877197265624,981.956298828125,968.2266845703124,981.956298828125,10454892,965.7345581054688,980.5948486328124,992.3169555664062,982.5562133789062,974.0646362304688,1017.7686767578124,-0.006941836290228154,979.4918701171875,1000.6873962402344,0.011781324743941503
1607,2021-07-08,947.7760009765624,965.7345581054688,976.9721069335938,960.3811645507812,976.9721069335938,11185460,955.8584594726562,973.7877197265624,980.5948486328124,992.3169555664062,968.20361328125,993.8399047851562,-0.008269935487946967,978.9980590820312,998.601416015625,0.011810575275673597
1608,2021-07-09,938.0835571289062,955.8584594726562,965.3192138671876,953.5048217773438,963.6116333007812,9037675,961.8118286132812,965.7345581054688,973.7877197265624,980.5948486328124,982.5562133789062,971.2033081054688,-0.010226514677270093,973.6585083007812,995.3259216308594,0.011325070556718006
1609,2021-07-12,943.9263305664062,961.8118286132812,969.8419189453124,957.3814086914062,959.8042602539062,8585292,969.01123046875,955.8584594726562,965.7345581054688,973.7877197265624,992.3169555664062,962.6886596679688,0.006228295708037734,967.5574829101563,991.6154632568359,0.010794354567415149
1610,2021-07-13,950.9917602539062,969.01123046875,970.5572509765624,963.6347045898438,969.149658203125,6717133,962.6886596679688,961.8118286132812,955.8584594726562,965.7345581054688,980.5948486328124,963.5193481445312,0.007485249859994658,965.2407592773437,988.1472930908203,0.011005857454576547
1611,2021-07-14,944.7868041992188,962.6886596679688,972.3109130859376,960.4965209960938,969.3111572265624,8532544,961.0042114257812,969.01123046875,961.8118286132812,955.8584594726562,973.7877197265624,974.0646362304688,-0.006524765247274522,963.020947265625,985.2490753173828,0.01055993092994281
1612,2021-07-15,943.1336669921876,961.0042114257812,966.8421630859376,959.2274169921876,966.8421630859376,9448356,974.8722534179688,962.6886596679688,969.01123046875,961.8118286132812,965.7345581054688,968.20361328125,-0.0017497331305101893,962.0748779296875,982.1731811523438,0.010506318855151324
1613,2021-07-16,956.7438354492188,974.8722534179688,975.956787109375,963.4270629882812,963.4962768554688,8828185,968.6651000976562,961.0042114257812,962.6886596679688,969.01123046875,955.8584594726562,982.5562133789062,0.014430781704496853,965.87763671875,979.5599395751954,0.011099141250510683
1614,2021-07-19,950.6520385742188,968.6651000976562,980.2256469726562,965.5730590820312,969.149658203125,8354449,966.288330078125,974.8722534179688,961.0042114257812,962.6886596679688,961.8118286132812,992.3169555664062,-0.006367145334734703,967.248291015625,976.3686706542969,0.010974294912502867
1615,2021-07-20,948.3194580078124,966.288330078125,972.8416748046876,961.7656860351562,968.9188842773438,6741464,978.7026977539062,968.6651000976562,974.8722534179688,961.0042114257812,969.01123046875,980.5948486328124,-0.0024536550550769975,966.7037109375,973.32392578125,0.010964806813747487
1616,2021-07-22,960.5029907226562,978.7026977539062,980.1795043945312,968.2958984375,977.9181518554688,7972397,971.7802124023438,966.288330078125,968.6651000976562,974.8722534179688,962.6886596679688,973.7877197265624,0.012847477599959856,969.9065185546875,971.3706268310547,0.011408533000628647
1617,2021-07-23,953.7092895507812,971.7802124023438,985.04833984375,970.095703125,985.04833984375,9937030,958.4659423828124,978.7026977539062,966.288330078125,968.6651000976562,961.0042114257812,965.7345581054688,-0.007073123807106452,972.06171875,970.2676422119141,0.010308211073572916
1618,2021-07-26,940.642578125,958.4659423828124,978.8411254882812,955.8123168945312,972.8416748046876,12389668,948.3821411132812,971.7802124023438,978.7026977539062,966.288330078125,974.8722534179688,955.8584594726562,-0.013700906696399007,968.7804565429688,969.6307739257812,0.00946788974996819
1619,2021-07-27,930.7462768554688,948.3821411132812,961.627197265625,942.3826904296876,958.44287109375,10824523,940.2366943359376,958.4659423828124,971.7802124023438,978.7026977539062,968.6651000976562,961.8118286132812,-0.010520771603487633,964.7238647460938,968.9154479980468,0.009555056745901513
1620,2021-07-28,922.7523803710938,940.2366943359376,949.7666625976562,930.4990234375,949.7666625976562,12897848,947.5745239257812,948.3821411132812,958.4659423828124,971.7802124023438,966.288330078125,969.01123046875,-0.008588781277325541,959.5135375976563,967.7513153076172,0.009705969612510633
1621,2021-07-29,929.9536743164062,947.5745239257812,957.3352661132812,943.0287475585938,947.920654296875,13765738,939.2906494140624,940.2366943359376,948.3821411132812,958.4659423828124,978.7026977539062,962.6886596679688,0.007804236565162048,953.2879028320312,966.4268096923828,0.009523225238205372
1622,2021-07-30,921.8238525390624,939.2906494140624,954.3585815429688,937.352294921875,949.7666625976562,11350608,956.4584350585938,947.5745239257812,940.2366943359376,948.3821411132812,971.7802124023438,961.0042114257812,-0.008742187872885165,946.789990234375,964.9811614990234,0.00961281958736034
1623,2021-08-02,938.67236328125,956.4584350585938,959.6427612304688,941.9904174804688,948.0591430664062,10925104,963.4962768554688,939.2906494140624,947.5745239257812,940.2366943359376,958.4659423828124,974.8722534179688,0.018277394388244828,946.3884887695312,963.6762725830079,0.00994616170561572
1624,2021-08-03,945.5794067382812,963.4962768554688,964.9961547851562,952.6279907226562,964.53466796875,11817299,970.8803100585938,956.4584350585938,939.2906494140624,947.5745239257812,948.3821411132812,968.6651000976562,0.0073582306756945215,949.4113159179688,962.235238647461,0.009808791455276694
1625,2021-08-04,952.826171875,970.8803100585938,975.6106567382812,963.150146484375,966.5652465820312,13169800,984.9560546875,963.4962768554688,956.4584350585938,939.2906494140624,940.2366943359376,966.288330078125,0.007663790074232679,955.5400390625,961.74951171875,0.009689510716110598
1626,2021-08-05,966.6400756835938,984.9560546875,994.4398193359376,971.1110229492188,975.7490844726562,21252078,964.0962524414062,970.8803100585938,963.4962768554688,956.4584350585938,947.5745239257812,978.7026977539062,0.014497919551027527,963.0163452148438,962.3079284667969,0.010110692475186237
1627,2021-08-06,946.168212890625,964.0962524414062,990.8170776367188,959.3427734375,982.9715576171876,16620987,958.6043701171876,984.9560546875,970.8803100585938,963.4962768554688,939.2906494140624,971.7802124023438,-0.02117840907400892,967.9774658203125,962.2260131835938,0.011074087888280062
1628,2021-08-09,940.7783813476562,958.6043701171876,964.4423828125,953.6893920898438,960.3811645507812,7494143,963.6347045898438,964.0962524414062,984.9560546875,970.8803100585938,956.4584350585938,958.4659423828124,-0.00569640459685572,968.4066528320312,962.3633087158203,0.010899434167514033
1629,2021-08-10,945.7151489257812,963.6347045898438,975.149169921875,957.0352783203124,960.8426513671876,11919198,977.1336059570312,958.6043701171876,964.0962524414062,984.9560546875,963.4962768554688,948.3821411132812,0.005247560546840724,968.4343383789062,962.4544525146484,0.010873058976443228
1630,2021-08-11,958.9630737304688,977.1336059570312,978.379638671875,961.48876953125,967.7420654296876,9184963,973.9954223632812,963.6347045898438,958.6043701171876,964.0962524414062,970.8803100585938,940.2366943359376,0.014008317989059105,969.6849975585938,962.8605712890625,0.011197634745089245
1631,2021-08-12,955.88330078125,973.9954223632812,981.240966796875,971.4571533203124,980.6409912109376,8137612,990.2171020507812,977.1336059570312,963.6347045898438,958.6043701171876,984.9560546875,947.5745239257812,-0.0032116218034240474,967.49287109375,963.4259094238281,0.011112785145021366
1632,2021-08-13,971.8032836914062,990.2171020507812,992.1785278320312,973.2800903320312,977.1336059570312,12780901,1003.0698852539062,973.9954223632812,977.1336059570312,963.6347045898438,964.0962524414062,939.2906494140624,0.01665478021256006,972.717041015625,964.8865539550782,0.011653132509923603
1633,2021-08-16,984.4171142578124,1003.0698852539062,1016.6841430664062,982.140869140625,991.9246826171876,21935444,998.801025390625,990.2171020507812,973.9954223632812,977.1336059570312,958.6043701171876,956.4584350585938,0.012979762898970737,981.6101440429687,966.296435546875,0.011573043723651436
1634,2021-08-17,980.2276000976562,998.801025390625,1008.4694213867188,991.232421875,1000.9239501953124,12658169,1002.6776123046876,1003.0698852539062,990.2171020507812,973.9954223632812,963.6347045898438,963.4962768554688,-0.004255795060780554,988.643408203125,967.8032318115235,0.011507038242072321
1635,2021-08-18,984.0321044921876,1002.6776123046876,1009.2078247070312,993.424560546875,1003.3006591796876,10075860,991.4170532226562,998.801025390625,1003.0698852539062,990.2171020507812,977.1336059570312,970.8803100585938,0.0038812404227823727,993.7522094726562,969.6226959228516,0.011476851096427711
1636,2021-08-20,972.98095703125,991.4170532226562,1002.3776245117188,986.2251586914062,988.994140625,9426282,997.9241943359376,1002.6776123046876,998.801025390625,1003.0698852539062,973.9954223632812,984.9560546875,-0.011230488188669785,997.2365356445313,970.258413696289,0.011532169228844072
1637,2021-08-23,979.3671264648438,997.9241943359376,1003.3006591796876,984.0560913085938,1003.3006591796876,9854395,1007.7772216796876,991.4170532226562,1002.6776123046876,998.801025390625,990.2171020507812,964.0962524414062,0.006563475070485714,998.7779541015625,971.5656127929688,0.011450696070722388
1638,2021-08-24,989.0369262695312,1007.7772216796876,1011.607666015625,994.8090209960938,999.1702270507812,11864472,1016.49951171875,997.9241943359376,991.4170532226562,1002.6776123046876,1003.0698852539062,958.6043701171876,0.009873522858423689,999.7194213867188,974.0311767578125,0.011020723635773349
1639,2021-08-25,997.5969848632812,1016.49951171875,1024.5296630859375,1006.1157836914062,1008.561767578125,13380559,1029.352294921875,1007.7772216796876,997.9241943359376,991.4170532226562,998.801025390625,963.6347045898438,0.008654978353772158,1003.2591186523438,977.437045288086,0.010649860672234885
1640,2021-08-26,1010.2108154296876,1029.352294921875,1036.02099609375,1017.6071166992188,1018.9916381835938,18589616,1027.9447021484375,1016.49951171875,1007.7772216796876,997.9241943359376,1002.6776123046876,977.1336059570312,0.012644160725068021,1008.5940551757812,981.8928253173829,0.010434542811142287
1641,2021-08-27,1008.829345703125,1027.9447021484375,1035.02880859375,1022.7067260742188,1032.3751220703125,10480636,1047.719970703125,1029.352294921875,1016.49951171875,1007.7772216796876,991.4170532226562,973.9954223632812,-0.0013674548358045824,1015.8995849609375,985.9113342285157,0.010487242544230868
1642,2021-08-30,1028.2369384765625,1047.719970703125,1050.304443359375,1032.2828369140625,1038.3746337890625,14027062,1042.1358642578125,1027.9447021484375,1029.352294921875,1016.49951171875,997.9241943359376,990.2171020507812,0.019237677389996266,1025.858740234375,991.3328002929687,0.010545650645600771
1643,2021-08-31,1022.7566528320312,1042.1358642578125,1053.9501953125,1034.7979736328125,1050.7889404296875,26485463,1046.2662353515625,1047.719970703125,1027.9447021484375,1029.352294921875,1007.7772216796876,1003.0698852539062,-0.005329769978103083,1032.73046875,995.6166717529297,0.010363356649065944
1644,2021-09-01,1026.8101806640625,1046.2662353515625,1058.1729736328125,1044.3741455078125,1048.9891357421875,11145486,1058.865234375,1042.1358642578125,1047.719970703125,1027.9447021484375,1016.49951171875,998.801025390625,0.003963371030025531,1038.6838134765626,999.7551696777343,0.010339261654047138
1645,2021-09-02,1039.1749267578125,1058.865234375,1065.04931640625,1040.68212890625,1040.68212890625,9956770,1102.2923583984375,1046.2662353515625,1042.1358642578125,1047.719970703125,1029.352294921875,1002.6776123046876,0.012041867163192999,1044.5864013671876,1004.1544158935546,0.010462514075684836
1646,2021-09-03,1081.79443359375,1102.2923583984375,1105.2921142578125,1062.6033935546875,1066.0645751953125,30664428,1119.4140625,1058.865234375,1046.2662353515625,1042.1358642578125,1027.9447021484375,991.4170532226562,0.041012890605545804,1059.4559326171875,1010.0212310791015,0.013145461316488137
1647,2021-09-06,1098.5977783203125,1119.4140625,1144.5196533203125,1113.1375732421875,1113.59912109375,33641710,1126.4749755859375,1102.2923583984375,1058.865234375,1046.2662353515625,1047.719970703125,997.9241943359376,0.015532815746304607,1073.7947509765625,1017.7871215820312,0.011671596896855234
1648,2021-09-07,1105.5274658203125,1126.4749755859375,1134.3665771484375,1113.1375732421875,1121.444580078125,17349882,1122.067626953125,1119.4140625,1102.2923583984375,1058.865234375,1042.1358642578125,1007.7772216796876,0.006307686603622242,1090.6625732421876,1026.1806518554688,0.011255226992034507
1649,2021-09-08,1101.201904296875,1122.067626953125,1132.5206298828125,1110.6685791015625,1131.59765625,14301651,1119.4140625,1126.4749755859375,1119.4140625,1102.2923583984375,1046.2662353515625,1016.49951171875,-0.0039125135740543104,1105.8228515625,1034.1022979736329,0.011562185903375382
1650,2021-09-09,1098.5977783203125,1119.4140625,1125.0673828125,1115.02978515625,1120.4754638671875,8963249,1094.469970703125,1122.067626953125,1126.4749755859375,1119.4140625,1058.865234375,1029.352294921875,-0.002364888166616619,1117.9326171875,1041.2163208007812,0.01167133643478426
1651,2021-09-13,1074.117431640625,1094.469970703125,1122.8291015625,1092.854736328125,1122.8291015625,16311160,1093.039306640625,1119.4140625,1122.067626953125,1126.4749755859375,1102.2923583984375,1027.9447021484375,-0.02228316816135678,1116.3681396484376,1047.2400482177734,0.013216396333127345
1652,2021-09-14,1072.71337890625,1093.039306640625,1104.83056640625,1091.9085693359375,1096.0621337890625,8908356,1097.5850830078125,1094.469970703125,1119.4140625,1122.067626953125,1119.4140625,1047.719970703125,-0.00130717525450319,1111.0931884765625,1052.3811584472655,0.01305861515933629
1653,2021-09-15,1077.1746826171875,1097.5850830078125,1105.63818359375,1093.0623779296875,1093.0623779296875,9071075,1120.6138916015625,1093.039306640625,1094.469970703125,1119.4140625,1126.4749755859375,1042.1358642578125,0.004158840711006695,1105.3152099609374,1057.106918334961,0.012924330672094028
1654,2021-09-16,1099.775146484375,1120.6138916015625,1124.5596923828125,1092.3701171875,1099.0849609375,13448882,1103.2384033203125,1097.5850830078125,1093.039306640625,1094.469970703125,1122.067626953125,1046.2662353515625,0.020981342540336012,1105.024462890625,1063.197561645508,0.013243184581410397
1655,2021-09-17,1082.722900390625,1103.2384033203125,1133.3743896484375,1096.3389892578125,1128.82861328125,34882133,1104.9921875,1120.6138916015625,1097.5850830078125,1093.039306640625,1119.4140625,1058.865234375,-0.015505330079763069,1101.7893310546874,1068.225601196289,0.014078262847112086
1656,2021-09-20,1084.444091796875,1104.9921875,1116.068115234375,1093.754638671875,1094.7237548828125,11779819,1109.7686767578125,1103.2384033203125,1120.6138916015625,1097.5850830078125,1094.469970703125,1102.2923583984375,0.0015896692631522935,1103.8937744140626,1073.9043579101562,0.013589316111434924
1657,2021-09-21,1089.1318359375,1109.7686767578125,1115.260498046875,1100.215576171875,1109.9071044921875,9915736,1121.6754150390625,1104.9921875,1103.2384033203125,1120.6138916015625,1093.039306640625,1119.4140625,0.0043226452746414346,1107.2396484375,1079.49658203125,0.013589537582754546
1658,2021-09-22,1100.8170166015625,1121.6754150390625,1126.9825439453125,1106.7919921875,1111.2916259765625,10995912,1149.0885009765625,1109.7686767578125,1104.9921875,1103.2384033203125,1097.5850830078125,1126.4749755859375,0.01072902716630586,1112.05771484375,1085.1914916992187,0.013605655063425167
1659,2021-09-23,1127.720458984375,1149.0885009765625,1152.3651123046875,1128.597900390625,1129.4747314453125,15748397,1145.765625,1121.6754150390625,1109.7686767578125,1104.9921875,1120.6138916015625,1122.067626953125,0.02443941051925913,1117.75263671875,1091.8209411621094,0.014243859579250527
1660,2021-09-24,1124.459228515625,1145.765625,1156.2647705078125,1140.82763671875,1155.387939453125,15192163,1165.033203125,1149.0885009765625,1121.6754150390625,1109.7686767578125,1103.2384033203125,1119.4140625,-0.0028917493941837957,1126.2580810546874,1097.6416076660157,0.014300003800558106
1661,2021-09-27,1143.3685302734375,1165.033203125,1167.5484619140625,1142.3505859375,1147.7501220703125,15373834,1175.9246826171875,1145.765625,1149.0885009765625,1121.6754150390625,1104.9921875,1094.469970703125,0.016816334601590155,1138.2662841796875,1104.4960327148438,0.014420105753353799
1662,2021-09-28,1154.0574951171875,1175.9246826171875,1183.700927734375,1159.65673828125,1169.4405517578125,18035258,1166.6024169921875,1165.033203125,1145.765625,1149.0885009765625,1109.7686767578125,1093.039306640625,0.009348642994013279,1151.4974853515625,1110.906268310547,0.014122383377928684
1663,2021-09-29,1144.90869140625,1166.6024169921875,1186.0545654296875,1163.002685546875,1186.0545654296875,9719875,1162.6334228515625,1175.9246826171875,1165.033203125,1145.765625,1121.6754150390625,1097.5850830078125,-0.007927604346438244,1160.4828857421876,1117.1295959472657,0.014242373890922389
1664,2021-09-30,1141.013427734375,1162.6334228515625,1169.717529296875,1153.9111328125,1165.287109375,13590654,1164.6871337890625,1166.6024169921875,1175.9246826171875,1165.033203125,1149.0885009765625,1120.6138916015625,-0.003402182339770965,1163.1918701171876,1122.9479553222657,0.014385583577371583
1665,2021-10-01,1143.02880859375,1164.6871337890625,1172.1173095703125,1151.442138671875,1154.6495361328125,8958928,1179.662841796875,1162.6334228515625,1166.6024169921875,1175.9246826171875,1145.765625,1103.2384033203125,0.0017664303271645032,1166.976171875,1128.2390502929688,0.014318634178554787
1666,2021-10-04,1157.72607421875,1179.662841796875,1188.2928466796875,1170.84814453125,1178.2091064453125,10918552,1204.1453857421875,1164.6871337890625,1162.6334228515625,1166.6024169921875,1165.033203125,1104.9921875,0.012858138098505556,1169.902099609375,1132.1075744628906,0.011727926717724976
1667,2021-10-05,1181.75341796875,1204.1453857421875,1205.4376220703125,1175.6015625,1179.17822265625,13533634,1181.370361328125,1179.662841796875,1164.6871337890625,1162.6334228515625,1175.9246826171875,1109.7686767578125,0.02075384853863871,1175.546240234375,1136.344140625,0.012064024297167006
1668,2021-10-06,1159.40185546875,1181.370361328125,1209.1064453125,1177.332275390625,1209.1064453125,10258881,1187.1622314453125,1204.1453857421875,1179.662841796875,1164.6871337890625,1166.6024169921875,1121.6754150390625,-0.018913849343885403,1178.4998291015625,1139.0889099121093,0.013057074934596395
1669,2021-10-07,1165.0860595703125,1187.1622314453125,1199.32275390625,1184.9931640625,1197.592041015625,6336665,1232.781494140625,1181.370361328125,1204.1453857421875,1179.662841796875,1162.6334228515625,1149.0885009765625,0.004902670920807761,1183.4055908203125,1142.3436401367187,0.012979092497903565
1670,2021-10-08,1209.8570556640625,1232.781494140625,1238.8502197265625,1191.36181640625,1193.0924072265625,15772493,1224.197509765625,1187.1622314453125,1181.370361328125,1204.1453857421875,1164.6871337890625,1145.765625,0.03842715130835428,1197.024462890625,1148.01201171875,0.015133876368048953
1671,2021-10-11,1201.4326171875,1224.197509765625,1255.279541015625,1220.82861328125,1246.6956787109375,14768666,1231.189208984375,1232.781494140625,1187.1622314453125,1181.370361328125,1179.662841796875,1165.033203125,-0.006963102882221572,1205.931396484375,1154.498388671875,0.014030795375671127
1672,2021-10-12,1208.29443359375,1231.189208984375,1238.2041015625,1218.9364013671875,1220.6671142578125,6682011,1243.718994140625,1224.197509765625,1232.781494140625,1187.1622314453125,1204.1453857421875,1175.9246826171875,0.005711250972964876,1211.3401611328125,1161.4058837890625,0.013933506220388187
1673,2021-10-13,1220.591064453125,1243.718994140625,1255.048828125,1231.8814697265625,1236.3580322265625,9959762,1246.234130859375,1231.189208984375,1224.197509765625,1232.781494140625,1181.370361328125,1166.6024169921875,0.010176977725938618,1223.8098876953125,1168.712579345703,0.01395525285518498
1674,2021-10-14,1223.0595703125,1246.234130859375,1254.102783203125,1240.142333984375,1246.2110595703125,8623469,1249.5570068359375,1243.718994140625,1231.189208984375,1224.197509765625,1187.1622314453125,1162.6334228515625,0.002022270891253841,1235.624267578125,1174.9935913085938,0.01354782924904835
1675,2021-10-18,1226.3206787109375,1249.5570068359375,1266.8170166015625,1228.6510009765625,1231.5584716796875,13594479,1260.748291015625,1246.234130859375,1243.718994140625,1231.189208984375,1232.781494140625,1164.6871337890625,0.002666333632084905,1238.9793701171875,1182.309521484375,0.012650745480473465
1676,2021-10-19,1237.3038330078125,1260.748291015625,1269.74755859375,1249.7415771484375,1257.033203125,8833409,1246.234130859375,1249.5570068359375,1246.234130859375,1243.718994140625,1224.197509765625,1179.662841796875,0.008956201372537276,1246.2895263671876,1190.0973266601563,0.012612905458287763
1677,2021-10-20,1223.0595703125,1246.234130859375,1265.7786865234375,1242.1268310546875,1265.7786865234375,12710570,1210.2833251953125,1260.748291015625,1249.5570068359375,1246.234130859375,1231.189208984375,1204.1453857421875,-0.011512337759790103,1249.2985107421875,1196.9205993652345,0.013250231115635999
1678,2021-10-21,1187.7772216796875,1210.2833251953125,1258.9715576171875,1201.3763427734375,1258.6947021484375,20831669,1212.544677734375,1246.234130859375,1260.748291015625,1249.5570068359375,1243.718994140625,1181.370361328125,-0.028847553420216165,1242.611376953125,1201.3509948730468,0.01528917492633354
1679,2021-10-22,1189.99658203125,1212.544677734375,1229.8509521484375,1205.206787109375,1209.1295166015625,11027475,1200.730224609375,1210.2833251953125,1246.234130859375,1260.748291015625,1246.234130859375,1187.1622314453125,0.0018684488929050502,1235.873486328125,1204.5238037109375,0.014507856423828555
1680,2021-10-25,1178.4017333984375,1200.730224609375,1236.819580078125,1186.0545654296875,1236.819580078125,17198417,1228.0740966796875,1212.544677734375,1210.2833251953125,1246.234130859375,1249.5570068359375,1232.781494140625,-0.009743519840502035,1226.1081298828126,1207.2720336914062,0.01472833064897712
1681,2021-10-26,1205.2371826171875,1228.0740966796875,1231.6968994140625,1201.353271484375,1207.791259765625,9750178,1212.544677734375,1200.730224609375,1212.544677734375,1210.2833251953125,1260.748291015625,1224.197509765625,0.02277270240216378,1219.573291015625,1210.4240783691407,0.015089938461558192
1682,2021-10-27,1189.99658203125,1212.544677734375,1235.3427734375,1209.1064453125,1223.8975830078125,9896298,1199.25341796875,1228.0740966796875,1200.730224609375,1212.544677734375,1246.234130859375,1231.189208984375,-0.012645343621609628,1212.835400390625,1212.255078125,0.015382033989920142
1683,2021-10-28,1176.9522705078125,1199.25341796875,1217.4134521484375,1195.515380859375,1209.1295166015625,9886181,1170.47900390625,1212.544677734375,1228.0740966796875,1200.730224609375,1210.2833251953125,1243.718994140625,-0.010961459820564734,1210.6294189453124,1213.887628173828,0.015495956103368451
1684,2021-10-29,1148.713134765625,1170.47900390625,1198.122802734375,1154.5341796875,1198.122802734375,14233025,1171.1943359375,1199.25341796875,1212.544677734375,1228.0740966796875,1212.544677734375,1246.234130859375,-0.023993606048033578,1202.2162841796876,1214.2799072265625,0.01649057227485183
1685,2021-11-01,1149.4151611328125,1171.1943359375,1179.5936279296875,1151.0267333984375,1170.47900390625,15481114,1154.1187744140625,1170.47900390625,1199.25341796875,1212.544677734375,1200.730224609375,1249.5570068359375,0.0006111446927818953,1196.3091064453124,1214.6052673339843,0.016487797081020505
1686,2021-11-02,1132.6571044921875,1154.1187744140625,1175.901611328125,1151.5574951171875,1174.51708984375,10569130,1146.1810302734375,1171.1943359375,1170.47900390625,1199.25341796875,1228.0740966796875,1260.748291015625,-0.014579614159224152,1181.5180419921876,1213.3280639648438,0.016538703124078697
1687,2021-11-03,1124.866943359375,1146.1810302734375,1162.9796142578125,1135.7510986328125,1156.5416259765625,11989430,1153.2188720703125,1154.1187744140625,1171.1943359375,1170.47900390625,1212.544677734375,1246.234130859375,-0.0068777532404799,1168.2453125,1210.4298461914063,0.015764961349734104
1688,2021-11-04,1131.77392578125,1153.2188720703125,1156.010986328125,1149.1346435546875,1150.4959716796875,1705656,1154.6495361328125,1146.1810302734375,1154.1187744140625,1171.1943359375,1199.25341796875,1210.2833251953125,0.006140253250567218,1159.0384033203125,1209.0222717285155,0.015369640383421026
1689,2021-11-08,1133.1781005859375,1154.6495361328125,1162.9796142578125,1133.628173828125,1162.70263671875,20337183,1163.76416015625,1153.2188720703125,1146.1810302734375,1154.1187744140625,1170.47900390625,1212.544677734375,0.0012405832900841407,1155.872509765625,1207.3966369628906,0.015316167598192201
1690,2021-11-09,1142.1231689453125,1163.76416015625,1167.0869140625,1147.773193359375,1156.05712890625,15682497,1176.7784423828125,1154.6495361328125,1153.2188720703125,1146.1810302734375,1171.1943359375,1200.730224609375,0.007893844615366463,1154.386474609375,1203.9457702636719,0.012393149617411638
1691,2021-11-10,1154.8953857421875,1176.7784423828125,1180.5166015625,1155.43408203125,1161.4566650390625,10253470,1178.9244384765625,1163.76416015625,1154.6495361328125,1153.2188720703125,1154.1187744140625,1228.0740966796875,0.011182920622693215,1158.918408203125,1201.5748168945313,0.01273217302194565
1692,2021-11-11,1157.00146484375,1178.9244384765625,1186.2852783203125,1170.1558837890625,1172.232666015625,10722478,1196.7152099609375,1176.7784423828125,1163.76416015625,1154.6495361328125,1146.1810302734375,1212.544677734375,0.0018236194821896756,1165.46708984375,1198.9615783691406,0.012639259353985504
1693,2021-11-12,1174.4615478515625,1196.7152099609375,1199.32275390625,1180.0550537109375,1182.7779541015625,8712341,1189.654296875,1178.9244384765625,1176.7784423828125,1163.76416015625,1153.2188720703125,1199.25341796875,0.015090680033204462,1174.166357421875,1196.6113891601562,0.01293457088662513
1694,2021-11-15,1167.53173828125,1189.654296875,1200.9149169921875,1186.0545654296875,1199.8995361328125,4803269,1162.010498046875,1196.7152099609375,1178.9244384765625,1176.7784423828125,1154.6495361328125,1170.47900390625,-0.00590024512696552,1181.1673095703125,1193.7823974609375,0.01293122793849731
1695,2021-11-16,1140.402099609375,1162.010498046875,1188.362060546875,1151.442138671875,1187.0006103515625,11337581,1137.1356201171875,1189.654296875,1196.7152099609375,1178.9244384765625,1163.76416015625,1171.1943359375,-0.023236833507633392,1180.8165771484375,1189.4050720214843,0.013688882520602179
1696,2021-11-17,1115.9898681640625,1137.1356201171875,1153.2650146484375,1135.7510986328125,1153.2650146484375,10202029,1141.427490234375,1162.010498046875,1189.654296875,1196.7152099609375,1176.7784423828125,1154.1187744140625,-0.021406758348136767,1172.8880126953125,1183.2244384765625,0.01391240360058347
1697,2021-11-18,1120.201904296875,1141.427490234375,1148.673095703125,1130.6976318359375,1135.28955078125,8505625,1090.8702392578125,1137.1356201171875,1162.010498046875,1189.654296875,1178.9244384765625,1146.1810302734375,0.0037742816610961682,1165.388623046875,1177.9841064453126,0.013958755343218785
1698,2021-11-22,1070.5848388671875,1090.8702392578125,1130.213134765625,1084.986083984375,1124.259765625,24124307,1101.0693359375,1141.427490234375,1137.1356201171875,1162.010498046875,1196.7152099609375,1153.2188720703125,-0.04429300276111392,1144.21962890625,1172.0134521484374,0.015706749830075663
1699,2021-11-23,1080.59423828125,1101.0693359375,1108.176513671875,1065.6031494140625,1076.7021484375,25326999,1085.1707763671875,1090.8702392578125,1141.427490234375,1137.1356201171875,1189.654296875,1154.6495361328125,0.009349504929776709,1126.50263671875,1166.4396850585938,0.015967400343029025
1700,2021-11-24,1064.9912109375,1085.1707763671875,1112.16845703125,1081.5479736328125,1098.36962890625,16820296,1150.4959716796875,1101.0693359375,1090.8702392578125,1141.427490234375,1162.010498046875,1163.76416015625,-0.014439199286914839,1111.1346923828125,1160.6617126464844,0.016079777089434876
1701,2021-11-25,1129.1016845703125,1150.4959716796875,1154.672607421875,1087.8243408203125,1095.13916015625,42401936,1113.41455078125,1085.1707763671875,1101.0693359375,1090.8702392578125,1137.1356201171875,1176.7784423828125,0.060198078251967324,1113.8067626953125,1156.7828063964844,0.02092124826852617
1702,2021-11-26,1092.709716796875,1113.41455078125,1143.4119873046875,1108.2918701171875,1138.8892822265625,15763138,1126.7518310546875,1150.4959716796875,1085.1707763671875,1101.0693359375,1141.427490234375,1178.9244384765625,-0.03223081332853328,1108.2041748046875,1151.8263000488282,0.021832480700589272
1703,2021-11-29,1105.7989501953125,1126.7518310546875,1153.7496337890625,1107.1842041015625,1125.644287109375,24325354,1110.0916748046875,1113.41455078125,1150.4959716796875,1085.1707763671875,1090.8702392578125,1196.7152099609375,0.01197871921476068,1115.3804931640625,1148.201220703125,0.022050708782352747
1704,2021-11-30,1089.44873046875,1110.0916748046875,1142.62744140625,1102.453857421875,1138.9815673828125,32172299,1138.5201416015625,1126.7518310546875,1113.41455078125,1150.4959716796875,1101.0693359375,1189.654296875,-0.014786003262497793,1117.1849609375,1145.1818542480469,0.02167977382707776
1705,2021-12-01,1117.3486328125,1138.5201416015625,1141.7506103515625,1119.1832275390625,1122.8291015625,10104610,1145.8348388671875,1110.0916748046875,1126.7518310546875,1113.41455078125,1085.1707763671875,1162.010498046875,0.025609116293820344,1127.854833984375,1143.54814453125,0.022566398323336373
1706,2021-12-02,1124.52734375,1145.8348388671875,1151.995849609375,1136.0279541015625,1139.76611328125,12720411,1111.406982421875,1138.5201416015625,1110.0916748046875,1126.7518310546875,1150.4959716796875,1137.1356201171875,0.006424741204257733,1126.922607421875,1143.1339477539063,0.022397781448037914
1707,2021-12-03,1090.73974609375,1111.406982421875,1153.057373046875,1107.599609375,1153.01123046875,19222481,1090.3394775390625,1145.8348388671875,1138.5201416015625,1110.0916748046875,1113.41455078125,1141.427490234375,-0.030046089783191676,1126.52109375,1141.395245361328,0.023344635130752606
1708,2021-12-06,1070.06396484375,1090.3394775390625,1119.1370849609375,1087.8243408203125,1114.983642578125,10332254,1099.223388671875,1111.406982421875,1145.8348388671875,1138.5201416015625,1126.7518310546875,1090.8702392578125,-0.01895570678969838,1119.238623046875,1138.2512756347655,0.023597798816643506
1709,2021-12-07,1078.7825927734375,1099.223388671875,1109.445556640625,1089.1396484375,1096.5928955078125,11235122,1115.9527587890625,1090.3394775390625,1111.406982421875,1145.8348388671875,1110.0916748046875,1101.0693359375,0.008147839563567683,1117.0649658203124,1135.4799682617188,0.023706282003589714
1710,2021-12-08,1095.2008056640625,1115.9527587890625,1122.2752685546875,1110.507080078125,1118.7218017578125,8744178,1133.6512451171875,1099.223388671875,1090.3394775390625,1111.406982421875,1138.5201416015625,1085.1707763671875,0.015219263244935721,1112.5514892578126,1133.0893981933593,0.023925871668236152
1711,2021-12-09,1112.5701904296875,1133.6512451171875,1142.1658935546875,1119.1370849609375,1123.7520751953125,13213547,1134.8050537109375,1115.9527587890625,1099.223388671875,1090.3394775390625,1145.8348388671875,1150.4959716796875,0.01585953006409513,1110.1147705078124,1130.933038330078,0.024082031425848763
1712,2021-12-10,1113.7025146484375,1134.8050537109375,1138.05859375,1121.6060791015625,1126.1749267578125,8364414,1112.0531005859375,1133.6512451171875,1115.9527587890625,1099.223388671875,1111.406982421875,1113.41455078125,0.0010177809081228784,1114.794384765625,1128.727069091797,0.024076691300164765
1713,2021-12-13,1091.3736572265625,1112.0531005859375,1141.7967529296875,1109.445556640625,1141.5198974609375,12901733,1098.4388427734375,1134.8050537109375,1133.6512451171875,1115.9527587890625,1090.3394775390625,1126.7518310546875,-0.02004921730882203,1119.137109375,1124.493963623047,0.02407434948705897
1714,2021-12-14,1078.0125732421875,1098.4388427734375,1110.36865234375,1095.32373046875,1098.36962890625,12991523,1095.2314453125,1112.0531005859375,1134.8050537109375,1133.6512451171875,1099.223388671875,1110.0916748046875,-0.01224245299556892,1118.9802001953126,1119.9331909179687,0.02415082799433529
1715,2021-12-15,1074.8648681640625,1095.2314453125,1109.9071044921875,1089.647216796875,1100.215576171875,9366969,1109.3994140625,1098.4388427734375,1112.0531005859375,1134.8050537109375,1115.9527587890625,1138.5201416015625,-0.002919959979600817,1114.8359375,1116.59423828125,0.023709299792666352
1716,2021-12-16,1088.769287109375,1109.3994140625,1114.7528076171875,1093.131591796875,1110.2301025390625,9761279,1080.1173095703125,1095.2314453125,1098.4388427734375,1112.0531005859375,1133.6512451171875,1145.8348388671875,0.012936050010833533,1109.9855712890626,1115.2074279785156,0.02352528187890457
1717,2021-12-17,1060.03173828125,1080.1173095703125,1111.2916259765625,1070.6795654296875,1106.69970703125,21049821,1050.9967041015625,1109.3994140625,1095.2314453125,1098.4388427734375,1134.8050537109375,1111.406982421875,-0.026394555577562095,1099.0480224609375,1112.1419189453125,0.02416346450398948
1718,2021-12-20,1031.45263671875,1050.9967041015625,1069.6873779296875,1037.0362548828125,1069.6873779296875,14325846,1066.6414794921875,1080.1173095703125,1109.3994140625,1095.2314453125,1112.0531005859375,1090.3394775390625,-0.026960595123074804,1086.8367431640625,1110.1482421875,0.022860638921153097
1719,2021-12-21,1046.8065185546875,1066.6414794921875,1082.6785888671875,1057.8499755859375,1066.6876220703125,12836561,1091.9547119140625,1050.9967041015625,1080.1173095703125,1109.3994140625,1098.4388427734375,1099.223388671875,0.014885655996418112,1080.4772705078126,1108.4268493652344,0.02303324528945511
1720,2021-12-22,1071.6490478515625,1091.9547119140625,1094.6314697265625,1071.6026611328125,1072.94091796875,17658543,1091.5625,1066.6414794921875,1050.9967041015625,1080.1173095703125,1095.2314453125,1115.9527587890625,0.02373171577194455,1079.821923828125,1108.766046142578,0.023467815781827626
1721,2021-12-23,1071.2640380859375,1091.5625,1098.36962890625,1088.23974609375,1095.6005859375,9072401,1095.046875,1091.9547119140625,1066.6414794921875,1050.9967041015625,1109.3994140625,1133.6512451171875,-0.00035918331573936424,1076.254541015625,1105.8193725585938,0.018815119351955126
1722,2021-12-24,1074.6837158203125,1095.046875,1103.9075927734375,1078.7789306640625,1093.754638671875,7886494,1093.8699951171875,1091.5625,1091.9547119140625,1066.6414794921875,1080.1173095703125,1134.8050537109375,0.0031920984826796506,1079.2404541015626,1104.9009887695313,0.017485088623457132
1723,2021-12-27,1073.5286865234375,1093.8699951171875,1097.4466552734375,1083.6478271484375,1089.85498046875,4017223,1106.8612060546875,1095.046875,1091.5625,1091.9547119140625,1050.9967041015625,1112.0531005859375,-0.0010747301414038013,1087.8151123046875,1103.2568969726562,0.017229237616266935
1724,2021-12-28,1086.2784423828125,1106.8612060546875,1109.837890625,1095.1622314453125,1096.3389892578125,6374613,1108.75341796875,1093.8699951171875,1095.046875,1091.5625,1066.6414794921875,1098.4388427734375,0.011876375616380441,1095.8590576171875,1103.0953735351563,0.01716533424535556
1725,2021-12-29,1088.1353759765625,1108.75341796875,1116.3681640625,1099.3387451171875,1103.4461669921875,15425312,1088.7242431640625,1106.8612060546875,1093.8699951171875,1095.046875,1091.9547119140625,1095.2314453125,0.0017095295270190825,1099.218798828125,1101.6070373535156,0.01608630814833661
1726,2021-12-30,1068.478759765625,1088.7242431640625,1109.884033203125,1082.4940185546875,1107.599609375,29333171,1092.90087890625,1108.75341796875,1106.8612060546875,1093.8699951171875,1091.5625,1109.3994140625,-0.018064589006075993,1098.6511474609374,1098.7515075683593,0.016404273395793437
1727,2021-12-31,1072.57763671875,1092.90087890625,1100.16943359375,1089.1396484375,1095.13916015625,9477290,1109.3763427734375,1088.7242431640625,1108.75341796875,1106.8612060546875,1095.046875,1080.1173095703125,0.003836265949263007,1098.2219482421874,1097.8262023925781,0.015099236645216455
1728,2022-01-03,1088.7467041015625,1109.3763427734375,1111.2685546875,1090.7779541015625,1091.4471435546875,5421611,1134.4127197265625,1092.90087890625,1088.7242431640625,1108.75341796875,1093.8699951171875,1050.9967041015625,0.015074984552739812,1101.3232177734376,1098.7780456542969,0.014852784579933187
1729,2022-01-04,1113.3175048828125,1134.4127197265625,1135.7510986328125,1109.445556640625,1114.9375,10847728,1139.719970703125,1109.3763427734375,1092.90087890625,1088.7242431640625,1106.8612060546875,1066.6414794921875,0.022567974444573258,1106.8335205078124,1100.5375122070313,0.015553002156795625
1730,2022-01-05,1118.5260009765625,1139.719970703125,1143.1351318359375,1122.8060302734375,1136.212646484375,11643813,1115.21435546875,1134.4127197265625,1109.3763427734375,1092.90087890625,1108.75341796875,1091.9547119140625,0.004678412789519637,1113.0268310546876,1101.7258728027343,0.0152460521651702
1731,2022-01-06,1094.47607421875,1115.21435546875,1132.5206298828125,1111.7530517578125,1131.2283935546875,14447422,1124.213623046875,1139.719970703125,1134.4127197265625,1109.3763427734375,1088.7242431640625,1091.5625,-0.021501435321219176,1118.324853515625,1100.8040283203125,0.0156347287023262
1732,2022-01-07,1103.30810546875,1124.213623046875,1134.3896484375,1112.929931640625,1121.883056640625,13112115,1125.1365966796875,1115.21435546875,1139.719970703125,1134.4127197265625,1092.90087890625,1095.046875,0.008069540652875018,1124.58740234375,1100.2744567871093,0.015754631764666384
1733,2022-01-10,1104.2138671875,1125.1365966796875,1133.9051513671875,1115.0067138671875,1131.59765625,9246731,1133.2359619140625,1124.213623046875,1115.21435546875,1139.719970703125,1109.3763427734375,1093.8699951171875,0.0008209948837936132,1127.739453125,1100.9286315917968,0.015056928346635414
1734,2022-01-11,1112.16259765625,1133.2359619140625,1142.18896484375,1123.7520751953125,1124.213623046875,16205164,1163.4871826171875,1125.1365966796875,1124.213623046875,1115.21435546875,1134.4127197265625,1106.8612060546875,0.007198561719773844,1127.5041015625,1102.6684875488281,0.014803280917819059
1735,2022-01-12,1141.851318359375,1163.4871826171875,1165.2640380859375,1137.5970458984375,1140.5045166015625,14800442,1170.04052734375,1133.2359619140625,1125.1365966796875,1124.213623046875,1139.719970703125,1108.75341796875,0.02669454704916885,1132.2575439453126,1106.0812744140626,0.015770060896676867
1736,2022-01-13,1148.2828369140625,1170.04052734375,1172.671142578125,1157.626220703125,1163.5565185546875,11856712,1171.748046875,1163.4871826171875,1133.2359619140625,1125.1365966796875,1115.21435546875,1088.7242431640625,0.005632502724973065,1143.2227783203125,1109.113330078125,0.015615226004818173
1737,2022-01-14,1149.958740234375,1171.748046875,1184.8084716796875,1165.6793212890625,1169.902099609375,19930176,1177.8629150390625,1170.04052734375,1163.4871826171875,1133.2359619140625,1124.213623046875,1092.90087890625,0.0014593678520917752,1152.7296630859375,1113.6948669433593,0.014038721843363524
1738,2022-01-17,1155.9595947265625,1177.8629150390625,1183.7470703125,1170.8250732421875,1171.28662109375,8036453,1163.810302734375,1171.748046875,1170.04052734375,1163.4871826171875,1125.1365966796875,1109.3763427734375,0.00521858618016946,1163.2749267578124,1120.0381774902344,0.011975018516678319
1739,2022-01-18,1142.1683349609375,1163.810302734375,1182.5240478515625,1161.0181884765625,1179.0167236328125,6215029,1163.718017578125,1177.8629150390625,1171.748046875,1170.04052734375,1133.2359619140625,1134.4127197265625,-0.011930600857928741,1169.389794921875,1124.8966186523437,0.012395974814708374
1740,2022-01-19,1142.077880859375,1163.718017578125,1173.132568359375,1157.903076171875,1167.5946044921875,9755485,1143.3427734375,1163.810302734375,1177.8629150390625,1171.748046875,1163.4871826171875,1139.719970703125,-7.929570311693279e-05,1169.4359619140625,1128.4847839355468,0.01156110262900918
1741,2022-01-20,1122.0816650390625,1143.3427734375,1158.341552734375,1132.9820556640625,1153.772705078125,16494486,1143.52734375,1163.718017578125,1163.810302734375,1177.8629150390625,1170.04052734375,1115.21435546875,-0.017508746820839804,1164.0964111328126,1131.073797607422,0.012445144723107981
1742,2022-01-21,1122.2626953125,1143.52734375,1154.7879638671875,1131.59765625,1131.59765625,13338594,1097.4005126953125,1143.3427734375,1163.718017578125,1163.810302734375,1171.748046875,1124.213623046875,0.00016143042732941204,1158.4522705078125,1133.497821044922,0.01245335750210537
1743,2022-01-24,1076.993408203125,1097.4005126953125,1155.9417724609375,1086.8782958984375,1142.2120361328125,21868937,1095.2545166015625,1143.52734375,1143.3427734375,1163.718017578125,1177.8629150390625,1125.1365966796875,-0.04033732232709242,1142.3597900390625,1133.6743469238281,0.015680284825733214
1744,2022-01-25,1074.8873291015625,1095.2545166015625,1102.361572265625,1063.757080078125,1084.31689453125,24510205,1079.03271484375,1097.4005126953125,1143.52734375,1143.3427734375,1163.810302734375,1133.2359619140625,-0.0019555267825410727,1128.6486328125,1133.094012451172,0.015445113674149318
1745,2022-01-27,1058.96728515625,1079.03271484375,1087.3397216796875,1066.5491943359375,1078.0635986328125,20020431,1077.994384765625,1095.2545166015625,1097.4005126953125,1143.52734375,1163.718017578125,1163.4871826171875,-0.014810988233261768,1111.711572265625,1131.607977294922,0.015764113660935934
1746,2022-01-28,1057.9483642578125,1077.994384765625,1096.4774169921875,1074.5562744140625,1091.4471435546875,14667727,1101.41552734375,1079.03271484375,1095.2545166015625,1097.4005126953125,1143.3427734375,1170.04052734375,-0.0009622785888149243,1098.64189453125,1131.071484375,0.015259133610338961
1747,2022-01-31,1080.9339599609375,1101.41552734375,1110.55322265625,1087.3858642578125,1089.23193359375,12143683,1097.7696533203125,1077.994384765625,1079.03271484375,1095.2545166015625,1143.52734375,1171.748046875,0.02172659051764647,1090.21953125,1131.497216796875,0.01602470776012908
1748,2022-02-01,1077.35595703125,1097.7696533203125,1117.1064453125,1083.186279296875,1111.2916259765625,13200509,1100.0079345703125,1101.41552734375,1077.994384765625,1079.03271484375,1097.4005126953125,1177.8629150390625,-0.0033101712595519084,1090.293359375,1130.9168823242187,0.015668641088504125
1749,2022-02-02,1079.5523681640625,1100.0079345703125,1110.830078125,1096.1082763671875,1110.830078125,10017691,1085.793701171875,1097.7696533203125,1101.41552734375,1077.994384765625,1095.2545166015625,1163.810302734375,0.0020389352567999897,1091.24404296875,1129.1966430664063,0.014728461252870521
1750,2022-02-03,1065.6026611328125,1085.793701171875,1108.268798828125,1083.232421875,1103.9075927734375,9572839,1075.89453125,1100.0079345703125,1097.7696533203125,1101.41552734375,1079.03271484375,1163.718017578125,-0.012921937153107854,1092.596240234375,1126.5003295898437,0.014869107153703345
1751,2022-02-04,1055.8875732421875,1075.89453125,1083.809326171875,1071.187255859375,1080.37109375,11061241,1069.34130859375,1085.793701171875,1100.0079345703125,1097.7696533203125,1077.994384765625,1143.3427734375,-0.009116989637341866,1092.17626953125,1124.5343383789063,0.014273995919003782
1752,2022-02-07,1049.4560546875,1069.34130859375,1087.662841796875,1063.757080078125,1080.8326416015625,10714467,1087.316650390625,1075.89453125,1085.793701171875,1100.0079345703125,1101.41552734375,1143.52734375,-0.006090952659306037,1085.76142578125,1121.79072265625,0.014114431345493606
1753,2022-02-08,1067.09716796875,1087.316650390625,1089.1396484375,1066.0645751953125,1075.5946044921875,12060849,1099.98486328125,1069.34130859375,1075.89453125,1085.793701171875,1097.7696533203125,1097.4005126953125,0.016809732919149667,1083.6708251953125,1119.899725341797,0.014745383760112755
1754,2022-02-09,1079.5299072265625,1099.98486328125,1101.6923828125,1088.2166748046875,1094.2852783203125,11486225,1098.854248046875,1087.316650390625,1069.34130859375,1075.89453125,1100.0079345703125,1095.2545166015625,0.011650895703725128,1083.6662109375,1118.2371704101563,0.0149178778899035
1755,2022-02-10,1078.4202880859375,1098.854248046875,1105.6151123046875,1091.4932861328125,1105.6151123046875,12464491,1096.708251953125,1099.98486328125,1087.316650390625,1069.34130859375,1085.793701171875,1079.03271484375,-0.001027846175085001,1086.2783203125,1115.0055236816406,0.013380556346332603
1756,2022-02-11,1076.3140869140625,1096.708251953125,1100.4464111328125,1081.8017578125,1095.2545166015625,15943370,1079.240478515625,1098.854248046875,1099.98486328125,1087.316650390625,1075.89453125,1077.994384765625,-0.001952939707485668,1090.441064453125,1111.3389099121093,0.013236650653763053
1757,2022-02-14,1059.1712646484375,1079.240478515625,1086.80908203125,1067.4490966796875,1080.0250244140625,10719633,1115.883544921875,1096.708251953125,1098.854248046875,1099.98486328125,1069.34130859375,1101.41552734375,-0.015927456920645677,1092.4208984375,1106.7135314941406,0.01348678839184953
1758,2022-02-15,1095.1329345703125,1115.883544921875,1118.6295166015625,1077.9251708984375,1085.078369140625,11212671,1113.5760498046875,1079.240478515625,1096.708251953125,1098.854248046875,1087.316650390625,1097.7696533203125,0.03395264274802634,1098.13427734375,1103.6145629882812,0.01584639006796236
1759,2022-02-16,1092.8682861328125,1113.5760498046875,1122.8291015625,1105.7305908203125,1121.444580078125,10392840,1127.6748046875,1115.883544921875,1079.240478515625,1096.708251953125,1099.98486328125,1100.0079345703125,-0.0020678637369360153,1100.8525146484376,1101.102850341797,0.015692792977472076
1760,2022-02-17,1106.704833984375,1127.6748046875,1132.9359130859375,1112.214599609375,1116.875732421875,12853252,1118.8602294921875,1113.5760498046875,1115.883544921875,1079.240478515625,1098.854248046875,1085.793701171875,0.012660792125769316,1106.6166259765625,1099.3006896972656,0.016033434890848727
1761,2022-02-18,1098.054443359375,1118.8602294921875,1133.628173828125,1116.8988037109375,1128.0902099609375,6775458,1107.553466796875,1127.6748046875,1113.5760498046875,1115.883544921875,1096.708251953125,1075.89453125,-0.007816593186858678,1111.047021484375,1098.0765625,0.015664732814713866
1762,2022-02-21,1086.957763671875,1107.553466796875,1124.9058837890625,1100.4925537109375,1113.1375732421875,11107193,1102.5230712890625,1118.8602294921875,1127.6748046875,1113.5760498046875,1079.240478515625,1069.34130859375,-0.010105607829535845,1116.709619140625,1096.2778686523438,0.01579358081137136
1763,2022-02-22,1082.0208740234375,1102.5230712890625,1105.70751953125,1083.2093505859375,1085.8629150390625,13494914,1095.6236572265625,1107.553466796875,1118.8602294921875,1127.6748046875,1115.883544921875,1087.316650390625,-0.004541898570694536,1114.0375244140625,1096.5339965820312,0.012926103968933506
1764,2022-02-23,1075.249755859375,1095.6236572265625,1110.6224365234375,1092.8316650390625,1108.1072998046875,7310110,1041.0281982421875,1102.5230712890625,1107.553466796875,1118.8602294921875,1113.5760498046875,1099.98486328125,-0.006257840985071872,1110.4470458984374,1096.5524536132812,0.013001398061443417
1765,2022-02-24,1021.6695556640624,1041.0281982421875,1079.863525390625,1035.3287353515625,1063.757080078125,24846650,1054.0426025390625,1095.6236572265625,1102.5230712890625,1107.553466796875,1127.6748046875,1098.854248046875,-0.049830485700333216,1093.117724609375,1094.6522277832032,0.016891039196752812
1766,2022-02-25,1034.44189453125,1054.0426025390625,1065.1185302734375,1050.489013671875,1052.2657470703125,14570089,1088.931884765625,1041.0281982421875,1095.6236572265625,1102.5230712890625,1118.8602294921875,1096.708251953125,0.012501490659763359,1080.15419921875,1093.454638671875,0.017185807881809356
1767,2022-02-28,1068.682373046875,1088.931884765625,1092.5316162109375,1035.1441650390625,1035.1441650390625,21297446,1106.930419921875,1054.0426025390625,1041.0281982421875,1095.6236572265625,1107.553466796875,1079.240478515625,0.03310044787802546,1076.4298828125,1092.8304565429687,0.01813855820841185
1768,2022-03-02,1086.3463134765625,1106.930419921875,1108.0611572265625,1074.9254150390625,1077.3482666015625,21471786,1097.5850830078125,1088.931884765625,1054.0426025390625,1041.0281982421875,1102.5230712890625,1115.883544921875,0.016528614331211333,1077.3113525390625,1093.2884948730468,0.018510412152093123
1769,2022-03-03,1077.1746826171875,1097.5850830078125,1114.452880859375,1093.7777099609375,1107.599609375,10186748,1073.240966796875,1106.930419921875,1088.931884765625,1054.0426025390625,1095.6236572265625,1113.5760498046875,-0.008442569420688661,1077.7036376953124,1093.1673522949218,0.01861499310322968
1770,2022-03-04,1053.283203125,1073.240966796875,1091.1240234375,1070.8411865234375,1085.9090576171875,10805667,1033.552001953125,1097.5850830078125,1106.930419921875,1088.931884765625,1041.0281982421875,1127.6748046875,-0.02217970760337329,1084.14619140625,1092.5397155761718,0.019064351922100833
1771,2022-03-07,1014.3323364257812,1033.552001953125,1067.0338134765625,1025.45263671875,1051.61962890625,17983310,1031.682861328125,1073.240966796875,1097.5850830078125,1106.930419921875,1054.0426025390625,1118.8602294921875,-0.03698047882220068,1080.0480712890626,1090.422589111328,0.0206836295743392
1772,2022-03-08,1012.4979248046876,1031.682861328125,1036.5286865234375,1006.0696411132812,1020.6068725585938,21289374,1086.416748046875,1033.552001953125,1073.240966796875,1097.5850830078125,1088.931884765625,1107.553466796875,-0.0018084630685905045,1068.5982666015625,1088.5396667480468,0.02065903201725972
1773,2022-03-09,1066.2139892578125,1086.416748046875,1092.3701171875,1031.059814453125,1031.9136962890625,20414228,1104.02294921875,1031.682861328125,1033.552001953125,1073.240966796875,1106.930419921875,1102.5230712890625,0.05305301538913709,1064.4955322265625,1088.4946716308593,0.02372042376283868
1774,2022-03-10,1083.4927978515625,1104.02294921875,1109.9071044921875,1089.1396484375,1107.599609375,17980493,1107.207275390625,1086.416748046875,1031.682861328125,1033.552001953125,1097.5850830078125,1095.6236572265625,0.016205752721988986,1065.78310546875,1088.6965759277343,0.023857365500868994
1775,2022-03-11,1086.6180419921875,1107.207275390625,1112.6761474609375,1096.546630859375,1096.546630859375,12257423,1116.298828125,1104.02294921875,1086.416748046875,1031.682861328125,1073.240966796875,1041.0281982421875,0.002884293459776588,1072.5763671875,1089.1142272949219,0.023860621324254587
1776,2022-03-14,1095.5404052734375,1116.298828125,1118.8602294921875,1095.6005859375,1101.553955078125,8340678,1090.7318115234375,1107.207275390625,1104.02294921875,1086.416748046875,1033.552001953125,1054.0426025390625,0.008211247285353496,1089.125732421875,1090.0937561035157,0.023910482885440586
1777,2022-03-15,1070.4488525390625,1090.7318115234375,1120.49853515625,1080.3018798828125,1120.49853515625,15925769,1109.1456298828125,1116.298828125,1107.207275390625,1104.02294921875,1031.682861328125,1088.931884765625,-0.0229033803112616,1100.9355224609376,1090.6683227539063,0.024221676062997306
1778,2022-03-16,1088.5203857421875,1109.1456298828125,1111.2454833984375,1097.03125,1099.2926025390625,11149828,1145.30419921875,1090.7318115234375,1116.298828125,1107.207275390625,1086.416748046875,1106.930419921875,0.016882076936636015,1105.481298828125,1090.3314270019532,0.023274502026321475
1779,2022-03-17,1124.006591796875,1145.30419921875,1152.5496826171875,1114.5682373046875,1122.7137451171875,21422098,1138.7047119140625,1109.1456298828125,1090.7318115234375,1116.298828125,1104.02294921875,1097.5850830078125,0.03260038029429713,1113.737548828125,1091.9178344726563,0.024380649988770788
1780,2022-03-21,1117.5296630859375,1138.7047119140625,1146.3656005859375,1125.59814453125,1127.9056396484375,11999466,1168.1253662109375,1145.30419921875,1109.1456298828125,1090.7318115234375,1107.207275390625,1073.240966796875,-0.005762213488075263,1120.0370361328125,1092.4693298339844,0.0242921266655691
1781,2022-03-22,1146.4033203125,1168.1253662109375,1169.8790283203125,1132.3360595703125,1135.335693359375,22557065,1171.84033203125,1138.7047119140625,1145.30419921875,1109.1456298828125,1116.298828125,1033.552001953125,0.025836947883900008,1130.40234375,1094.9325866699219,0.02482596643154251
1782,2022-03-23,1150.049072265625,1171.84033203125,1183.6778564453125,1164.3641357421875,1164.3641357421875,15462187,1190.0465087890625,1168.1253662109375,1138.7047119140625,1145.30419921875,1090.7318115234375,1031.682861328125,0.0031802800690501343,1146.6240478515624,1098.1469299316407,0.024649457118267517
1783,2022-03-24,1167.9166259765625,1190.0465087890625,1192.5848388671875,1158.3646240234375,1158.3646240234375,13168266,1197.984375,1171.84033203125,1168.1253662109375,1138.7047119140625,1109.1456298828125,1086.416748046875,0.015536397118414813,1162.8042236328124,1102.5231018066406,0.024729984207606616
1784,2022-03-25,1175.7069091796875,1197.984375,1207.2835693359375,1189.2850341796875,1191.8233642578125,14222488,1210.029541015625,1190.0465087890625,1171.84033203125,1168.1253662109375,1145.30419921875,1104.02294921875,0.0066702151153863465,1173.3402587890625,1107.6411376953124,0.02461319145368829
1785,2022-03-28,1187.5281982421875,1210.029541015625,1213.629150390625,1193.6693115234375,1204.5145263671875,9891424,1210.306396484375,1197.984375,1190.0465087890625,1171.84033203125,1138.7047119140625,1107.207275390625,0.010054526809354147,1187.605224609375,1116.0912048339844,0.020999339120024142
1786,2022-03-29,1187.7999267578125,1210.306396484375,1217.4365234375,1203.314697265625,1217.4365234375,8684065,1233.5660400390625,1210.029541015625,1197.984375,1190.0465087890625,1168.1253662109375,1116.298828125,0.00022880058656893354,1196.0414306640625,1123.90439453125,0.0210327322724094
1787,2022-03-30,1210.627197265625,1233.5660400390625,1240.5115966796875,1207.791259765625,1218.3134765625,15811550,1215.9366455078125,1210.306396484375,1210.029541015625,1197.984375,1171.84033203125,1090.7318115234375,0.019217979531671148,1208.386572265625,1131.1361022949218,0.02034902147545084
1788,2022-03-31,1193.325439453125,1215.9366455078125,1232.066162109375,1213.0985107421875,1229.8740234375,13223718,1225.67431640625,1233.5660400390625,1210.306396484375,1210.029541015625,1190.0465087890625,1109.1456298828125,-0.014291407155381575,1213.564599609375,1136.5864135742188,0.02070945234476963
1789,2022-04-01,1202.882080078125,1225.67431640625,1229.96630859375,1210.0526123046875,1216.5135498046875,7922880,1229.297119140625,1215.9366455078125,1233.5660400390625,1210.306396484375,1197.984375,1145.30419921875,0.008008370283445698,1219.102587890625,1142.9908752441406,0.020476603342490976
1790,2022-04-04,1206.4373779296875,1229.297119140625,1234.5120849609375,1219.12109375,1225.48974609375,7929162,1211.921630859375,1225.67431640625,1215.9366455078125,1233.5660400390625,1210.029541015625,1138.7047119140625,0.0029557629509584515,1222.956103515625,1150.793682861328,0.019417270169580562
1791,2022-04-05,1189.385009765625,1211.921630859375,1232.158447265625,1209.45263671875,1223.482177734375,13149870,1208.691162109375,1229.297119140625,1225.67431640625,1215.9366455078125,1210.306396484375,1168.1253662109375,-0.014134490360960816,1223.279150390625,1159.7121643066407,0.01724493337791178
1792,2022-04-06,1186.214599609375,1208.691162109375,1215.8212890625,1193.9462890625,1193.9462890625,12257215,1187.369873046875,1211.921630859375,1229.297119140625,1225.67431640625,1233.5660400390625,1171.84033203125,-0.002665575617879945,1218.3041748046876,1168.5625793457032,0.017271978715165864
1793,2022-04-07,1165.2899169921875,1187.369873046875,1202.6685791015625,1184.6700439453125,1197.63818359375,15496499,1207.1220703125,1208.691162109375,1211.921630859375,1229.297119140625,1215.9366455078125,1190.0465087890625,-0.017639980940450273,1212.5908203125,1173.6102355957032,0.014615004209126052
1794,2022-04-08,1184.6749267578125,1207.1220703125,1211.4371337890625,1181.4395751953125,1181.4395751953125,15152495,1204.60693359375,1187.369873046875,1208.691162109375,1211.921630859375,1225.67431640625,1197.984375,0.016635252177099158,1208.88037109375,1178.7651916503905,0.014633330509721848
1795,2022-04-11,1182.2064208984375,1204.60693359375,1217.6904296875,1192.0540771484375,1199.8995361328125,9254209,1181.9241943359375,1207.1220703125,1187.369873046875,1208.691162109375,1229.297119140625,1210.029541015625,-0.0020835810897723572,1203.942333984375,1183.6351745605468,0.014705530328624938
1796,2022-04-12,1159.9453125,1181.9241943359375,1201.0994873046875,1179.316650390625,1193.9000244140625,13217742,1177.5860595703125,1204.60693359375,1207.1220703125,1187.369873046875,1211.921630859375,1210.306396484375,-0.018829992278180052,1197.9428466796876,1186.9164428710938,0.015548550173001777
1797,2022-04-13,1155.68798828125,1177.5860595703125,1196.4844970703125,1174.747802734375,1188.13134765625,10354235,1173.986328125,1181.9241943359375,1204.60693359375,1207.1220703125,1208.691162109375,1233.5660400390625,-0.003670400171529087,1191.721826171875,1191.2591552734375,0.014417411296297726
1798,2022-04-18,1152.155029296875,1173.986328125,1181.3472900390625,1163.810302734375,1168.9791259765625,9974224,1218.728759765625,1177.5860595703125,1181.9241943359375,1204.60693359375,1187.369873046875,1215.9366455078125,-0.0030568733521064706,1189.0451171875,1194.5011901855469,0.014162242507939246
1799,2022-04-19,1196.0655517578125,1218.728759765625,1231.2816162109375,1177.3092041015625,1180.5166015625,26141820,1254.564208984375,1173.986328125,1177.5860595703125,1181.9241943359375,1207.1220703125,1225.67431640625,0.038111544034830525,1191.366455078125,1198.1724182128905,0.014808601945705515
1800,2022-04-20,1231.234619140625,1254.564208984375,1261.7406005859375,1222.5592041015625,1226.251220703125,25072240,1283.938720703125,1218.728759765625,1173.986328125,1177.5860595703125,1204.60693359375,1229.297119140625,0.029403957961606997,1201.35791015625,1203.9653930664062,0.015744726474189244
1801,2022-04-21,1260.0628662109375,1283.938720703125,1287.123046875,1260.8175048828125,1269.5399169921875,21708633,1273.185791015625,1254.564208984375,1218.728759765625,1173.986328125,1181.9241943359375,1211.921630859375,0.02341411584069486,1221.7608154296875,1209.7560607910157,0.015584254238606154
1802,2022-04-22,1249.5098876953125,1273.185791015625,1293.12255859375,1266.4478759765625,1273.23193359375,15054154,1243.7420654296875,1283.938720703125,1254.564208984375,1218.728759765625,1177.5860595703125,1208.691162109375,-0.008374955528727579,1240.88076171875,1214.8233337402344,0.015861236791651096
1803,2022-04-25,1220.61376953125,1243.7420654296875,1273.0010986328125,1229.2740478515625,1265.6171875,17063215,1280.9620361328125,1273.185791015625,1283.938720703125,1254.564208984375,1173.986328125,1187.369873046875,-0.023126024334948148,1254.8319091796875,1217.5081115722655,0.01674768765263591
1804,2022-04-26,1257.1416015625,1280.9620361328125,1289.89208984375,1249.6031494140625,1250.66455078125,12227666,1282.2081298828125,1243.7420654296875,1273.185791015625,1283.938720703125,1218.728759765625,1207.1220703125,0.029925795498656038,1267.278564453125,1221.6569946289062,0.017836002448209202
1805,2022-04-27,1258.364501953125,1282.2081298828125,1305.12158203125,1271.455078125,1271.8243408203125,19338945,1301.3603515625,1280.9620361328125,1243.7420654296875,1273.185791015625,1254.564208984375,1204.60693359375,0.0009727796100513775,1272.8073486328126,1225.2659240722655,0.01777596398650889
1806,2022-04-28,1277.1607666015625,1301.3603515625,1315.736083984375,1285.78466796875,1296.79150390625,25614076,1287.699951171875,1282.2081298828125,1280.9620361328125,1243.7420654296875,1283.938720703125,1181.9241943359375,0.014936905509589815,1276.2916748046875,1229.818621826172,0.017956430267782948
1807,2022-04-29,1263.754150390625,1287.699951171875,1318.11279296875,1281.7235107421875,1318.11279296875,18214862,1283.17724609375,1301.3603515625,1282.2081298828125,1280.9620361328125,1273.185791015625,1177.5860595703125,-0.010497015968116252,1279.1945068359375,1232.5253173828125,0.017841276406254165
1808,2022-05-02,1259.3155517578125,1283.17724609375,1294.73779296875,1272.839599609375,1274.66259765625,9467006,1243.1190185546875,1287.699951171875,1301.3603515625,1282.2081298828125,1243.7420654296875,1173.986328125,-0.003512235186472701,1287.08154296875,1235.8873474121094,0.0174727091822644
1809,2022-05-04,1220.0023193359375,1243.1190185546875,1287.5845947265625,1235.112060546875,1285.277099609375,19247660,1218.77490234375,1283.17724609375,1287.699951171875,1301.3603515625,1280.9620361328125,1218.728759765625,-0.031218000210811003,1279.512939453125,1236.7595825195312,0.01899696814346341
1810,2022-05-05,1196.1109619140625,1218.77490234375,1259.89453125,1214.6676025390625,1256.894775390625,17210669,1209.4295654296875,1243.1190185546875,1283.17724609375,1287.699951171875,1282.2081298828125,1254.564208984375,-0.019583093692220332,1266.8262939453125,1236.2334716796875,0.019528280573728077
1811,2022-05-06,1186.9393310546875,1209.4295654296875,1227.1280517578125,1196.9228515625,1205.5299072265625,19649948,1162.195068359375,1218.77490234375,1243.1190185546875,1283.17724609375,1301.3603515625,1283.938720703125,-0.007667812075955127,1248.44013671875,1236.108868408203,0.019338902447396982
1812,2022-05-09,1140.583251953125,1162.195068359375,1198.561279296875,1156.9801025390625,1188.3389892578125,18083752,1142.050537109375,1209.4295654296875,1218.77490234375,1243.1190185546875,1287.699951171875,1273.185791015625,-0.039055186362614625,1223.33916015625,1233.7840637207032,0.021229607783671296
1813,2022-05-10,1120.8133544921875,1142.050537109375,1166.0255126953125,1134.3665771484375,1151.442138671875,19511677,1130.3515625,1162.195068359375,1209.4295654296875,1218.77490234375,1283.17724609375,1243.7420654296875,-0.017333175641880194,1195.113818359375,1231.5180969238281,0.021217625784488325
1814,2022-05-11,1109.331787109375,1130.3515625,1146.8040771484375,1117.7294921875,1141.1275634765625,16643899,1107.32275390625,1142.050537109375,1162.195068359375,1209.4295654296875,1243.1190185546875,1280.9620361328125,-0.010243832675729148,1172.5603271484374,1227.6795715332032,0.020841030310079407
1815,2022-05-12,1086.731201171875,1107.32275390625,1123.682861328125,1093.754638671875,1120.2908935546875,20490321,1119.87548828125,1130.3515625,1142.050537109375,1162.195068359375,1218.77490234375,1282.2081298828125,-0.020373138196772334,1150.2698974609375,1222.815362548828,0.021193548238590567
1816,2022-05-13,1099.0506591796875,1119.87548828125,1143.5965576171875,1114.68359375,1119.5986328125,19308778,1120.1524658203125,1107.32275390625,1130.3515625,1142.050537109375,1209.4295654296875,1301.3603515625,0.011336111653732717,1132.35908203125,1219.7129272460938,0.02115513799948705
1817,2022-05-16,1099.3223876953125,1120.1524658203125,1144.9810791015625,1115.2835693359375,1123.498291015625,13437911,1167.2022705078125,1119.87548828125,1107.32275390625,1130.3515625,1162.195068359375,1287.699951171875,0.0002473288700046705,1123.9505615234375,1216.8412475585938,0.021161677600622694
1818,2022-05-17,1145.497314453125,1167.2022705078125,1172.1634521484375,1122.3675537109375,1123.7982177734375,16551828,1171.4481201171875,1120.1524658203125,1119.87548828125,1107.32275390625,1142.050537109375,1283.17724609375,0.04200303630367341,1128.980908203125,1216.5020446777344,0.023359656577367598
1819,2022-05-18,1149.6641845703125,1171.4481201171875,1186.0545654296875,1157.5570068359375,1172.048095703125,17276788,1144.4503173828125,1167.2022705078125,1120.1524658203125,1119.87548828125,1130.3515625,1243.1190185546875,0.003637629669386966,1137.2002197265624,1214.1380126953125,0.02160279677282653
1820,2022-05-19,1123.1683349609375,1144.4503173828125,1159.518310546875,1138.0816650390625,1146.3656005859375,14699118,1211.1832275390625,1171.4481201171875,1167.2022705078125,1120.1524658203125,1107.32275390625,1218.77490234375,-0.023046520175109664,1144.625732421875,1208.6323181152343,0.020789414770786344
1821,2022-05-20,1188.6605224609375,1211.1832275390625,1220.39013671875,1154.672607421875,1159.518310546875,21793091,1203.083984375,1144.4503173828125,1171.4481201171875,1167.2022705078125,1119.87548828125,1209.4295654296875,0.05831001061615182,1162.8872802734375,1204.9945434570313,0.024396165461522228
1822,2022-05-23,1180.7119140625,1203.083984375,1224.6129150390625,1196.6690673828125,1214.436767578125,15252755,1207.21435546875,1211.1832275390625,1144.4503173828125,1171.4481201171875,1120.1524658203125,1162.195068359375,-0.006687050299168162,1179.473583984375,1201.489453125,0.024378169645072376
1823,2022-05-24,1184.765380859375,1207.21435546875,1217.4365234375,1198.838134765625,1203.130126953125,13527818,1205.4376220703125,1203.083984375,1211.1832275390625,1144.4503173828125,1167.2022705078125,1142.050537109375,0.0034331527535840234,1187.4760009765625,1199.663067626953,0.02391728441127104
1824,2022-05-25,1183.0216064453125,1205.4376220703125,1226.066650390625,1200.591796875,1216.0521240234375,12714544,1193.9462890625,1207.21435546875,1203.083984375,1211.1832275390625,1171.4481201171875,1130.3515625,-0.0014717629809394284,1194.2739013671876,1195.8868469238282,0.02276812282453277
1825,2022-05-26,1171.743896484375,1193.9462890625,1216.0059814453125,1175.901611328125,1211.16015625,17882023,1188.408203125,1205.4376220703125,1207.21435546875,1203.083984375,1144.4503173828125,1107.32275390625,-0.00953291385420374,1204.173095703125,1191.4737548828125,0.022797897352883307
1826,2022-05-27,1166.3087158203125,1188.408203125,1202.2762451171875,1172.2557373046875,1196.692138671875,16521973,1229.8048095703125,1193.9462890625,1205.4376220703125,1207.21435546875,1211.1832275390625,1119.87548828125,-0.00463847158639652,1199.6180908203125,1185.8261474609376,0.022389569617238942
1827,2022-05-30,1206.9356689453125,1229.8048095703125,1234.050537109375,1197.222900390625,1206.822021484375,13853398,1214.967529296875,1188.408203125,1193.9462890625,1205.4376220703125,1203.083984375,1120.1524658203125,0.03483365929018101,1204.962255859375,1182.9313903808593,0.023967494640229427
1828,2022-05-31,1192.3741455078125,1214.967529296875,1236.2657470703125,1207.1451416015625,1219.005615234375,70620653,1215.35986328125,1229.8048095703125,1188.408203125,1193.9462890625,1207.21435546875,1167.2022705078125,-0.012064744061800803,1206.512890625,1179.5209045410156,0.02407143891575998
1829,2022-06-01,1192.7593994140625,1215.35986328125,1225.3743896484375,1207.3758544921875,1215.72900390625,9776989,1257.2640380859375,1214.967529296875,1229.8048095703125,1188.408203125,1205.4376220703125,1171.4481201171875,0.00032291725903332846,1208.4973388671874,1178.1329467773437,0.02310156183119755
1830,2022-06-02,1233.88427734375,1257.2640380859375,1261.0252685546875,1215.590576171875,1215.590576171875,22126569,1282.73876953125,1215.35986328125,1214.967529296875,1229.8048095703125,1193.9462890625,1144.4503173828125,0.03447882069394148,1221.160888671875,1180.0574035644531,0.023945250749596244
1831,2022-06-03,1258.88525390625,1282.73876953125,1300.20654296875,1265.4324951171875,1266.3555908203125,23939791,1277.223876953125,1257.2640380859375,1215.35986328125,1214.967529296875,1188.408203125,1211.1832275390625,0.02026203778491542,1240.027001953125,1183.7228637695312,0.024175853592667503
1832,2022-06-06,1253.472900390625,1277.223876953125,1298.6605224609375,1269.9552001953125,1282.9696044921875,11093152,1279.6236572265625,1282.73876953125,1257.2640380859375,1215.35986328125,1229.8048095703125,1203.083984375,-0.004299310747534646,1249.5108154296875,1189.4743041992188,0.022140524770176636
1833,2022-06-07,1255.8282470703125,1279.6236572265625,1288.0921630859375,1270.0706787109375,1278.308349609375,12358255,1257.148681640625,1277.223876953125,1282.73876953125,1257.2640380859375,1214.967529296875,1207.21435546875,0.0018789033909718533,1262.442041015625,1196.352960205078,0.021530830461704953
1834,2022-06-08,1233.7711181640625,1257.148681640625,1283.4310302734375,1253.572021484375,1279.6236572265625,12479250,1291.6226806640625,1279.6236572265625,1277.223876953125,1282.73876953125,1215.35986328125,1205.4376220703125,-0.017563738728189393,1270.7998046875,1202.6928161621095,0.021879434763775695
1835,2022-06-09,1267.6041259765625,1291.6226806640625,1293.583984375,1250.66455078125,1250.66455078125,17278305,1252.6259765625,1257.148681640625,1279.6236572265625,1277.223876953125,1257.2640380859375,1193.9462890625,0.02742237217195953,1277.671533203125,1211.9078125,0.02150561668124575
1836,2022-06-10,1229.33251953125,1252.6259765625,1287.5384521484375,1246.7418212890625,1279.2314453125,18093057,1228.9278564453125,1291.6226806640625,1257.148681640625,1279.6236572265625,1282.73876953125,1188.408203125,-0.03019202487332684,1271.648974609375,1218.5453369140625,0.023106029212749013
1837,2022-06-13,1206.0750732421875,1228.9278564453125,1233.4967041015625,1207.4219970703125,1222.974609375,17620803,1212.86767578125,1252.6259765625,1291.6226806640625,1257.148681640625,1277.223876953125,1229.8048095703125,-0.018918751934412836,1261.9897705078124,1223.9841064453126,0.02374010177714649
1838,2022-06-14,1190.3134765625,1212.86767578125,1233.058349609375,1206.106689453125,1222.9976806640625,14714312,1198.1920166015625,1228.9278564453125,1252.6259765625,1291.6226806640625,1279.6236572265625,1214.967529296875,-0.013068448713105751,1248.63857421875,1226.2673767089843,0.02236510876684595
1839,2022-06-15,1175.910888671875,1198.1920166015625,1217.113525390625,1192.7001953125,1207.9989013671875,11195535,1181.4395751953125,1212.86767578125,1228.9278564453125,1252.6259765625,1257.148681640625,1215.35986328125,-0.012099967269912137,1236.8472412109375,1227.6045715332032,0.022585952029331637
1840,2022-06-16,1159.4697265625,1181.4395751953125,1227.151123046875,1178.6705322265625,1210.5140380859375,17111475,1195.2845458984375,1198.1920166015625,1212.86767578125,1228.9278564453125,1291.6226806640625,1257.2640380859375,-0.013981433004173205,1214.8106201171875,1229.454034423828,0.022157104741877716
1841,2022-06-17,1173.057373046875,1195.2845458984375,1211.3677978515625,1179.6397705078125,1181.4395751953125,24457187,1173.6171875,1181.4395751953125,1198.1920166015625,1212.86767578125,1252.6259765625,1282.73876953125,0.011718729416048346,1203.342333984375,1228.6591003417968,0.017956442976513793
1842,2022-06-20,1151.79296875,1173.6171875,1207.791259765625,1163.4871826171875,1202.20703125,12066797,1192.561767578125,1195.2845458984375,1181.4395751953125,1198.1920166015625,1228.9278564453125,1277.223876953125,-0.01812736429395667,1192.2802001953125,1227.1857604980469,0.018341714260308003
1843,2022-06-21,1170.3851318359375,1192.561767578125,1196.8536376953125,1166.81005859375,1181.4395751953125,11720049,1156.333984375,1173.6171875,1195.2845458984375,1181.4395751953125,1212.86767578125,1279.6236572265625,0.016142043828175412,1188.2190185546874,1226.4531311035157,0.018722511368127307
1844,2022-06-22,1134.8311767578125,1156.333984375,1180.655029296875,1154.2110595703125,1180.562744140625,10617206,1137.573974609375,1192.561767578125,1173.6171875,1195.2845458984375,1198.1920166015625,1257.148681640625,-0.030378118926868702,1179.847412109375,1223.99794921875,0.019885562466333797
1845,2022-06-23,1116.4200439453125,1137.573974609375,1165.287109375,1128.3670654296875,1160.6951904296875,19446323,1153.772705078125,1156.333984375,1192.561767578125,1173.6171875,1181.4395751953125,1291.6226806640625,-0.01622369490053932,1171.0742919921875,1221.1793334960937,0.0200762687398512
1846,2022-06-24,1132.3175048828125,1153.772705078125,1158.8260498046875,1138.9815673828125,1144.5196533203125,14240234,1150.3575439453125,1137.573974609375,1156.333984375,1192.561767578125,1195.2845458984375,1252.6259765625,0.014239716124230473,1162.771923828125,1219.44755859375,0.020398027575771752
1847,2022-06-27,1128.9659423828125,1150.3575439453125,1174.4940185546875,1145.23486328125,1174.4940185546875,15474529,1166.5330810546875,1153.772705078125,1137.573974609375,1156.333984375,1173.6171875,1228.9278564453125,-0.00295999473534192,1158.1199951171875,1215.4751953125,0.018542482517830174
1848,2022-06-28,1144.840576171875,1166.5330810546875,1169.41748046875,1145.48876953125,1145.48876953125,13572847,1190.73876953125,1150.3575439453125,1153.772705078125,1137.573974609375,1192.561767578125,1212.86767578125,0.014061312671448833,1152.9142578125,1213.0534729003907,0.018801391478265345
1849,2022-06-29,1168.5960693359375,1190.73876953125,1198.51513671875,1154.2110595703125,1157.0723876953125,19205146,1197.89208984375,1166.5330810546875,1150.3575439453125,1153.772705078125,1156.333984375,1198.1920166015625,0.020750108907908293,1159.79521484375,1211.8224182128906,0.019469433751117923
1850,2022-06-30,1175.616455078125,1197.89208984375,1207.2374267578125,1184.2086181640625,1190.6695556640625,23112959,1111.6146240234375,1190.73876953125,1166.5330810546875,1150.3575439453125,1137.573974609375,1181.4395751953125,0.006007464017750985,1171.858837890625,1208.8538208007812,0.01771245250544878
1851,2022-07-01,1090.943359375,1111.6146240234375,1196.20751953125,1091.4471435546875,1188.31591796875,81997149,1113.922119140625,1197.89208984375,1190.73876953125,1166.5330810546875,1153.772705078125,1195.2845458984375,-0.07202440566375745,1163.4272216796876,1200.2976135253907,0.022819287816022216
1852,2022-07-04,1093.2078857421875,1113.922119140625,1126.9825439453125,1091.9547119140625,1097.885009765625,41857728,1122.9444580078125,1111.6146240234375,1197.89208984375,1190.73876953125,1150.3575439453125,1173.6171875,0.0020758049303415405,1156.14013671875,1192.1325256347657,0.022901623703511953
1853,2022-07-05,1102.0625,1122.9444580078125,1137.5509033203125,1115.4912109375,1118.214111328125,17647327,1113.068359375,1113.922119140625,1111.6146240234375,1197.89208984375,1166.5330810546875,1192.561767578125,0.008099613709213527,1147.422412109375,1184.298565673828,0.0230639649749294
1854,2022-07-06,1092.3701171875,1113.068359375,1126.95947265625,1102.0616455078125,1116.875732421875,23943726,1102.1077880859375,1122.9444580078125,1113.922119140625,1111.6146240234375,1190.73876953125,1156.333984375,-0.00879482378882157,1131.888330078125,1177.094549560547,0.022920494273379728
1855,2022-07-07,1081.61328125,1102.1077880859375,1122.9444580078125,1096.0621337890625,1119.552490234375,23301033,1103.6307373046875,1113.068359375,1122.9444580078125,1113.922119140625,1197.89208984375,1137.573974609375,-0.00984716814267994,1112.7314697265624,1167.6188049316406,0.021550303506409355
1856,2022-07-08,1083.1080322265625,1103.6307373046875,1115.9066162109375,1099.54638671875,1115.9066162109375,19010108,1118.6295166015625,1102.1077880859375,1113.068359375,1122.9444580078125,1111.6146240234375,1153.772705078125,0.001381851426161207,1111.1346923828125,1160.16904296875,0.020962533350525517
1857,2022-07-11,1097.8277587890625,1118.6295166015625,1120.8907470703125,1093.754638671875,1096.75439453125,13847467,1117.0372314453125,1103.6307373046875,1102.1077880859375,1113.068359375,1113.922119140625,1150.3575439453125,0.013590396488507794,1112.076171875,1154.6541259765625,0.021175341634891195
1858,2022-07-12,1096.26513671875,1117.0372314453125,1125.921142578125,1109.445556640625,1109.445556640625,10778989,1097.2388916015625,1118.6295166015625,1103.6307373046875,1102.1077880859375,1122.9444580078125,1166.5330810546875,-0.001423424943306939,1110.8947265625,1149.8626037597655,0.02108643794041601
1859,2022-07-13,1076.8349609375,1097.2388916015625,1123.2906494140625,1095.13916015625,1120.1986083984375,14224132,1106.2843017578125,1117.0372314453125,1118.6295166015625,1103.6307373046875,1113.068359375,1190.73876953125,-0.017723974892164818,1107.7288330078125,1144.8149475097657,0.021238640305589373
1860,2022-07-14,1085.712158203125,1106.2843017578125,1123.267578125,1096.9620361328125,1102.0616455078125,16970315,1108.4302978515625,1097.2388916015625,1117.0372314453125,1118.6295166015625,1102.1077880859375,1197.89208984375,0.008243792874537137,1108.5641357421875,1141.0571838378905,0.021279710608653163
1861,2022-07-15,1087.8182373046875,1108.4302978515625,1114.5220947265625,1099.80029296875,1114.5220947265625,9603210,1117.8680419921875,1106.2843017578125,1097.2388916015625,1117.0372314453125,1103.6307373046875,1111.6146240234375,0.0019398233260112807,1109.5240478515625,1136.7144714355468,0.02103319346368025
1862,2022-07-18,1097.0804443359375,1117.8680419921875,1119.1370849609375,1104.0460205078125,1117.2911376953125,15160908,1124.7213134765625,1108.4302978515625,1106.2843017578125,1097.2388916015625,1118.6295166015625,1113.922119140625,0.008514512963889498,1109.3717529296875,1133.9270141601562,0.020904539435055984
1863,2022-07-19,1103.806396484375,1124.7213134765625,1129.2901611328125,1107.738037109375,1107.738037109375,16439888,1155.134033203125,1117.8680419921875,1108.4302978515625,1106.2843017578125,1117.0372314453125,1122.9444580078125,0.0061306623205379385,1110.9085693359375,1130.5349914550782,0.02055880403853089
1864,2022-07-20,1133.653564453125,1155.134033203125,1173.36328125,1147.4039306640625,1172.2095947265625,23924246,1147.427001953125,1124.7213134765625,1117.8680419921875,1108.4302978515625,1097.2388916015625,1113.068359375,0.02704022708750453,1122.48759765625,1130.4749938964844,0.02050178287944015
1865,2022-07-21,1126.0897216796875,1147.427001953125,1153.7496337890625,1138.6585693359375,1150.9805908203125,16523230,1155.1802978515625,1155.134033203125,1124.7213134765625,1117.8680419921875,1106.2843017578125,1102.1077880859375,-0.006671980071982442,1130.7161376953125,1130.9676452636718,0.02020935736359987
1866,2022-07-22,1133.69873046875,1155.1802978515625,1161.2720947265625,1151.442138671875,1153.7496337890625,10969995,1117.01416015625,1147.427001953125,1155.134033203125,1124.7213134765625,1108.4302978515625,1103.6307373046875,0.006757114731690939,1140.0661376953126,1131.0380249023438,0.02001247526225295
1867,2022-07-25,1096.242431640625,1117.01416015625,1138.727783203125,1108.984130859375,1138.727783203125,23110452,1117.5218505859375,1155.1802978515625,1147.427001953125,1155.134033203125,1117.8680419921875,1118.6295166015625,-0.033039117587354117,1139.895361328125,1129.3708557128907,0.02135236910356357
1868,2022-07-26,1096.7406005859375,1117.5218505859375,1127.8594970703125,1112.837646484375,1117.3372802734375,11303288,1116.46044921875,1117.01416015625,1155.1802978515625,1147.427001953125,1124.7213134765625,1117.0372314453125,0.0004545067088643773,1138.45546875,1126.9202941894532,0.021053632878623024
1869,2022-07-27,1095.6990966796875,1116.46044921875,1120.06005859375,1108.5225830078125,1116.8065185546875,8655086,1133.9512939453125,1117.5218505859375,1117.01416015625,1155.1802978515625,1155.134033203125,1097.2388916015625,-0.0009497813099860197,1130.720751953125,1123.2063781738282,0.020371568490740663
1870,2022-07-28,1112.8646240234375,1133.9512939453125,1138.95849609375,1117.2911376953125,1124.213623046875,12496073,1158.1107177734375,1116.46044921875,1117.5218505859375,1117.01416015625,1147.427001953125,1106.2843017578125,0.015666336177696083,1128.0256103515626,1120.0093383789062,0.020708349468468248
1871,2022-07-29,1136.574951171875,1158.1107177734375,1161.6412353515625,1137.1356201171875,1142.0736083984375,15130683,1188.2928466796875,1133.9512939453125,1116.46044921875,1117.5218505859375,1155.1802978515625,1108.4302978515625,0.02130552163670818,1128.6116943359375,1122.3341430664063,0.013476741323565657
1872,2022-08-01,1166.1956787109375,1188.2928466796875,1194.2462158203125,1157.2569580078125,1162.5872802734375,15700044,1192.8155517578125,1158.1107177734375,1133.9512939453125,1116.46044921875,1117.01416015625,1117.8680419921875,0.02606152282596752,1142.867431640625,1126.0526794433595,0.014499397739199065
1873,2022-08-02,1170.63427734375,1192.8155517578125,1203.499267578125,1182.1549072265625,1187.2083740234375,13917913,1202.830078125,1188.2928466796875,1158.1107177734375,1133.9512939453125,1117.5218505859375,1124.7213134765625,0.003806052599544252,1157.926171875,1129.5462341308594,0.01445689066196183
1874,2022-08-03,1180.4625244140625,1202.830078125,1204.5145263671875,1184.8778076171875,1199.8995361328125,14250977,1186.931396484375,1192.8155517578125,1188.2928466796875,1158.1107177734375,1116.46044921875,1155.134033203125,0.008395704057035047,1175.20009765625,1134.0343200683594,0.014220174868850745
1875,2022-08-04,1164.859619140625,1186.931396484375,1208.0911865234375,1169.902099609375,1204.5145263671875,14467127,1169.4405517578125,1202.830078125,1192.8155517578125,1188.2928466796875,1133.9512939453125,1147.427001953125,-0.013217728696482411,1185.7961181640626,1138.2755004882813,0.014411377692584862
1876,2022-08-05,1147.69384765625,1169.4405517578125,1190.11572265625,1166.18701171875,1188.8236083984375,13942438,1184.7392578125,1186.931396484375,1202.830078125,1192.8155517578125,1158.1107177734375,1155.1802978515625,-0.014736188442204368,1188.0620849609375,1141.5659912109375,0.014993408960991605
1877,2022-08-08,1162.708251953125,1184.7392578125,1192.307861328125,1168.0560302734375,1168.0560302734375,10165178,1191.8233642578125,1169.4405517578125,1186.931396484375,1202.830078125,1188.2928466796875,1117.01416015625,0.013082072476186646,1187.3513671875,1144.8714782714844,0.014974944020395545
1878,2022-08-10,1169.6605224609375,1191.8233642578125,1195.2384033203125,1180.078125,1189.2388916015625,10724688,1195.792236328125,1184.7392578125,1169.4405517578125,1186.931396484375,1192.8155517578125,1117.5218505859375,0.00597946459408516,1187.1529296875,1148.6107849121095,0.014951799968503024
1879,2022-08-11,1173.5555419921875,1195.792236328125,1204.4683837890625,1190.7618408203125,1201.3302001953125,8198226,1215.1290283203125,1191.8233642578125,1184.7392578125,1169.4405517578125,1202.830078125,1116.46044921875,0.0033300841293575356,1185.745361328125,1153.5384521484375,0.014107133848605069
1880,2022-08-12,1192.5328369140625,1215.1290283203125,1218.9825439453125,1191.6849365234375,1195.4229736328125,12650587,1223.574462890625,1195.792236328125,1191.8233642578125,1184.7392578125,1186.931396484375,1133.9512939453125,0.01617069538063265,1191.3848876953125,1158.9806884765626,0.014330263550152999
1881,2022-08-16,1200.8212890625,1223.574462890625,1226.343505859375,1212.49853515625,1221.2208251953125,6607378,1229.96630859375,1215.1290283203125,1195.792236328125,1191.8233642578125,1169.4405517578125,1158.1107177734375,0.006950236866603898,1202.211669921875,1164.7378967285156,0.014321405653478713
1882,2022-08-17,1207.0943603515625,1229.96630859375,1235.388916015625,1225.535888671875,1229.8970947265625,6595965,1228.1895751953125,1223.574462890625,1215.1290283203125,1195.792236328125,1184.7392578125,1188.2928466796875,0.005223912313456314,1211.257080078125,1170.3428100585938,0.014298410614081464
1883,2022-08-18,1209.2833251953125,1228.1895751953125,1231.7430419921875,1218.451904296875,1227.589599609375,7410035,1206.2913818359375,1229.96630859375,1223.574462890625,1215.1290283203125,1191.8233642578125,1192.8155517578125,-0.0014445382658235806,1218.530322265625,1175.5162231445313,0.01436391376909648
1884,2022-08-19,1187.7220458984375,1206.2913818359375,1228.3741455078125,1202.1839599609375,1222.974609375,9460724,1202.9454345703125,1228.1895751953125,1229.96630859375,1223.574462890625,1195.792236328125,1202.830078125,-0.017829652524035344,1220.6301513671874,1178.0740905761718,0.014162108429811738
1885,2022-08-22,1184.427734375,1202.9454345703125,1214.344482421875,1193.4385986328125,1207.7451171875,9471680,1221.497802734375,1206.2913818359375,1228.1895751953125,1229.96630859375,1215.1290283203125,1186.931396484375,-0.002773747136063043,1218.1934326171875,1180.8500122070313,0.014059091053175203
1886,2022-08-23,1202.6944580078125,1221.497802734375,1224.451416015625,1195.9075927734375,1197.130615234375,9678484,1218.244140625,1202.9454345703125,1206.2913818359375,1228.1895751953125,1223.574462890625,1169.4405517578125,0.015422451950773075,1217.7781005859374,1184.1658874511718,0.014329422932930843
1887,2022-08-24,1199.4910888671875,1218.244140625,1232.20458984375,1216.213623046875,1218.40576171875,10369622,1214.690673828125,1221.497802734375,1202.9454345703125,1206.2913818359375,1229.96630859375,1184.7392578125,-0.0026636659534643448,1215.4336669921875,1189.2273864746094,0.011686581572982264
1888,2022-08-25,1195.9921875,1214.690673828125,1228.9278564453125,1210.3294677734375,1222.489990234375,7871946,1208.20654296875,1218.244140625,1221.497802734375,1202.9454345703125,1228.1895751953125,1191.8233642578125,-0.002916875754519932,1212.73388671875,1194.0858276367187,0.011770676480916616
1889,2022-08-26,1189.6077880859375,1208.20654296875,1222.974609375,1203.130126953125,1215.1290283203125,10742038,1198.8150634765625,1214.690673828125,1218.244140625,1221.497802734375,1206.2913818359375,1195.792236328125,-0.005338092239516534,1213.1169189453126,1198.6731323242188,0.011912616006683164
1890,2022-08-29,1180.36083984375,1198.8150634765625,1225.2821044921875,1189.7696533203125,1192.97705078125,19838975,1217.4134521484375,1208.20654296875,1214.690673828125,1218.244140625,1202.9454345703125,1215.1290283203125,-0.007773074518460432,1212.2908447265625,1201.9163208007812,0.011859794038850428
1891,2022-08-30,1198.6729736328125,1217.4134521484375,1220.782470703125,1189.1004638671875,1206.360595703125,23139054,1181.6241455078125,1198.8150634765625,1208.20654296875,1214.690673828125,1221.497802734375,1223.574462890625,0.015513976457669498,1211.473974609375,1204.8814575195313,0.011449091622185189
1892,2022-09-01,1163.4346923828125,1181.6241455078125,1202.1839599609375,1177.1475830078125,1191.892578125,19909939,1167.8253173828125,1217.4134521484375,1198.8150634765625,1208.20654296875,1218.244140625,1229.96630859375,-0.029397824196427003,1204.1499755859375,1204.5480224609375,0.012152501555475082
1893,2022-09-02,1149.8482666015625,1167.8253173828125,1188.5235595703125,1165.610107421875,1181.6241455078125,12999345,1185.9622802734375,1181.6241455078125,1217.4134521484375,1198.8150634765625,1214.690673828125,1228.1895751953125,-0.011677848812974179,1194.776904296875,1203.2985107421875,0.012374319735846928
1894,2022-09-05,1167.7059326171875,1185.9622802734375,1191.36181640625,1168.0560302734375,1168.0560302734375,11327815,1198.44580078125,1167.8253173828125,1181.6241455078125,1217.4134521484375,1208.20654296875,1206.2913818359375,0.01553054435510215,1190.3280517578125,1202.4551208496093,0.01275595370681376
1895,2022-09-06,1179.9974365234375,1198.44580078125,1202.6685791015625,1186.9775390625,1187.4390869140625,10899618,1191.4771728515625,1185.9622802734375,1167.8253173828125,1181.6241455078125,1198.8150634765625,1202.9454345703125,0.010526068759062257,1190.25419921875,1203.0308410644532,0.012626851289966198
1896,2022-09-07,1173.1361083984375,1191.4771728515625,1197.5458984375,1186.0545654296875,1188.362060546875,7488501,1193.16162109375,1198.44580078125,1185.9622802734375,1167.8253173828125,1217.4134521484375,1221.497802734375,-0.00581472097039748,1185.066943359375,1204.1326721191406,0.012208741005194668
1897,2022-09-08,1174.79443359375,1193.16162109375,1198.9765625,1186.51611328125,1194.4769287109375,7057077,1185.7315673828125,1191.4771728515625,1198.44580078125,1185.9622802734375,1181.6241455078125,1218.244140625,0.001413747808660215,1187.3744384765625,1204.5537902832032,0.011875487945276911
1898,2022-09-09,1167.4788818359375,1185.7315673828125,1204.5145263671875,1183.2855224609375,1204.5145263671875,8314850,1198.9996337890625,1193.16162109375,1191.4771728515625,1198.44580078125,1167.8253173828125,1214.690673828125,-0.006227198042228821,1190.9556884765625,1204.249200439453,0.011888478597099348
1899,2022-09-12,1180.5426025390625,1198.9996337890625,1205.4376220703125,1186.308349609375,1186.308349609375,7435419,1209.01416015625,1185.7315673828125,1193.16162109375,1191.4771728515625,1185.9622802734375,1208.20654296875,0.011189772433516154,1193.5631591796875,1204.4095703125,0.012138201542109733
1900,2022-09-13,1190.403076171875,1209.01416015625,1213.6060791015625,1200.361083984375,1208.20654296875,8888657,1194.5230712890625,1198.9996337890625,1185.7315673828125,1193.16162109375,1198.44580078125,1198.8150634765625,0.008352401522875974,1195.6768310546875,1204.103826904297,0.0117154662856507
1901,2022-09-14,1176.135009765625,1194.5230712890625,1204.5145263671875,1187.32373046875,1188.362060546875,8678219,1182.6856689453125,1209.01416015625,1198.9996337890625,1185.7315673828125,1191.4771728515625,1217.4134521484375,-0.011985871915110358,1196.2860107421875,1202.6512573242187,0.01187245018891228
1902,2022-09-15,1164.4798583984375,1182.6856689453125,1201.537841796875,1179.939697265625,1192.0540771484375,10365600,1153.38037109375,1194.5230712890625,1209.01416015625,1198.9996337890625,1193.16162109375,1181.6241455078125,-0.009909731028447832,1194.1908203125,1200.2872253417968,0.011928074408387236
1903,2022-09-16,1135.625732421875,1153.38037109375,1178.2091064453125,1149.5960693359375,1173.940185546875,20217708,1154.8802490234375,1182.6856689453125,1194.5230712890625,1209.01416015625,1185.7315673828125,1167.8253173828125,-0.024778602312562237,1187.7205810546875,1196.5467651367187,0.012977220783589757
1904,2022-09-19,1137.1025390625,1154.8802490234375,1164.2255859375,1145.142578125,1153.38037109375,7580254,1155.0648193359375,1153.38037109375,1182.6856689453125,1194.5230712890625,1198.9996337890625,1185.9622802734375,0.0013004191568346535,1178.8967041015626,1193.9762084960937,0.012528306573296438
1905,2022-09-20,1137.2841796875,1155.0648193359375,1171.148193359375,1151.3035888671875,1164.1102294921875,8411448,1158.249267578125,1154.8802490234375,1153.38037109375,1182.6856689453125,1209.01416015625,1198.44580078125,0.00015981770634310166,1168.1068359375,1191.582177734375,0.012537177777498012
1906,2022-09-21,1140.4195556640625,1158.249267578125,1168.9791259765625,1151.442138671875,1152.249755859375,9207309,1147.334716796875,1155.0648193359375,1154.8802490234375,1153.38037109375,1194.5230712890625,1191.4771728515625,0.0027569433237679686,1160.8520751953124,1188.4197509765625,0.011917863786165167
1907,2022-09-22,1129.673095703125,1147.334716796875,1155.134033203125,1140.873779296875,1147.28857421875,10308170,1125.828857421875,1158.249267578125,1155.0648193359375,1154.8802490234375,1182.6856689453125,1193.16162109375,-0.009423317662934583,1153.781884765625,1184.8742797851562,0.012015601502400386
1908,2022-09-23,1108.498291015625,1125.828857421875,1151.8804931640625,1124.259765625,1146.8271484375,9528051,1097.1466064453125,1147.334716796875,1158.249267578125,1155.0648193359375,1153.38037109375,1185.7315673828125,-0.018744189520421672,1148.27158203125,1180.4311889648438,0.01252542940359085
1909,2022-09-26,1080.2576904296875,1097.1466064453125,1115.8143310546875,1096.13134765625,1104.8536376953125,12479523,1105.8690185546875,1125.828857421875,1147.334716796875,1158.249267578125,1154.8802490234375,1198.9996337890625,-0.0254765640332264,1136.724853515625,1174.878192138672,0.013438829564818998
1910,2022-09-27,1088.8455810546875,1105.8690185546875,1119.5986328125,1089.185791015625,1104.83056640625,16154822,1076.42529296875,1097.1466064453125,1125.828857421875,1147.334716796875,1155.0648193359375,1209.01416015625,0.007950088035759473,1126.885693359375,1170.230889892578,0.013708223102889973
1911,2022-09-28,1059.8551025390625,1076.42529296875,1097.4466552734375,1073.956298828125,1089.3011474609375,16997059,1073.1256103515625,1105.8690185546875,1097.1466064453125,1125.828857421875,1158.249267578125,1194.5230712890625,-0.02662496651223567,1110.5208984375,1163.1814819335937,0.013799317761843233
1912,2022-09-29,1056.606201171875,1073.1256103515625,1092.600830078125,1067.4490966796875,1089.1396484375,14671827,1097.331298828125,1076.42529296875,1105.8690185546875,1097.1466064453125,1147.334716796875,1182.6856689453125,-0.0030654079189156302,1095.6790771484375,1157.7565551757812,0.012663262361830924
1913,2022-09-30,1080.439453125,1097.331298828125,1108.5225830078125,1066.526123046875,1066.526123046875,18613024,1093.52392578125,1073.1256103515625,1076.42529296875,1105.8690185546875,1125.828857421875,1153.38037109375,0.022556249001114193,1089.9795654296875,1154.2318542480468,0.013925172697122486
1914,2022-10-03,1076.690673828125,1093.52392578125,1115.4219970703125,1090.524169921875,1103.6768798828125,11852723,1113.69140625,1097.331298828125,1073.1256103515625,1076.42529296875,1097.1466064453125,1154.8802490234375,-0.003469665953154677,1089.255029296875,1149.6099365234375,0.013223762065655177
1915,2022-10-04,1096.5477294921875,1113.69140625,1115.9066162109375,1103.0538330078125,1106.5843505859375,8948850,1117.7987060546875,1093.52392578125,1097.331298828125,1073.1256103515625,1105.8690185546875,1155.0648193359375,0.018442651315874636,1090.8195068359375,1145.372216796875,0.013786873218269881
1916,2022-10-06,1100.591552734375,1117.7987060546875,1130.674560546875,1115.975830078125,1120.983154296875,13352162,1122.5291748046875,1113.69140625,1093.52392578125,1097.331298828125,1076.42529296875,1158.249267578125,0.0036880052962944276,1099.094189453125,1141.6882934570312,0.01386894031867894
1917,2022-10-07,1105.2493896484375,1122.5291748046875,1127.8594970703125,1114.360595703125,1114.360595703125,7714340,1110.2763671875,1117.7987060546875,1113.69140625,1093.52392578125,1073.1256103515625,1147.334716796875,0.004231950461542677,1108.97490234375,1138.156671142578,0.013931334612678859
1918,2022-10-10,1093.1851806640625,1110.2763671875,1115.7220458984375,1102.0616455078125,1109.9071044921875,6329527,1088.17041015625,1122.5291748046875,1117.7987060546875,1113.69140625,1097.331298828125,1125.828857421875,-0.010915357829625605,1111.563916015625,1134.3839111328125,0.014028413560675029
1919,2022-10-11,1071.4195556640625,1088.17041015625,1114.060546875,1085.0322265625,1114.060546875,9215177,1096.177490234375,1110.2763671875,1122.5291748046875,1117.7987060546875,1093.52392578125,1097.1466064453125,-0.019910319344405902,1110.493212890625,1128.8424499511718,0.014074369148204662
1920,2022-10-12,1079.3033447265625,1096.177490234375,1099.1541748046875,1081.3402099609375,1085.4476318359375,7417103,1099.661865234375,1088.17041015625,1110.2763671875,1122.5291748046875,1113.69140625,1105.8690185546875,0.007358296093509242,1106.9904296875,1123.200616455078,0.014027362999543328
1921,2022-10-13,1082.7340087890625,1099.661865234375,1104.83056640625,1089.185791015625,1094.4007568359375,7328492,1094.07763671875,1096.177490234375,1088.17041015625,1110.2763671875,1117.7987060546875,1076.42529296875,0.0031786595063678647,1103.3630615234374,1118.4575561523438,0.014027946718078723
1922,2022-10-14,1077.2357177734375,1094.07763671875,1115.1451416015625,1093.3392333984375,1114.5220947265625,9106089,1111.6376953125,1099.661865234375,1096.177490234375,1088.17041015625,1122.5291748046875,1073.1256103515625,-0.005078132371567512,1097.67275390625,1114.0271545410155,0.013962899226140548
1923,2022-10-17,1094.525634765625,1111.6376953125,1114.060546875,1081.571044921875,1086.8321533203125,16729355,1131.25146484375,1094.07763671875,1099.661865234375,1096.177490234375,1110.2763671875,1097.331298828125,0.016050102848655712,1097.94501953125,1111.9400207519532,0.013715735620827509
1924,2022-10-18,1113.83740234375,1131.25146484375,1136.674072265625,1116.8988037109375,1117.7525634765625,12415820,1150.9344482421875,1111.6376953125,1094.07763671875,1099.661865234375,1088.17041015625,1093.52392578125,0.01764403061713038,1106.56123046875,1110.7585815429688,0.014378037214423827
1925,2022-10-19,1133.2174072265625,1150.9344482421875,1166.6024169921875,1126.8441162109375,1132.7513427734375,19247142,1154.0264892578125,1131.25146484375,1111.6376953125,1094.07763671875,1096.177490234375,1113.69140625,0.017399299810989532,1117.5126220703125,1110.5520629882812,0.01495238718582103
1926,2022-10-20,1136.2618408203125,1154.0264892578125,1162.51806640625,1146.8271484375,1146.8271484375,8717053,1140.6429443359375,1150.9344482421875,1131.25146484375,1111.6376953125,1099.661865234375,1117.7987060546875,0.00268654832631654,1128.385546875,1110.3409240722656,0.014951694336890607
1927,2022-10-21,1123.0843505859375,1140.6429443359375,1161.5028076171875,1138.5201416015625,1157.3031005859375,8243452,1144.4503173828125,1154.0264892578125,1150.9344482421875,1131.25146484375,1094.07763671875,1122.5291748046875,-0.011597259721899733,1137.6986083984375,1110.0063354492188,0.015030916281150834
1928,2022-10-24,1126.833251953125,1144.4503173828125,1154.9033203125,1133.12060546875,1135.28955078125,3370033,1126.77490234375,1140.6429443359375,1154.0264892578125,1150.9344482421875,1111.6376953125,1110.2763671875,0.0033379183782105137,1144.2611328125,1110.9374084472656,0.014393379383958986
1929,2022-10-25,1109.4298095703125,1126.77490234375,1153.2880859375,1125.1365966796875,1153.2880859375,12233241,1131.205322265625,1144.4503173828125,1140.6429443359375,1154.0264892578125,1131.25146484375,1088.17041015625,-0.01544445815654416,1143.3658203125,1112.4188232421875,0.013576715149647882
1930,2022-10-27,1113.7918701171875,1131.205322265625,1139.1893310546875,1122.73681640625,1134.3665771484375,12513059,1165.81787109375,1126.77490234375,1144.4503173828125,1140.6429443359375,1150.9344482421875,1096.177490234375,0.003931947643366573,1139.4199951171875,1113.6856384277344,0.013504550062192887
1931,2022-10-28,1147.871826171875,1165.81787109375,1169.902099609375,1135.0357666015625,1137.5970458984375,17609592,1176.6400146484375,1131.205322265625,1126.77490234375,1144.4503173828125,1154.0264892578125,1099.661865234375,0.030597936684740423,1141.778271484375,1118.1552673339843,0.01335562570800779
1932,2022-10-31,1158.5272216796875,1176.6400146484375,1181.8780517578125,1168.60986328125,1172.671142578125,12419943,1167.525390625,1165.81787109375,1131.205322265625,1126.77490234375,1140.6429443359375,1094.07763671875,0.009282876702288334,1148.977685546875,1123.330987548828,0.013293137710265465
1933,2022-11-01,1149.5528564453125,1167.525390625,1199.8995361328125,1157.441650390625,1199.8995361328125,13963166,1174.8170166015625,1176.6400146484375,1165.81787109375,1131.205322265625,1144.4503173828125,1111.6376953125,-0.00774631485413213,1153.5927001953125,1126.8406921386718,0.012870833037876978
1934,2022-11-02,1156.7322998046875,1174.8170166015625,1176.9168701171875,1160.672119140625,1168.656005859375,8981896,1179.2012939453125,1167.525390625,1176.6400146484375,1165.81787109375,1126.77490234375,1131.25146484375,0.0062453682250620535,1163.201123046875,1130.9053466796875,0.012789595055527934
1935,2022-11-03,1161.0491943359375,1179.2012939453125,1181.23193359375,1165.3101806640625,1167.525390625,6693449,1196.5537109375,1174.8170166015625,1167.525390625,1176.6400146484375,1131.205322265625,1150.9344482421875,0.003731881034914286,1172.8003173828124,1134.180841064453,0.01230923797442523
1936,2022-11-04,1178.1343994140625,1196.5537109375,1199.8995361328125,1177.332275390625,1178.6243896484375,12575815,1202.9454345703125,1179.2012939453125,1174.8170166015625,1167.525390625,1165.81787109375,1154.0264892578125,0.01471539853397763,1178.9474853515626,1138.1185913085938,0.012588611917133573
1937,2022-11-07,1184.427734375,1202.9454345703125,1204.653076171875,1187.900634765625,1195.74609375,11789748,1201.74560546875,1196.5537109375,1179.2012939453125,1174.8170166015625,1176.6400146484375,1140.6429443359375,0.005341777451682184,1184.2085693359375,1142.139404296875,0.012594522431698348
1938,2022-11-09,1183.246337890625,1201.74560546875,1210.029541015625,1195.3076171875,1204.653076171875,11254205,1187.2083740234375,1202.9454345703125,1196.5537109375,1179.2012939453125,1167.525390625,1144.4503173828125,-0.0009974094144935552,1191.0526123046875,1146.7128662109376,0.012183941596372674
1939,2022-11-10,1168.9329833984375,1187.2083740234375,1198.307373046875,1182.8240966796875,1195.2845458984375,5966242,1214.5753173828125,1201.74560546875,1202.9454345703125,1196.5537109375,1174.8170166015625,1126.77490234375,-0.012096762725121168,1193.5308837890625,1151.6647644042969,0.011480649845947564
1940,2022-11-11,1195.8785400390625,1214.5753173828125,1216.5135498046875,1194.361572265625,1199.8995361328125,12310132,1208.691162109375,1187.2083740234375,1201.74560546875,1202.9454345703125,1179.2012939453125,1131.205322265625,0.023051508023506084,1200.6056884765626,1157.5846557617188,0.012204969606960311
1941,2022-11-14,1190.0850830078125,1208.691162109375,1219.2825927734375,1202.2762451171875,1214.0906982421875,9043112,1203.2685546875,1214.5753173828125,1187.2083740234375,1201.74560546875,1196.5537109375,1165.81787109375,-0.00484461950545545,1203.0331787109376,1163.0361206054688,0.012405522480861483
1942,2022-11-15,1184.745849609375,1203.2685546875,1212.0831298828125,1195.2845458984375,1210.1910400390625,7086433,1196.369140625,1208.691162109375,1214.5753173828125,1187.2083740234375,1202.9454345703125,1176.6400146484375,-0.0044863465472947395,1203.097802734375,1168.4956665039062,0.012381377082142944
1943,2022-11-16,1177.95263671875,1196.369140625,1207.260498046875,1191.2926025390625,1204.5145263671875,9716161,1199.461181640625,1203.2685546875,1208.691162109375,1214.5753173828125,1201.74560546875,1167.525390625,-0.005733893764299225,1202.022509765625,1172.7322387695312,0.012301246462369048
1944,2022-11-17,1180.9970703125,1199.461181640625,1205.8990478515625,1190.6695556640625,1192.9539794921875,6661451,1198.8150634765625,1196.369140625,1203.2685546875,1208.691162109375,1187.2083740234375,1174.8170166015625,0.0025845208728885183,1204.4730712890625,1176.142724609375,0.01185903318787788
1945,2022-11-18,1180.36083984375,1198.8150634765625,1204.0531005859375,1186.562255859375,1203.0146484375,5303197,1177.239990234375,1199.461181640625,1196.369140625,1203.2685546875,1214.5753173828125,1179.2012939453125,-0.0005386736761073818,1201.3210205078126,1178.5367553710937,0.011381237158238154
1946,2022-11-21,1159.1180419921875,1177.239990234375,1194.361572265625,1173.6402587890625,1194.361572265625,6390268,1183.7701416015625,1198.8150634765625,1199.461181640625,1196.369140625,1208.691162109375,1196.5537109375,-0.017996998786134588,1195.0307861328124,1179.6974304199218,0.012233084729466685
1947,2022-11-22,1165.547607421875,1183.7701416015625,1185.3623046875,1170.5943603515625,1174.51708984375,6611488,1180.078125,1177.239990234375,1198.8150634765625,1199.461181640625,1203.2685546875,1202.9454345703125,0.005547000969519766,1191.131103515625,1181.8537902832031,0.011894961954040618
1948,2022-11-23,1161.9124755859375,1180.078125,1189.700439453125,1177.8629150390625,1188.362060546875,6413408,1190.2542724609375,1183.7701416015625,1177.239990234375,1198.8150634765625,1196.369140625,1201.74560546875,-0.0031188627519929124,1187.872900390625,1183.6351806640625,0.01194209888967698
1949,2022-11-24,1171.931884765625,1190.2542724609375,1197.130615234375,1175.993896484375,1184.2086181640625,9389439,1208.02197265625,1180.078125,1183.7701416015625,1177.239990234375,1199.461181640625,1187.2083740234375,0.008623282853359893,1186.0315185546874,1186.809149169922,0.01133102089202939
1950,2022-11-25,1189.4261474609375,1208.02197265625,1211.390869140625,1191.638671875,1194.8231201171875,7349922,1249.533935546875,1190.2542724609375,1180.078125,1183.7701416015625,1198.8150634765625,1214.5753173828125,0.014927650844366536,1187.872900390625,1190.6499816894532,0.011650839254400854
1951,2022-11-28,1230.2991943359375,1249.533935546875,1255.76416015625,1154.672607421875,1204.0069580078125,31527484,1251.6798095703125,1208.02197265625,1190.2542724609375,1180.078125,1177.239990234375,1208.691162109375,0.0343635826419173,1202.331689453125,1194.8357849121094,0.012134658208118628
1952,2022-11-29,1232.4119873046875,1251.6798095703125,1260.656005859375,1243.280517578125,1247.8724365234375,11058913,1260.517578125,1249.533935546875,1208.02197265625,1190.2542724609375,1183.7701416015625,1203.2685546875,0.0017173395314775686,1215.913623046875,1198.5877746582032,0.012064017490672593
1953,2022-11-30,1241.1136474609375,1260.517578125,1267.0247802734375,1245.2188720703125,1251.818359375,26164986,1256.802490234375,1251.6798095703125,1249.533935546875,1208.02197265625,1180.078125,1196.369140625,0.0070607263032560486,1232.001513671875,1203.2373840332032,0.011810884727919427
1954,2022-12-01,1237.455810546875,1256.802490234375,1271.4320068359375,1253.43359375,1265.3402099609375,9485801,1256.271728515625,1260.517578125,1251.6798095703125,1249.533935546875,1190.2542724609375,1199.461181640625,-0.0029472717835090645,1245.3111572265625,1207.3366577148438,0.011893586931446138
1955,2022-12-02,1236.93310546875,1256.271728515625,1268.2015380859375,1246.326416015625,1259.89453125,11589592,1237.9501953125,1256.802490234375,1260.517578125,1251.6798095703125,1208.02197265625,1198.8150634765625,-0.0004223111609613639,1254.9611083984375,1211.1901794433593,0.011924550774212762
1956,2022-12-05,1218.893798828125,1237.9501953125,1253.7796630859375,1235.8966064453125,1251.5875244140625,14828536,1241.52685546875,1256.271728515625,1256.802490234375,1260.517578125,1249.533935546875,1177.239990234375,-0.014584052786711377,1252.6443603515625,1213.2600036621093,0.012235937036053916
1957,2022-12-06,1222.4151611328125,1241.52685546875,1244.6650390625,1228.051025390625,1229.9432373046875,8594245,1223.205322265625,1237.9501953125,1256.271728515625,1256.802490234375,1251.6798095703125,1183.7701416015625,0.0028891793626213413,1250.61376953125,1215.1890747070313,0.01221054648335381
1958,2022-12-07,1204.375732421875,1223.205322265625,1243.7420654296875,1219.351806640625,1239.1270751953125,8462111,1222.62841796875,1241.52685546875,1237.9501953125,1256.271728515625,1260.517578125,1180.078125,-0.014757258872348356,1243.151318359375,1216.262060546875,0.012743565639745106
1959,2022-12-08,1203.8077392578125,1222.62841796875,1229.8970947265625,1218.40576171875,1227.589599609375,7757008,1204.0992431640625,1223.205322265625,1241.52685546875,1237.9501953125,1256.802490234375,1190.2542724609375,-0.000471633246171943,1236.31650390625,1218.0330627441406,0.012376421356056893
1960,2022-12-09,1185.563720703125,1204.0992431640625,1227.589599609375,1200.7532958984375,1221.1285400390625,12655763,1205.9451904296875,1222.62841796875,1223.205322265625,1241.52685546875,1256.271728515625,1208.02197265625,-0.015155197222940009,1225.8820068359375,1217.509259033203,0.011817866764836846
1961,2022-12-12,1187.38134765625,1205.9451904296875,1210.5140380859375,1192.97705078125,1193.2078857421875,9479842,1211.4371337890625,1204.0992431640625,1222.62841796875,1223.205322265625,1237.9501953125,1249.533935546875,0.0015330524257903821,1219.481005859375,1217.3719604492187,0.011776665950572914
1962,2022-12-13,1192.7886962890625,1211.4371337890625,1215.1290283203125,1202.9915771484375,1205.9451904296875,8333348,1207.0528564453125,1205.9451904296875,1204.0992431640625,1222.62841796875,1241.52685546875,1251.6798095703125,0.004554057185151228,1213.4630615234375,1217.7803894042968,0.011770852707602827
1963,2022-12-14,1188.471923828125,1207.0528564453125,1217.875,1204.97607421875,1217.2750244140625,7268947,1189.9080810546875,1211.4371337890625,1205.9451904296875,1204.0992431640625,1223.205322265625,1260.517578125,-0.003619071284398534,1210.232568359375,1218.3145751953125,0.011722213400591392
1964,2022-12-15,1171.591064453125,1189.9080810546875,1206.822021484375,1186.51611328125,1201.0533447265625,8688551,1184.02392578125,1207.0528564453125,1211.4371337890625,1205.9451904296875,1222.62841796875,1256.802490234375,-0.014203831505038789,1203.6885009765624,1217.8369201660157,0.012158769525313863
1965,2022-12-16,1165.797607421875,1184.02392578125,1208.5758056640625,1180.5858154296875,1186.51611328125,15837349,1199.5765380859375,1189.9080810546875,1207.0528564453125,1211.4371337890625,1204.0992431640625,1256.271728515625,-0.004945050266590312,1199.6734375,1217.09736328125,0.012202593555171934
1966,2022-12-19,1181.1107177734375,1199.5765380859375,1201.74560546875,1184.5316162109375,1191.131103515625,7729933,1209.9603271484375,1184.02392578125,1189.9080810546875,1207.0528564453125,1205.9451904296875,1237.9501953125,0.013135386849911335,1198.39970703125,1218.2141906738282,0.011840187852425308
1967,2022-12-20,1191.334716796875,1209.9603271484375,1211.8985595703125,1184.2086181640625,1192.469482421875,7467588,1192.746337890625,1199.5765380859375,1184.02392578125,1189.9080810546875,1211.4371337890625,1241.52685546875,0.008656212198905333,1198.104345703125,1219.523699951172,0.011923065941801227
1968,2022-12-21,1174.3856201171875,1192.746337890625,1215.1290283203125,1188.8697509765625,1209.591064453125,8527550,1189.654296875,1209.9603271484375,1199.5765380859375,1184.02392578125,1207.0528564453125,1223.205322265625,-0.014226903867485818,1195.2430419921875,1220.1571105957032,0.012382817367830808
1969,2022-12-22,1171.3411865234375,1189.654296875,1202.0455322265625,1184.5546875,1198.9765625,7451122,1154.764892578125,1192.746337890625,1209.9603271484375,1199.5765380859375,1189.9080810546875,1222.62841796875,-0.0025923709990954835,1195.19228515625,1220.1271118164063,0.012253938590465112
1970,2022-12-23,1136.9888916015625,1154.764892578125,1195.515380859375,1150.1729736328125,1182.9625244140625,10257115,1164.8486328125,1189.654296875,1192.746337890625,1209.9603271484375,1184.02392578125,1204.0992431640625,-0.029327346934754916,1189.340478515625,1217.4642578125,0.013370020624679393
1971,2022-12-26,1146.9173583984375,1164.8486328125,1173.132568359375,1150.2421875,1160.5567626953125,5990242,1174.378662109375,1154.764892578125,1189.654296875,1192.746337890625,1199.5765380859375,1205.9451904296875,0.008732288536986932,1182.3948974609375,1213.2299926757812,0.010632243304736977
1972,2022-12-27,1156.3006591796875,1174.378662109375,1176.270751953125,1160.7874755859375,1167.5946044921875,5763271,1174.2633056640625,1164.8486328125,1154.764892578125,1189.654296875,1209.9603271484375,1211.4371337890625,0.008181345651636196,1175.278564453125,1209.3649353027345,0.01089260546373907
1973,2022-12-28,1156.1871337890625,1174.2633056640625,1176.7322998046875,1163.671875,1171.28662109375,7459393,1173.7325439453125,1174.378662109375,1164.8486328125,1154.764892578125,1192.746337890625,1207.0528564453125,-9.822764073841306e-05,1171.5819580078125,1205.0522216796876,0.010655294769154815
1974,2022-12-29,1155.66455078125,1173.7325439453125,1176.31689453125,1165.517822265625,1166.2100830078125,6930648,1175.5323486328125,1174.2633056640625,1174.378662109375,1164.8486328125,1189.654296875,1189.9080810546875,-0.0004519954904406154,1168.397607421875,1200.8987243652343,0.010676490987324825
1975,2022-12-30,1157.4365234375,1175.5323486328125,1189.2850341796875,1172.71728515625,1174.563232421875,7289476,1188.7774658203125,1173.7325439453125,1174.2633056640625,1174.378662109375,1154.764892578125,1184.02392578125,0.0015334027302764675,1172.5510986328125,1196.8617553710938,0.010713692007322754
1976,2023-01-02,1170.477783203125,1188.7774658203125,1190.2081298828125,1175.993896484375,1176.8245849609375,5316175,1180.078125,1175.5323486328125,1173.7325439453125,1174.2633056640625,1164.8486328125,1199.5765380859375,0.011267335350579222,1177.336865234375,1194.4031188964843,0.010834452579612658
1977,2023-01-03,1161.9124755859375,1180.078125,1187.4390869140625,1175.809326171875,1183.7701416015625,7658932,1162.3104248046875,1188.7774658203125,1175.5323486328125,1173.7325439453125,1174.378662109375,1209.9603271484375,-0.007317888394115513,1178.4767578125,1191.3306823730468,0.010833998702656717
1978,2023-01-04,1144.418212890625,1162.3104248046875,1181.9241943359375,1160.2105712890625,1180.0550537109375,9264891,1160.233642578125,1180.078125,1188.7774658203125,1175.5323486328125,1174.2633056640625,1192.746337890625,-0.01505637619993383,1176.086181640625,1188.2859375,0.010852032300748457
1979,2023-01-05,1142.37353515625,1160.233642578125,1170.5482177734375,1155.5955810546875,1164.5948486328125,13637099,1170.7789306640625,1162.3104248046875,1180.078125,1188.7774658203125,1173.7325439453125,1189.654296875,-0.0017867707130919674,1173.3864013671875,1185.1661987304688,0.010843116099087212
1980,2023-01-06,1152.7564697265625,1170.7789306640625,1175.8785400390625,1162.195068359375,1166.048583984375,6349597,1198.4227294921875,1160.233642578125,1162.3104248046875,1180.078125,1175.5323486328125,1154.764892578125,0.009088934934264659,1172.4357177734375,1183.5001831054688,0.010715288506241498
1981,2023-01-09,1179.974609375,1198.4227294921875,1200.8226318359375,1173.755615234375,1174.655517578125,10722753,1180.701171875,1170.7789306640625,1160.233642578125,1162.3104248046875,1188.7774658203125,1164.8486328125,0.023611459092832687,1174.3647705078124,1183.1240600585938,0.012078245673012772
1982,2023-01-10,1162.5260009765625,1180.701171875,1202.6685791015625,1174.9786376953125,1202.6685791015625,8047142,1165.81787109375,1198.4227294921875,1170.7789306640625,1160.233642578125,1180.078125,1174.378662109375,-0.01478740112405641,1174.4893798828125,1181.5872619628906,0.012442730139047474
1983,2023-01-11,1147.871826171875,1165.81787109375,1180.5166015625,1163.4871826171875,1177.9783935546875,11509553,1140.6429443359375,1180.701171875,1198.4227294921875,1170.7789306640625,1162.3104248046875,1174.2633056640625,-0.012605476420096018,1175.190869140625,1179.5255126953125,0.012694006966915848
1984,2023-01-12,1123.0843505859375,1140.6429443359375,1168.748291015625,1137.5970458984375,1165.2178955078125,17688773,1138.7969970703125,1165.81787109375,1180.701171875,1198.4227294921875,1160.233642578125,1173.7325439453125,-0.021594219287609517,1171.2727294921874,1177.062255859375,0.013176769657374311
1985,2023-01-13,1121.266845703125,1138.7969970703125,1141.242919921875,1123.5675048828125,1134.5511474609375,20618583,1127.9517822265625,1140.6429443359375,1165.81787109375,1180.701171875,1170.7789306640625,1175.5323486328125,-0.001618339266280855,1164.8763427734375,1174.8009094238282,0.01315900947016625
1986,2023-01-16,1110.5885009765625,1127.9517822265625,1144.3580322265625,1120.06005859375,1141.150634765625,13623855,1143.9658203125,1138.7969970703125,1140.6429443359375,1165.81787109375,1198.4227294921875,1188.7774658203125,-0.00952339606764907,1150.7821533203125,1171.2196716308595,0.01276940632674198
1987,2023-01-17,1126.3560791015625,1143.9658203125,1145.904052734375,1130.9515380859375,1134.3665771484375,10751000,1142.0736083984375,1127.9517822265625,1138.7969970703125,1140.6429443359375,1180.701171875,1180.078125,0.014197449162521858,1143.4350830078124,1167.9199462890624,0.013091580332595547
1988,2023-01-18,1124.492919921875,1142.0736083984375,1149.6422119140625,1135.451171875,1141.5198974609375,13448286,1140.8507080078125,1143.9658203125,1127.9517822265625,1138.7969970703125,1165.81787109375,1162.3104248046875,-0.0016540808129613671,1138.68623046875,1165.3863098144532,0.012808696727065338
1989,2023-01-19,1123.2889404296875,1140.8507080078125,1145.05029296875,1133.7435302734375,1141.242919921875,11940054,1127.2825927734375,1142.0736083984375,1143.9658203125,1127.9517822265625,1140.6429443359375,1160.233642578125,-0.0010707719551806827,1138.727783203125,1162.9461303710937,0.012810075117442867
1990,2023-01-20,1109.9296875,1127.2825927734375,1142.2120361328125,1124.79052734375,1142.2120361328125,14930286,1121.5830078125,1140.8507080078125,1142.0736083984375,1143.9658203125,1138.7969970703125,1170.7789306640625,-0.011892980509314866,1136.42490234375,1161.5720153808593,0.01136532138791364
1991,2023-01-23,1104.3177490234375,1121.5830078125,1138.15087890625,1119.1370849609375,1130.213134765625,10954118,1114.9605712890625,1127.2825927734375,1140.8507080078125,1142.0736083984375,1127.9517822265625,1198.4227294921875,-0.005056039184384908,1135.1511474609374,1159.4087341308593,0.011150983986221896
1992,2023-01-24,1097.7972412109375,1114.9605712890625,1127.7440185546875,1101.7615966796875,1126.0595703125,16488755,1099.54638671875,1121.5830078125,1127.2825927734375,1140.8507080078125,1143.9658203125,1180.701171875,-0.005904544271184808,1129.35009765625,1156.4378295898437,0.010927875377209396
1993,2023-01-25,1082.620361328125,1099.54638671875,1114.3836669921875,1098.36962890625,1113.3453369140625,12385018,1078.6866455078125,1114.9605712890625,1121.5830078125,1127.2825927734375,1142.0736083984375,1165.81787109375,-0.013824869656593686,1120.8446533203125,1152.7019836425782,0.011194513824140915
1994,2023-01-27,1062.0816650390625,1078.6866455078125,1101.7615966796875,1066.8260498046875,1100.4002685546875,25830975,1089.0242919921875,1099.54638671875,1114.9605712890625,1121.5830078125,1140.8507080078125,1140.6429443359375,-0.018971224372976936,1108.4118408203126,1147.949688720703,0.01170746622613063
1995,2023-01-30,1072.2603759765625,1089.0242919921875,1094.6314697265625,1061.9111328125,1076.0792236328125,21772103,1086.3013916015625,1078.6866455078125,1099.54638671875,1114.9605712890625,1127.2825927734375,1138.7969970703125,0.009583549149724035,1100.7601806640625,1143.624285888672,0.012046558958615162
1996,2023-01-31,1069.5792236328125,1086.3013916015625,1101.900146484375,1080.37109375,1099.2926025390625,22691594,1079.863525390625,1089.0242919921875,1078.6866455078125,1099.54638671875,1121.5830078125,1127.9517822265625,-0.0025003118944609826,1093.703857421875,1138.5004821777343,0.01152560571595648
1997,2023-02-01,1063.240478515625,1079.863525390625,1098.3465576171875,1063.757080078125,1098.3465576171875,19347800,1073.8870849609375,1086.3013916015625,1089.0242919921875,1078.6866455078125,1114.9605712890625,1143.9658203125,-0.005926408877600653,1086.6844482421875,1133.4897521972657,0.0115114731678326
1998,2023-02-02,1057.35595703125,1073.8870849609375,1083.6015625,1066.526123046875,1069.756591796875,13662663,1074.8331298828125,1079.863525390625,1086.3013916015625,1089.0242919921875,1099.54638671875,1142.0736083984375,-0.005534440500271187,1081.552587890625,1129.068585205078,0.011239702159042594
1999,2023-02-03,1058.28759765625,1074.8331298828125,1084.0631103515625,1058.2191162109375,1084.0631103515625,24699575,1066.7337646484375,1073.8870849609375,1079.863525390625,1086.3013916015625,1078.6866455078125,1140.8507080078125,0.0008809538126715033,1080.781884765625,1124.7985595703126,0.011281707929905868
2000,2023-02-06,1050.3128662109375,1066.7337646484375,1071.14111328125,1064.1263427734375,1068.3720703125,14837879,1064.1724853515625,1074.8331298828125,1073.8870849609375,1079.863525390625,1089.0242919921875,1127.2825927734375,-0.0075354629562432995,1076.323779296875,1119.5963012695313,0.010891244335122096
2001,2023-02-07,1047.791015625,1064.1724853515625,1074.0947265625,1058.2191162109375,1066.9876708984375,15135435,1085.424560546875,1066.7337646484375,1074.8331298828125,1073.8870849609375,1086.3013916015625,1121.5830078125,-0.0024010483044184516,1071.897998046875,1112.8837890625,0.008674198261460098
2002,2023-02-08,1068.7159423828125,1085.424560546875,1089.093505859375,1064.68017578125,1067.4490966796875,21160332,1087.316650390625,1064.1724853515625,1066.7337646484375,1074.8331298828125,1079.863525390625,1114.9605712890625,0.019970517456379788,1073.010205078125,1108.1199584960937,0.010152981833434757
2003,2023-02-09,1070.578857421875,1087.316650390625,1094.1468505859375,1077.140625,1086.1168212890625,13172763,1078.3636474609375,1085.424560546875,1064.1724853515625,1066.7337646484375,1073.8870849609375,1099.54638671875,0.0017431795009288376,1075.6961181640625,1104.1948974609375,0.010030193874792282
2004,2023-02-10,1061.763671875,1078.3636474609375,1086.7860107421875,1071.279541015625,1086.7860107421875,10790445,1072.2257080078125,1087.316650390625,1085.424560546875,1064.1724853515625,1074.8331298828125,1078.6866455078125,-0.008234034608474938,1076.4022216796875,1101.0809326171875,0.009164432274298731
2005,2023-02-13,1055.72021484375,1072.2257080078125,1084.524658203125,1067.7030029296875,1080.001953125,10352493,1097.4927978515625,1078.3636474609375,1087.316650390625,1085.424560546875,1066.7337646484375,1089.0242919921875,-0.005691901305813762,1077.5006103515625,1097.7523681640625,0.009182887593089863
2006,2023-02-14,1080.598388671875,1097.4927978515625,1099.2464599609375,1072.3641357421875,1075.2716064453125,14321920,1122.344482421875,1072.2257080078125,1078.3636474609375,1087.316650390625,1064.1724853515625,1086.3013916015625,0.023565084902409383,1084.1646728515625,1096.2294189453125,0.010781136786989526
2007,2023-02-15,1105.0675048828125,1122.344482421875,1124.7674560546875,1095.13916015625,1096.5235595703125,33503591,1121.4676513671875,1097.4927978515625,1072.2257080078125,1078.3636474609375,1085.424560546875,1079.863525390625,0.022644052534068315,1091.5486572265625,1095.1483520507813,0.011558141734749021
2008,2023-02-16,1104.2042236328125,1121.4676513671875,1137.0433349609375,1119.16015625,1130.4207763671875,17264487,1126.15185546875,1122.344482421875,1097.4927978515625,1072.2257080078125,1087.316650390625,1073.8870849609375,-0.0007812494901702216,1098.378857421875,1094.1180541992187,0.011556754742489706
2009,2023-02-17,1108.8162841796875,1126.15185546875,1129.5208740234375,1112.491455078125,1116.82958984375,11809520,1114.2452392578125,1121.4676513671875,1122.344482421875,1097.4927978515625,1078.3636474609375,1074.8331298828125,0.004176851731614306,1107.9364990234376,1093.3831115722655,0.011610848109270055
2010,2023-02-20,1097.093017578125,1114.2452392578125,1130.5592041015625,1112.2607421875,1128.3670654296875,8836937,1123.3367919921875,1126.15185546875,1121.4676513671875,1122.344482421875,1072.2257080078125,1066.7337646484375,-0.010572833630844158,1116.3404052734375,1092.7312438964843,0.011546751795623474
2011,2023-02-21,1106.0445556640625,1123.3367919921875,1129.19775390625,1113.299072265625,1118.6756591796875,13311592,1097.8619384765625,1114.2452392578125,1126.15185546875,1121.4676513671875,1097.4927978515625,1064.1724853515625,0.008159382166560425,1121.5092041015625,1092.8189331054687,0.011651081518287547
2012,2023-02-22,1080.9619140625,1097.8619384765625,1121.444580078125,1096.085205078125,1119.5755615234375,11024335,1092.600830078125,1123.3367919921875,1114.2452392578125,1126.15185546875,1122.344482421875,1085.424560546875,-0.022677841318137992,1116.6126953125,1091.9640014648437,0.012668511289125798
2013,2023-02-23,1075.78173828125,1092.600830078125,1105.1767578125,1089.7626953125,1097.4466552734375,9851910,1100.0771484375,1097.8619384765625,1123.3367919921875,1114.2452392578125,1121.4676513671875,1087.316650390625,-0.004792140262862232,1110.8393310546876,1091.6167236328124,0.012332394867969356
2014,2023-02-24,1083.1429443359375,1100.0771484375,1105.8228759765625,1092.8316650390625,1094.6776123046875,9434053,1092.7623291015625,1092.600830078125,1097.8619384765625,1123.3367919921875,1126.15185546875,1078.3636474609375,0.0068426804680721265,1105.6243896484375,1092.6862487792969,0.01159833265393776
2015,2023-02-27,1075.9407958984375,1092.7623291015625,1102.8231201171875,1085.3092041015625,1099.2926025390625,11199715,1071.8564453125,1100.0771484375,1092.600830078125,1097.8619384765625,1114.2452392578125,1072.2257080078125,-0.006649369406797612,1101.3278076171875,1092.8731506347656,0.011537253987491562
2016,2023-02-28,1055.356689453125,1071.8564453125,1092.3701171875,1067.7491455078125,1087.3397216796875,21994038,1081.70947265625,1092.7623291015625,1100.0771484375,1092.600830078125,1123.3367919921875,1097.4927978515625,-0.01913122664674094,1091.03173828125,1092.1509033203124,0.012317663718715526
2017,2023-03-01,1065.0579833984375,1081.70947265625,1082.4478759765625,1072.179443359375,1081.755615234375,11551145,1073.4716796875,1071.8564453125,1092.7623291015625,1100.0771484375,1097.8619384765625,1122.344482421875,0.00919248784372173,1087.8012451171876,1092.2432006835938,0.012436750117451508
2018,2023-03-02,1056.947021484375,1073.4716796875,1085.2861328125,1071.41796875,1078.525146484375,9333535,1100.8616943359375,1081.70947265625,1071.8564453125,1092.7623291015625,1092.600830078125,1121.4676513671875,-0.007615531875228232,1083.9754150390625,1092.222430419922,0.012495457126317326
2019,2023-03-03,1083.9154052734375,1100.8616943359375,1104.5767822265625,1080.625,1084.13232421875,14643807,1111.6146240234375,1073.4716796875,1081.70947265625,1071.8564453125,1100.0771484375,1126.15185546875,0.02551535840834762,1084.13232421875,1093.523858642578,0.01373396832738706
2020,2023-03-06,1094.5028076171875,1111.6146240234375,1118.9525146484375,1107.599609375,1107.599609375,10171916,1115.606689453125,1100.8616943359375,1073.4716796875,1081.70947265625,1092.7623291015625,1114.2452392578125,0.009767738983766261,1087.902783203125,1095.7679016113282,0.013693939203421806
2021,2023-03-08,1098.433349609375,1115.606689453125,1116.3681640625,1100.6771240234375,1111.6146240234375,15782657,1088.79345703125,1111.6146240234375,1100.8616943359375,1073.4716796875,1071.8564453125,1123.3367919921875,0.0035912314784403154,1096.65283203125,1098.3396118164062,0.013654586877064768
2022,2023-03-09,1072.032958984375,1088.79345703125,1115.39892578125,1086.8782958984375,1114.983642578125,16235128,1071.9256591796875,1115.606689453125,1111.6146240234375,1100.8616943359375,1081.70947265625,1097.8619384765625,-0.024034664434487207,1098.06962890625,1098.508056640625,0.014216839465936104
2023,2023-03-10,1055.4248046875,1071.9256591796875,1081.755615234375,1068.3951416015625,1080.6019287109375,13334091,1054.29638671875,1088.79345703125,1115.606689453125,1111.6146240234375,1073.4716796875,1092.600830078125,-0.015492192520659476,1097.7604248046875,1097.738507080078,0.01463775910589803
2024,2023-03-13,1038.06689453125,1054.29638671875,1081.755615234375,1049.912109375,1074.8331298828125,12771592,1050.3505859375,1071.9256591796875,1088.79345703125,1115.606689453125,1100.8616943359375,1100.0771484375,-0.016446357366264208,1088.44736328125,1096.5351440429688,0.014974176300374516
2025,2023-03-14,1034.181884765625,1050.3505859375,1063.7340087890625,1047.166259765625,1052.2196044921875,16027522,1032.398193359375,1054.29638671875,1071.9256591796875,1088.79345703125,1111.6146240234375,1092.7623291015625,-0.0037425915814151,1076.1945556640626,1095.441387939453,0.014948499216970206
2026,2023-03-15,1016.5057983398438,1032.398193359375,1060.6650390625,1027.9447021484375,1054.11181640625,21728555,1027.25244140625,1050.3505859375,1054.29638671875,1071.9256591796875,1115.606689453125,1071.8564453125,-0.01709180993325332,1059.5528564453125,1092.1866577148437,0.014188067628255842
2027,2023-03-16,1011.4392700195312,1027.25244140625,1040.2205810546875,1016.31494140625,1035.1441650390625,18363159,1025.9603271484375,1032.398193359375,1050.3505859375,1054.29638671875,1088.79345703125,1081.70947265625,-0.004984270590769779,1047.2446533203124,1087.4320556640625,0.012845763540271471
2028,2023-03-17,1010.1671142578124,1025.9603271484375,1039.2745361328125,1021.1607055664062,1035.9517822265625,34014213,1015.8765258789062,1027.25244140625,1032.398193359375,1050.3505859375,1071.9256591796875,1073.4716796875,-0.0012578351783166797,1038.0515869140625,1082.656689453125,0.012839258175871416
2029,2023-03-20,1000.2384643554688,1015.8765258789062,1024.5296630859375,1006.0696411132812,1022.22216796875,19524589,1047.4661865234375,1025.9603271484375,1027.25244140625,1032.398193359375,1054.29638671875,1100.8616943359375,-0.009828646393723828,1030.3676147460938,1077.1429229736327,0.012730495682033495
2030,2023-03-21,1031.3416748046875,1047.4661865234375,1049.45068359375,1023.1451416015624,1024.0450439453125,21400360,1050.6505126953125,1015.8765258789062,1025.9603271484375,1027.25244140625,1050.3505859375,1111.6146240234375,0.031095964755363248,1029.7907348632812,1073.803970336914,0.014990338485257318
2031,2023-03-22,1034.477294921875,1050.6505126953125,1057.5037841796875,1047.6046142578125,1054.527099609375,10920094,1037.359375,1047.4661865234375,1015.8765258789062,1025.9603271484375,1032.398193359375,1115.606689453125,0.00304002765229483,1033.4411987304688,1070.1696563720702,0.014833017304721249
2032,2023-03-23,1021.3906860351562,1037.359375,1047.5584716796875,1035.167236328125,1046.681640625,16249370,1016.8225708007812,1050.6505126953125,1047.4661865234375,1015.8765258789062,1027.25244140625,1088.79345703125,-0.012650389006345963,1035.4625854492188,1067.1445281982421,0.014301171486145271
2033,2023-03-24,1001.169921875,1016.8225708007812,1038.3746337890625,1014.3766479492188,1036.1824951171875,12375945,1032.62890625,1037.359375,1050.6505126953125,1047.4661865234375,1025.9603271484375,1071.9256591796875,-0.019797193426066784,1033.6350341796874,1063.355615234375,0.014799748148720728
2034,2023-03-27,1016.73291015625,1032.62890625,1040.2205810546875,1015.3919677734376,1023.3759155273438,14054323,1037.45166015625,1016.8225708007812,1037.359375,1050.6505126953125,1015.8765258789062,1054.29638671875,0.015544831422035443,1036.9855102539063,1059.983203125,0.015240674656601633
2035,2023-03-28,1021.4815673828124,1037.45166015625,1041.3743896484375,1032.3751220703125,1036.067138671875,12576424,1031.313720703125,1032.62890625,1016.8225708007812,1037.359375,1047.4661865234375,1050.3505859375,0.004670365004369126,1034.9826049804688,1057.2176696777344,0.015309951934303635
2036,2023-03-29,1015.43798828125,1031.313720703125,1035.974853515625,1020.4223022460938,1033.298095703125,18804065,1075.7791748046875,1037.45166015625,1032.62890625,1016.8225708007812,1050.6505126953125,1032.398193359375,-0.005916361878683163,1031.1152465820312,1055.1905334472656,0.014831303714869168
2037,2023-03-31,1059.2191162109375,1075.7791748046875,1081.5018310546875,1040.543701171875,1040.68212890625,28171201,1075.9637451171875,1031.313720703125,1037.45166015625,1032.62890625,1037.359375,1027.25244140625,0.04311535201068306,1038.7992065429687,1054.8940185546876,0.0177998993314558
2038,2023-04-03,1059.40087890625,1075.9637451171875,1084.0631103515625,1068.3720703125,1082.2171630859375,10293043,1073.37939453125,1075.7791748046875,1031.313720703125,1037.45166015625,1016.8225708007812,1025.9603271484375,0.00017156895840964026,1050.62744140625,1055.018621826172,0.017712399856098068
2039,2023-04-05,1056.856201171875,1073.37939453125,1083.6015625,1065.3955078125,1083.6015625,16262928,1080.5787353515625,1075.9637451171875,1075.7791748046875,1031.313720703125,1032.62890625,1015.8765258789062,-0.00240189374192723,1058.7775390625,1053.6445068359376,0.016688055513639114
2040,2023-04-06,1063.9447021484375,1080.5787353515625,1086.37060546875,1069.8258056640625,1069.8258056640625,18435046,1072.9178466796875,1073.37939453125,1075.9637451171875,1075.7791748046875,1037.45166015625,1047.4661865234375,0.006707172558922281,1067.4029541015625,1052.0927124023438,0.016596623819569438
2041,2023-04-10,1056.4017333984375,1072.9178466796875,1084.709228515625,1071.3948974609375,1084.524658203125,12961408,1078.22509765625,1080.5787353515625,1073.37939453125,1075.9637451171875,1031.313720703125,1050.6505126953125,-0.007089616352095374,1075.723779296875,1049.958270263672,0.01660328790848443
2042,2023-04-11,1061.627197265625,1078.22509765625,1080.37109375,1072.5487060546875,1077.140625,10542367,1082.9786376953125,1072.9178466796875,1080.5787353515625,1073.37939453125,1075.7791748046875,1037.359375,0.004946558576676363,1076.2129638671875,1049.4298522949218,0.015808026675981
2043,2023-04-12,1066.3076171875,1082.9786376953125,1092.7392578125,1075.3177490234375,1078.22509765625,18179087,1087.0628662109375,1078.22509765625,1072.9178466796875,1080.5787353515625,1075.9637451171875,1016.8225708007812,0.004408671296369571,1077.6159423828126,1049.9825012207032,0.015427841844499588
2044,2023-04-13,1070.3291015625,1087.0628662109375,1091.8162841796875,1080.8326416015625,1085.9090576171875,12378208,1092.5777587890625,1082.9786376953125,1078.22509765625,1072.9178466796875,1073.37939453125,1032.62890625,0.003771291855134473,1080.35263671875,1051.6208251953126,0.014903886927822647
2045,2023-04-17,1075.759033203125,1092.5777587890625,1119.114013671875,1084.086181640625,1119.114013671875,17929479,1080.0711669921875,1087.0628662109375,1082.9786376953125,1078.22509765625,1080.5787353515625,1037.45166015625,0.005073204825170485,1082.75244140625,1053.7321838378907,0.0148667733435228
2046,2023-04-18,1063.44482421875,1080.0711669921875,1096.985107421875,1073.4486083984375,1096.985107421875,10405576,1085.4476318359375,1092.5777587890625,1087.0628662109375,1082.9786376953125,1072.9178466796875,1031.313720703125,-0.011446866546813483,1084.18310546875,1056.1158325195313,0.014533561538441153
2047,2023-04-19,1068.7386474609375,1085.4476318359375,1088.17041015625,1076.3099365234375,1079.47119140625,12273475,1082.70166015625,1080.0711669921875,1092.5777587890625,1087.0628662109375,1078.22509765625,1075.7791748046875,0.004977880169436011,1085.6276123046875,1059.0255920410157,0.014439063481991345
2048,2023-04-20,1066.034912109375,1082.70166015625,1088.6781005859375,1076.2637939453125,1086.416748046875,7007330,1084.0631103515625,1085.4476318359375,1080.0711669921875,1092.5777587890625,1082.9786376953125,1075.9637451171875,-0.0025298057678222463,1085.572216796875,1061.8626586914063,0.014460925009918031
2049,2023-04-21,1067.37548828125,1084.0631103515625,1089.60107421875,1078.2481689453125,1084.8245849609375,7647317,1088.2166748046875,1082.70166015625,1085.4476318359375,1080.0711669921875,1087.0628662109375,1073.37939453125,0.0012574564586111947,1084.972265625,1065.271987915039,0.014161016164430568
2050,2023-04-24,1071.465087890625,1088.2166748046875,1098.784912109375,1083.6015625,1096.0621337890625,12936186,1096.546630859375,1084.0631103515625,1082.70166015625,1085.4476318359375,1092.5777587890625,1080.5787353515625,0.0038314784568012072,1084.100048828125,1067.3095123291016,0.012572395972508008
2051,2023-04-25,1079.666748046875,1096.546630859375,1098.646484375,1084.75537109375,1091.9085693359375,9236126,1090.1087646484375,1088.2166748046875,1084.0631103515625,1082.70166015625,1080.0711669921875,1072.9178466796875,0.0076546851813150685,1087.3951416015625,1069.6043182373046,0.01263498207710455
2052,2023-04-26,1073.3280029296875,1090.1087646484375,1101.184814453125,1086.3936767578125,1097.9080810546875,8617834,1097.0081787109375,1096.546630859375,1088.2166748046875,1084.0631103515625,1085.4476318359375,1078.22509765625,-0.005871037336453333,1088.3273681640626,1072.2417877197265,0.01230173284791623
2053,2023-04-27,1080.1212158203125,1097.0081787109375,1100.215576171875,1090.985595703125,1096.0621337890625,9167125,1117.060302734375,1090.1087646484375,1096.546630859375,1088.2166748046875,1082.70166015625,1082.9786376953125,0.0063291061279788785,1091.188671875,1076.2510681152344,0.011135226919665744
2054,2023-04-28,1099.86474609375,1117.060302734375,1118.6295166015625,1099.17724609375,1099.2926025390625,15565210,1126.544189453125,1097.0081787109375,1090.1087646484375,1096.546630859375,1084.0631103515625,1087.0628662109375,0.018278919348623468,1097.7881103515624,1080.472637939453,0.011301763661986937
2055,2023-05-02,1109.2025146484375,1126.544189453125,1128.736328125,1120.5677490234375,1124.305908203125,12981805,1116.875732421875,1117.060302734375,1097.0081787109375,1090.1087646484375,1088.2166748046875,1092.5777587890625,0.008490040059193849,1105.45361328125,1084.927264404297,0.011345930368958776
2056,2023-05-03,1099.6829833984375,1116.875732421875,1128.3670654296875,1113.6221923828125,1128.3670654296875,7061872,1129.7515869140625,1126.544189453125,1117.060302734375,1097.0081787109375,1096.546630859375,1080.0711669921875,-0.00858240371018515,1109.51943359375,1089.2053649902343,0.011485692909024103
2057,2023-05-04,1112.360595703125,1129.7515869140625,1131.9898681640625,1114.3375244140625,1117.3603515625,8635233,1126.8671875,1116.875732421875,1126.544189453125,1117.060302734375,1090.1087646484375,1085.4476318359375,0.011528457569999429,1117.447998046875,1091.903985595703,0.007206468382121641
2058,2023-05-05,1109.5206298828125,1126.8671875,1135.91259765625,1124.213623046875,1126.5211181640625,8746585,1140.781494140625,1129.7515869140625,1116.875732421875,1126.544189453125,1097.0081787109375,1082.70166015625,-0.002553127118804288,1123.4197998046875,1094.4491577148438,0.0072777126973936675
2059,2023-05-08,1123.220703125,1140.781494140625,1146.2041015625,1127.974853515625,1130.674560546875,9153782,1144.3118896484375,1126.8671875,1129.7515869140625,1116.875732421875,1117.060302734375,1084.0631103515625,0.012347778686762956,1128.1640380859376,1097.8192626953125,0.007515452929374235
2060,2023-05-09,1126.69677734375,1144.3118896484375,1147.6578369140625,1136.7894287109375,1142.2120361328125,6464721,1152.1805419921875,1140.781494140625,1126.8671875,1129.7515869140625,1126.544189453125,1088.2166748046875,0.003094716670936304,1131.717578125,1101.0059204101562,0.007466855261568667
2061,2023-05-10,1134.4443359375,1152.1805419921875,1153.680419921875,1145.0733642578125,1149.1346435546875,10872255,1144.6580810546875,1144.3118896484375,1140.781494140625,1126.8671875,1116.875732421875,1096.546630859375,0.006876317912040131,1138.7785400390626,1104.9690551757812,0.007129280987130172
2062,2023-05-11,1127.0377197265625,1144.6580810546875,1158.1337890625,1142.9273681640625,1153.2650146484375,10557860,1146.527099609375,1152.1805419921875,1144.3118896484375,1140.781494140625,1129.7515869140625,1090.1087646484375,-0.0065288907973513055,1141.7598388671875,1108.290704345703,0.007468422365340931
2063,2023-05-12,1128.8779296875,1146.527099609375,1147.9346923828125,1133.67431640625,1139.812255859375,6955341,1148.7884521484375,1144.6580810546875,1152.1805419921875,1144.3118896484375,1126.8671875,1097.0081787109375,0.0016328182062588237,1145.6918212890625,1111.4681274414063,0.007467057839462816
2064,2023-05-15,1131.1044921875,1148.7884521484375,1155.849365234375,1141.3582763671875,1149.0885009765625,6833343,1132.4283447265625,1146.527099609375,1144.6580810546875,1152.1805419921875,1140.781494140625,1117.060302734375,0.001972349837900067,1147.293212890625,1114.5544067382812,0.007466611579360988
2065,2023-05-16,1114.99609375,1132.4283447265625,1153.56494140625,1130.7437744140625,1150.9805908203125,8717229,1125.736572265625,1148.7884521484375,1146.527099609375,1144.6580810546875,1144.3118896484375,1126.544189453125,-0.014241183736900087,1144.91650390625,1116.5469360351562,0.008352482406224814
2066,2023-05-17,1108.4072265625,1125.736572265625,1137.5970458984375,1120.983154296875,1136.674072265625,8798967,1123.313720703125,1132.4283447265625,1148.7884521484375,1146.527099609375,1152.1805419921875,1116.875732421875,-0.005909223742146197,1139.6277099609374,1118.8302062988282,0.007972477115455092
2067,2023-05-18,1106.0218505859375,1123.313720703125,1133.9051513671875,1120.1292724609375,1130.4669189453125,10525531,1126.95947265625,1125.736572265625,1132.4283447265625,1148.7884521484375,1144.6580810546875,1129.7515869140625,-0.0021522366974574547,1135.358837890625,1120.7235107421875,0.007996528838457306
2068,2023-05-19,1109.6114501953125,1126.95947265625,1128.8055419921875,1116.298828125,1123.313720703125,8050447,1132.9820556640625,1123.313720703125,1125.736572265625,1132.4283447265625,1146.527099609375,1126.8671875,0.003245533180920246,1131.4453125,1122.9364013671875,0.007938048825267071
2069,2023-05-22,1115.541259765625,1132.9820556640625,1138.05859375,1122.5291748046875,1123.7520751953125,7434906,1132.7744140625,1126.95947265625,1123.313720703125,1125.736572265625,1148.7884521484375,1140.781494140625,0.005344099015040182,1128.284033203125,1125.3823486328124,0.007969513154797218
2070,2023-05-23,1115.3369140625,1132.7744140625,1138.9815673828125,1131.34375,1135.589599609375,6092034,1126.1749267578125,1132.9820556640625,1126.95947265625,1123.313720703125,1132.4283447265625,1144.3118896484375,-0.00018326998254247773,1128.3532470703126,1127.6102355957032,0.00797785897766231
2071,2023-05-24,1108.8389892578125,1126.1749267578125,1137.1356201171875,1123.0367431640625,1128.782470703125,8112254,1126.0364990234375,1132.7744140625,1132.9820556640625,1126.95947265625,1125.736572265625,1152.1805419921875,-0.005825950182807849,1128.44091796875,1129.091650390625,0.008047571574577759
2072,2023-05-25,1108.7027587890625,1126.0364990234375,1130.213134765625,1115.0067138671875,1123.2445068359375,11487863,1156.7493896484375,1126.1749267578125,1132.7744140625,1132.9820556640625,1123.313720703125,1144.6580810546875,-0.00012291850145651484,1128.9854736328125,1130.888037109375,0.00787638211540877
2073,2023-05-26,1138.94287109375,1156.7493896484375,1157.903076171875,1131.020751953125,1134.3665771484375,12626260,1163.2564697265625,1126.0364990234375,1126.1749267578125,1132.7744140625,1126.95947265625,1146.527099609375,0.027275217678677244,1134.94345703125,1133.87509765625,0.009710129111475785
2074,2023-05-29,1145.349609375,1163.2564697265625,1167.5946044921875,1157.0723876953125,1163.4410400390625,10010304,1162.95654296875,1156.7493896484375,1126.0364990234375,1126.1749267578125,1132.9820556640625,1148.7884521484375,0.00562531533308408,1140.99833984375,1136.1849060058594,0.009030003212897588
2075,2023-05-30,1145.054443359375,1162.95654296875,1171.148193359375,1160.3720703125,1163.2564697265625,11342504,1139.8583984375,1163.2564697265625,1156.7493896484375,1126.0364990234375,1132.7744140625,1132.4283447265625,-0.0002578337328165148,1147.034765625,1138.0055236816406,0.008913607595837706
2076,2023-05-31,1122.311767578125,1139.8583984375,1158.29541015625,1135.7510986328125,1153.7496337890625,27107927,1136.7894287109375,1162.95654296875,1163.2564697265625,1156.7493896484375,1126.1749267578125,1125.736572265625,-0.019861571501447517,1149.7714599609376,1139.1546569824218,0.009896338507809672
2077,2023-06-01,1119.2901611328125,1136.7894287109375,1146.781005859375,1134.3665771484375,1144.5888671875,14592692,1133.0743408203125,1139.8583984375,1162.95654296875,1163.2564697265625,1126.0364990234375,1123.313720703125,-0.0026924131372541016,1151.9220458984375,1139.5065490722657,0.009611792239348145
2078,2023-06-02,1115.63232421875,1133.0743408203125,1145.8348388671875,1131.1361083984375,1140.3660888671875,15800644,1143.25048828125,1136.7894287109375,1139.8583984375,1162.95654296875,1156.7493896484375,1126.95947265625,-0.0032680528132968956,1147.1870361328124,1139.8169067382812,0.009624494979841313
2079,2023-06-05,1125.6517333984375,1143.25048828125,1146.250244140625,1134.57421875,1138.6124267578125,10908682,1144.2196044921875,1133.0743408203125,1136.7894287109375,1139.8583984375,1163.2564697265625,1132.9820556640625,0.008981006006693493,1143.18583984375,1139.9403564453125,0.009430510612894677
2080,2023-06-06,1126.6058349609375,1144.2196044921875,1148.0731201171875,1136.212646484375,1146.11181640625,7493309,1152.8958740234375,1143.25048828125,1133.0743408203125,1136.7894287109375,1162.95654296875,1132.7744140625,0.0008476849307053058,1139.4384521484376,1139.9357421875,0.009406940015863124
2081,2023-06-07,1135.1485595703125,1152.8958740234375,1153.7496337890625,1141.1044921875,1147.7501220703125,10312545,1153.5880126953125,1144.2196044921875,1143.25048828125,1133.0743408203125,1139.8583984375,1126.1749267578125,0.007582696098884512,1142.045947265625,1139.9715087890625,0.009435250293345894
2082,2023-06-08,1135.830078125,1153.5880126953125,1161.52587890625,1149.5960693359375,1156.5185546875,12071109,1145.4195556640625,1152.8958740234375,1144.2196044921875,1143.25048828125,1136.7894287109375,1126.0364990234375,0.0006003479476941465,1145.4056640625,1140.4180053710938,0.00930649060857959
2083,2023-06-09,1127.787353515625,1145.4195556640625,1157.6954345703125,1143.5965576171875,1156.9801025390625,5877018,1146.434814453125,1153.5880126953125,1152.8958740234375,1144.2196044921875,1133.0743408203125,1156.7493896484375,-0.007080913585574389,1147.87470703125,1140.3626281738282,0.009450058664852035
2084,2023-06-12,1128.787109375,1146.434814453125,1148.765380859375,1137.5970458984375,1142.44287109375,6391969,1163.371826171875,1145.4195556640625,1153.5880126953125,1152.8958740234375,1143.25048828125,1163.2564697265625,0.0008863641135181677,1148.511572265625,1140.2449462890625,0.009441208388610737
2085,2023-06-13,1145.4632568359375,1163.371826171875,1164.57177734375,1147.4039306640625,1151.442138671875,11248016,1177.6783447265625,1146.434814453125,1145.4195556640625,1153.5880126953125,1144.2196044921875,1162.95654296875,0.014773636935327517,1152.3420166015626,1141.7921203613282,0.009376484901188807
2086,2023-06-14,1159.549560546875,1177.6783447265625,1179.132080078125,1161.5950927734375,1163.4410400390625,13277380,1178.00146484375,1163.371826171875,1146.434814453125,1145.4195556640625,1152.8958740234375,1139.8583984375,0.012297460049177644,1157.2985107421875,1144.389208984375,0.00951330668360011
2087,2023-06-15,1159.86767578125,1178.00146484375,1182.616455078125,1170.1328125,1177.6552734375,11813494,1189.4697265625,1177.6783447265625,1163.371826171875,1146.434814453125,1153.5880126953125,1136.7894287109375,0.0002743704328387331,1162.181201171875,1147.1235961914062,0.009468896377172267
2088,2023-06-16,1171.1595458984375,1189.4697265625,1191.7772216796875,1181.5318603515625,1181.5318603515625,24171579,1177.6552734375,1178.00146484375,1177.6783447265625,1163.371826171875,1145.4195556640625,1133.0743408203125,0.009735354378588301,1170.9912353515624,1150.2491088867187,0.009608769309651748
2089,2023-06-19,1159.52685546875,1177.6552734375,1192.515625,1173.4326171875,1192.515625,6798554,1180.1011962890625,1189.4697265625,1178.00146484375,1177.6783447265625,1146.434814453125,1143.25048828125,-0.009932537887402226,1177.2353271484376,1152.4827697753906,0.009991004286143886
2090,2023-06-20,1161.9351806640625,1180.1011962890625,1183.2855224609375,1169.902099609375,1175.6939697265625,6921096,1183.424072265625,1177.6552734375,1189.4697265625,1178.00146484375,1163.371826171875,1144.2196044921875,0.002076942978757268,1180.581201171875,1154.8491088867188,0.00997798944938402
2091,2023-06-21,1165.206787109375,1183.424072265625,1185.9853515625,1175.901611328125,1180.0550537109375,6961603,1170.1328125,1180.1011962890625,1177.6552734375,1189.4697265625,1177.6783447265625,1152.8958740234375,0.002815755112367979,1181.7303466796875,1157.7115661621094,0.00980246210261469
2092,2023-06-22,1152.1202392578125,1170.1328125,1187.5775146484375,1168.517578125,1179.5936279296875,7619166,1160.5567626953125,1183.424072265625,1180.1011962890625,1177.6552734375,1178.00146484375,1153.5880126953125,-0.011231189289718668,1180.1566162109375,1159.9163818359375,0.01026437553373062
2093,2023-06-23,1142.691650390625,1160.5567626953125,1169.1636962890625,1159.28759765625,1167.0869140625,6628570,1151.6959228515625,1170.1328125,1183.424072265625,1180.1011962890625,1189.4697265625,1145.4195556640625,-0.008183728977079308,1174.3740234375,1160.1067504882812,0.00858958043496023
2094,2023-06-26,1133.967041015625,1151.6959228515625,1160.856689453125,1148.53466796875,1156.9801025390625,12641159,1152.111328125,1160.5567626953125,1170.1328125,1183.424072265625,1177.6552734375,1146.434814453125,-0.007634990487816684,1169.1821533203124,1159.5287231445313,0.008660202987700543
2095,2023-06-27,1134.376220703125,1152.111328125,1158.1337890625,1147.588623046875,1152.157470703125,9689466,1167.3638916015625,1151.6959228515625,1160.5567626953125,1170.1328125,1180.1011962890625,1163.371826171875,0.00036069006166927764,1163.5841796875,1158.9864624023437,0.008662080586848059
2096,2023-06-28,1149.3939208984375,1167.3638916015625,1171.2174072265625,1152.75732421875,1159.7491455078125,11354006,1176.93994140625,1152.111328125,1151.6959228515625,1160.5567626953125,1183.424072265625,1177.6783447265625,0.013238793078603983,1160.3721435546875,1160.3617370605468,0.007881507715509604
2097,2023-06-30,1158.822509765625,1176.93994140625,1179.8935546875,1169.186767578125,1175.1632080078125,11151555,1207.1451416015625,1167.3638916015625,1152.111328125,1151.6959228515625,1170.1328125,1178.00146484375,0.008203140317754487,1161.7335693359375,1162.3692626953125,0.007972700861951329
2098,2023-07-03,1188.562744140625,1207.1451416015625,1210.0526123046875,1179.2935791015625,1180.5396728515625,12154387,1194.707763671875,1176.93994140625,1167.3638916015625,1152.111328125,1160.5567626953125,1189.4697265625,0.025664181435819167,1171.0512451171876,1166.072802734375,0.009491206041631268
2099,2023-07-04,1176.3167724609375,1194.707763671875,1211.4371337890625,1187.554443359375,1211.4371337890625,8061643,1192.746337890625,1207.1451416015625,1176.93994140625,1167.3638916015625,1151.6959228515625,1177.6552734375,-0.010303133816358168,1179.65361328125,1168.6456665039063,0.009847329258382172
2100,2023-07-05,1174.3856201171875,1192.746337890625,1204.0531005859375,1188.7313232421875,1204.0531005859375,10248062,1217.78271484375,1194.707763671875,1207.1451416015625,1176.93994140625,1152.111328125,1180.1011962890625,-0.001641761978026901,1187.780615234375,1171.072003173828,0.009881655449197354
2101,2023-07-06,1199.03662109375,1217.78271484375,1220.4132080078125,1188.8466796875,1188.8466796875,19117987,1215.406005859375,1192.746337890625,1194.707763671875,1207.1451416015625,1167.3638916015625,1183.424072265625,0.02099052930013756,1197.8643798828125,1174.3163452148438,0.010692905772168288
2102,2023-07-07,1196.6964111328125,1215.406005859375,1229.8740234375,1212.821533203125,1216.0521240234375,13375267,1262.22509765625,1217.78271484375,1192.746337890625,1194.707763671875,1176.93994140625,1170.1328125,-0.0019516691733302283,1205.5575927734376,1177.407244873047,0.010735620861110275
2103,2023-07-10,1242.794921875,1262.22509765625,1271.8935546875,1234.5120849609375,1240.9268798828125,33240016,1275.9085693359375,1215.406005859375,1217.78271484375,1192.746337890625,1207.1451416015625,1160.5567626953125,0.038521359587795345,1216.573583984375,1183.2475219726562,0.013131468043234314
2104,2023-07-11,1256.2677001953125,1275.9085693359375,1278.3544921875,1263.4019775390625,1270.462890625,20069348,1277.316162109375,1262.22509765625,1215.406005859375,1217.78271484375,1194.707763671875,1151.6959228515625,0.010840753923444746,1232.8137451171874,1189.721209716797,0.013158041781982198
2105,2023-07-12,1257.6536865234375,1277.316162109375,1293.12255859375,1274.5009765625,1276.64697265625,18733835,1265.89404296875,1275.9085693359375,1262.22509765625,1215.406005859375,1192.746337890625,1152.111328125,0.0011032081822055506,1249.7277099609375,1195.4184265136719,0.013002125218232007
2106,2023-07-13,1246.4072265625,1265.89404296875,1291.738037109375,1263.240478515625,1284.7694091796875,14682934,1264.8326416015625,1277.316162109375,1275.9085693359375,1262.22509765625,1217.78271484375,1167.3638916015625,-0.008942280290075044,1259.3499755859375,1199.8292114257813,0.013219851991760583
2107,2023-07-14,1245.3623046875,1264.8326416015625,1274.1549072265625,1257.6331787109375,1269.12451171875,15124144,1290.6766357421875,1265.89404296875,1277.316162109375,1275.9085693359375,1215.406005859375,1176.93994140625,-0.000838459879863529,1269.235302734375,1204.1707702636718,0.01323736026515019
2108,2023-07-17,1270.808349609375,1290.6766357421875,1299.1451416015625,1258.9715576171875,1267.7401123046875,22220040,1301.63720703125,1264.8326416015625,1265.89404296875,1277.316162109375,1262.22509765625,1207.1451416015625,0.020432738127236005,1274.9256103515625,1209.2311157226563,0.013704302315452185
2109,2023-07-18,1281.600341796875,1301.63720703125,1309.482666015625,1288.968994140625,1300.0450439453125,25867313,1311.5133056640625,1290.6766357421875,1264.8326416015625,1265.89404296875,1275.9085693359375,1194.707763671875,0.008492112575323452,1280.071337890625,1215.4302124023438,0.013319611227256018
2110,2023-07-19,1291.3243408203125,1311.5133056640625,1318.0435791015625,1290.8150634765625,1306.0445556640625,39122156,1309.925048828125,1301.63720703125,1290.6766357421875,1264.8326416015625,1277.316162109375,1192.746337890625,0.007587443397794269,1286.9107666015625,1222.0008178710937,0.013310763122662573
2111,2023-07-20,1289.7603759765625,1309.925048828125,1315.4749755859375,1290.0,1290.0,38717624,1269.375,1311.5133056640625,1301.63720703125,1290.6766357421875,1265.89404296875,1217.78271484375,-0.0012110108445551049,1295.7169677734375,1228.3258666992188,0.013381795184524694
2112,2023-07-21,1249.834716796875,1269.375,1307.449951171875,1261.800048828125,1304.5,30249238,1243.699951171875,1309.925048828125,1311.5133056640625,1301.63720703125,1264.8326416015625,1215.406005859375,-0.030956006883295806,1296.625439453125,1233.2879760742187,0.015250889767664715
2113,2023-07-24,1224.554931640625,1243.699951171875,1257.4749755859375,1234.6500244140625,1240.5,23727866,1242.9000244140625,1269.375,1309.925048828125,1311.5133056640625,1290.6766357421875,1262.22509765625,-0.020226527880354506,1287.2301025390625,1237.445135498047,0.015985150212525605
2114,2023-07-25,1223.767333984375,1242.9000244140625,1252.5999755859375,1240.0,1247.0,12026020,1263.0999755859375,1243.699951171875,1269.375,1309.925048828125,1301.63720703125,1275.9085693359375,-0.0006431830740676325,1275.482666015625,1242.0053405761719,0.015802232093763895
2115,2023-07-26,1243.65625,1263.0999755859375,1273.5,1242.5,1242.5,12911012,1251.3499755859375,1242.9000244140625,1243.699951171875,1269.375,1311.5133056640625,1277.316162109375,0.016252273533744477,1265.8,1247.5547729492187,0.016011146477841527
2116,2023-07-27,1232.087158203125,1251.3499755859375,1268.824951171875,1245.175048828125,1267.0250244140625,17226898,1263.925048828125,1263.0999755859375,1242.9000244140625,1243.699951171875,1309.925048828125,1265.89404296875,-0.009302509878166498,1254.0849853515624,1251.7540771484375,0.01617326229477626
2117,2023-07-28,1244.46875,1263.925048828125,1271.425048828125,1250.2750244140625,1256.0250244140625,20827852,1274.625,1251.3499755859375,1263.0999755859375,1242.9000244140625,1269.375,1264.8326416015625,0.010049205647923776,1252.9949951171875,1256.1033325195312,0.01620612889802443
2118,2023-07-31,1255.00390625,1274.625,1276.949951171875,1258.9749755859375,1263.925048828125,8551174,1256.5999755859375,1263.925048828125,1251.3499755859375,1263.0999755859375,1243.699951171875,1290.6766357421875,0.008465653229830172,1259.1800048828125,1259.4773254394531,0.015416136593820538
2119,2023-08-01,1237.25634765625,1256.5999755859375,1279.5,1252.6500244140625,1277.5,9536632,1243.175048828125,1274.625,1263.925048828125,1251.3499755859375,1242.9000244140625,1301.63720703125,-0.014141433295331907,1261.9199951171875,1262.5719360351563,0.015610973490015593
2120,2023-08-02,1224.0382080078125,1243.175048828125,1256.0,1231.800048828125,1254.5999755859375,12748214,1237.949951171875,1256.5999755859375,1274.625,1263.925048828125,1263.0999755859375,1311.5133056640625,-0.010683532562980158,1257.935009765625,1265.0933715820313,0.01587038860208503
2121,2023-08-03,1218.8935546875,1237.949951171875,1250.449951171875,1229.0250244140625,1237.6500244140625,10168350,1254.7750244140625,1243.175048828125,1256.5999755859375,1274.625,1251.3499755859375,1309.925048828125,-0.004203026485429695,1255.2550048828125,1266.1017333984375,0.015288950230704677
2122,2023-08-04,1235.4593505859375,1254.7750244140625,1258.0,1235.800048828125,1249.4000244140625,22885610,1261.925048828125,1237.949951171875,1243.175048828125,1256.5999755859375,1263.925048828125,1269.375,0.01359107710797236,1253.425,1268.0701843261718,0.015527798301991328
2123,2023-08-07,1242.49951171875,1261.925048828125,1264.199951171875,1252.5,1260.5,5982870,1254.324951171875,1254.7750244140625,1237.949951171875,1243.175048828125,1274.625,1243.699951171875,0.005698252096945744,1250.885009765625,1268.0551818847657,0.012953479834629288
2124,2023-08-08,1235.016357421875,1254.324951171875,1267.2249755859375,1249.7750244140625,1264.0,9844072,1262.5999755859375,1261.925048828125,1254.7750244140625,1237.949951171875,1256.5999755859375,1242.9000244140625,-0.006022622075144479,1250.4300048828125,1266.9760009765625,0.012762801496991568
2125,2023-08-09,1243.1639404296875,1262.5999755859375,1264.5,1240.550048828125,1252.425048828125,11486586,1268.2249755859375,1254.324951171875,1261.925048828125,1254.7750244140625,1243.175048828125,1263.0999755859375,0.0065971934994448755,1254.314990234375,1266.2401916503907,0.012864075975114752
2126,2023-08-10,1248.7025146484375,1268.2249755859375,1275.0,1254.2249755859375,1262.4749755859375,15470598,1273.574951171875,1262.5999755859375,1254.324951171875,1261.925048828125,1237.949951171875,1251.3499755859375,0.004455092752072565,1260.3699951171875,1266.35673828125,0.012749648400293944
2127,2023-08-11,1253.969970703125,1273.574951171875,1279.425048828125,1256.175048828125,1266.2249755859375,22179330,1288.625,1268.2249755859375,1262.5999755859375,1254.324951171875,1254.7750244140625,1263.925048828125,0.004218475182974357,1264.12998046875,1266.7938537597656,0.012778714537731816
2128,2023-08-14,1268.7884521484375,1288.625,1291.1500244140625,1262.5,1269.5,9575812,1287.574951171875,1273.574951171875,1268.2249755859375,1262.5999755859375,1261.925048828125,1274.625,0.011817167740521883,1269.469970703125,1266.6912719726563,0.012200803447484143
2129,2023-08-16,1267.754638671875,1287.574951171875,1291.4000244140625,1275.5,1275.5,10203112,1269.0,1288.625,1273.574951171875,1268.2249755859375,1254.324951171875,1256.5999755859375,-0.0008148598918420458,1276.119970703125,1265.9881591796875,0.012035900499596392
2130,2023-08-17,1249.4654541015625,1269.0,1289.050048828125,1266.425048828125,1283.550048828125,13673744,1278.4000244140625,1287.574951171875,1288.625,1273.574951171875,1262.5999755859375,1243.175048828125,-0.014426306720994542,1277.3999755859375,1263.8624938964845,0.01226432680162776
2131,2023-08-18,1258.7208251953125,1278.4000244140625,1288.800048828125,1254.2750244140625,1265.625,18639978,1260.0,1269.0,1287.574951171875,1288.625,1268.2249755859375,1237.949951171875,0.0074074266462274,1279.4349853515625,1262.2862426757813,0.012428080745403927
2132,2023-08-21,1244.986328125,1260.0,1277.7249755859375,1257.824951171875,1269.9749755859375,9221746,1259.699951171875,1278.4000244140625,1269.0,1287.574951171875,1273.574951171875,1254.7750244140625,-0.01439301006153837,1276.7199951171874,1261.8174926757813,0.010779441789465261
2133,2023-08-22,1244.68994140625,1259.699951171875,1268.9749755859375,1249.5,1258.449951171875,7713044,1261.0999755859375,1260.0,1278.4000244140625,1269.0,1288.625,1261.925048828125,-0.0002381339905753732,1270.9349853515625,1262.6174926757812,0.009709738721735858
2134,2023-08-23,1246.0732421875,1261.0999755859375,1271.425048828125,1258.4749755859375,1262.0999755859375,9517952,1239.9000244140625,1259.699951171875,1260.0,1278.4000244140625,1287.574951171875,1254.324951171875,0.0011113951483130435,1265.639990234375,1263.527490234375,0.009705040084916567
2135,2023-08-24,1225.1259765625,1239.9000244140625,1269.949951171875,1235.5,1269.949951171875,14140020,1234.175048828125,1261.0999755859375,1259.699951171875,1260.0,1269.0,1262.5999755859375,-0.016810682406067756,1259.8199951171875,1262.3674926757812,0.009745214235051675
2136,2023-08-25,1219.46923828125,1234.175048828125,1252.5,1221.300048828125,1228.0,22222400,1221.875,1239.9000244140625,1261.0999755859375,1259.699951171875,1278.4000244140625,1268.2249755859375,-0.004617288066143033,1250.975,1261.5087463378907,0.009587156128805077
2137,2023-08-28,1207.3155517578125,1221.875,1242.0,1215.550048828125,1236.0,12580826,1210.175048828125,1234.175048828125,1239.9000244140625,1261.0999755859375,1260.0,1273.574951171875,-0.0099662109032298,1243.35,1259.4062438964843,0.009455618794061064
2138,2023-08-29,1195.755126953125,1210.175048828125,1226.7249755859375,1204.074951171875,1226.0250244140625,16876644,1209.0250244140625,1221.875,1234.175048828125,1239.9000244140625,1259.699951171875,1288.625,-0.009575407608695685,1233.44501953125,1256.1837463378906,0.009299286821056614
2139,2023-08-30,1194.618896484375,1209.0250244140625,1221.5,1207.5,1216.0,12168946,1203.5,1210.175048828125,1221.875,1234.175048828125,1261.0999755859375,1287.574951171875,-0.0009502959222107421,1223.030029296875,1253.804998779297,0.008892784449859909
2140,2023-08-31,1189.15966796875,1203.5,1212.5,1199.949951171875,1211.5,21638600,1206.324951171875,1209.0250244140625,1210.175048828125,1221.875,1239.9000244140625,1269.0,-0.004569818078612675,1215.7500244140624,1251.8212463378907,0.008677072823983414
2141,2023-09-01,1191.9508056640625,1206.324951171875,1212.824951171875,1200.824951171875,1203.2750244140625,18112842,1205.3499755859375,1203.5,1209.0250244140625,1210.175048828125,1234.175048828125,1278.4000244140625,0.002347279743975861,1210.1800048828125,1250.2399963378907,0.008696636327245167
2142,2023-09-04,1190.987548828125,1205.3499755859375,1211.824951171875,1202.6500244140625,1206.324951171875,9347626,1211.800048828125,1206.324951171875,1203.5,1209.0250244140625,1221.875,1260.0,-0.0008082196965174537,1206.875,1247.7687438964845,0.007968244111604772
2143,2023-09-05,1197.36083984375,1211.800048828125,1216.9749755859375,1206.2249755859375,1210.0,8675876,1214.3499755859375,1205.3499755859375,1206.324951171875,1203.5,1210.175048828125,1259.699951171875,0.005351203694223372,1207.2,1245.2624938964843,0.00795100921383287
2144,2023-09-06,1199.88037109375,1214.3499755859375,1218.074951171875,1208.625,1210.550048828125,8200370,1216.0,1211.800048828125,1205.3499755859375,1206.324951171875,1209.0250244140625,1261.0999755859375,0.00210424711591517,1208.264990234375,1243.2637451171875,0.007941967573411335
2145,2023-09-07,1201.5106201171875,1216.0,1219.125,1205.5,1210.8499755859375,13652572,1224.0999755859375,1214.3499755859375,1211.800048828125,1205.3499755859375,1203.5,1239.9000244140625,0.0013587717274554656,1210.764990234375,1240.9337463378906,0.007741670409394073
2146,2023-09-08,1209.51416015625,1224.0999755859375,1228.0,1211.4749755859375,1220.0,23109288,1237.300048828125,1216.0,1214.3499755859375,1211.800048828125,1206.324951171875,1234.175048828125,0.006661164133172193,1214.3199951171875,1238.7274963378907,0.007851174750375707
2147,2023-09-11,1222.556884765625,1237.300048828125,1238.425048828125,1226.0,1226.0,13271074,1219.425048828125,1224.0999755859375,1216.0,1214.3499755859375,1205.3499755859375,1221.875,0.010783492774655956,1220.710009765625,1236.913751220703,0.008240953246537475
2148,2023-09-12,1204.8948974609375,1219.425048828125,1241.5,1217.9749755859375,1241.5,16255666,1225.5250244140625,1237.300048828125,1224.0999755859375,1216.0,1211.800048828125,1210.175048828125,-0.014446778707339236,1222.235009765625,1233.4537536621094,0.008113630587822742
2149,2023-09-13,1210.9222412109375,1225.5250244140625,1231.324951171875,1213.125,1220.0,12803338,1226.6500244140625,1219.425048828125,1237.300048828125,1224.0999755859375,1214.3499755859375,1209.0250244140625,0.005002337447307381,1224.47001953125,1230.3512573242188,0.008288087547994155
2150,2023-09-14,1212.03369140625,1226.6500244140625,1232.9000244140625,1222.5,1230.0,9209636,1228.925048828125,1225.5250244140625,1219.425048828125,1237.300048828125,1216.0,1203.5,0.0009179739112532559,1226.6000244140625,1228.2337585449218,0.007816297221351794
2151,2023-09-15,1214.2816162109375,1228.925048828125,1234.0,1224.75,1234.0,25468592,1218.2249755859375,1226.6500244140625,1225.5250244140625,1219.425048828125,1224.0999755859375,1206.324951171875,0.0018546646303203573,1227.5650390625,1225.760009765625,0.007571817667292613
2152,2023-09-18,1203.709228515625,1218.2249755859375,1225.5,1216.0250244140625,1220.0250244140625,7516300,1191.074951171875,1228.925048828125,1226.6500244140625,1225.5250244140625,1237.300048828125,1205.3499755859375,-0.008706855843154004,1223.7500244140624,1223.6712585449218,0.00717620214805832
2153,2023-09-20,1176.8826904296875,1191.074951171875,1213.800048828125,1177.5,1211.5250244140625,57081884,1182.4000244140625,1218.2249755859375,1228.925048828125,1226.6500244140625,1219.425048828125,1211.800048828125,-0.022286543912797385,1218.0800048828125,1220.240008544922,0.008514977268356738
2154,2023-09-21,1168.31103515625,1182.4000244140625,1195.050048828125,1180.0,1187.4749755859375,12226182,1177.4749755859375,1191.074951171875,1218.2249755859375,1228.925048828125,1225.5250244140625,1214.3499755859375,-0.007283275287820801,1209.4550048828125,1216.3050109863282,0.008520879800387744
2155,2023-09-22,1163.4447021484375,1177.4749755859375,1191.2249755859375,1175.0,1188.0,19176786,1170.2249755859375,1182.4000244140625,1191.074951171875,1218.2249755859375,1226.6500244140625,1216.0,-0.004165298313965837,1199.6199951171875,1213.1837585449218,0.007903141841807203
2156,2023-09-25,1156.2811279296875,1170.2249755859375,1180.3499755859375,1167.550048828125,1175.199951171875,14254884,1171.25,1177.4749755859375,1182.4000244140625,1191.074951171875,1228.925048828125,1224.0999755859375,-0.006157243381238131,1187.87998046875,1209.9862548828125,0.00793179515149806
2157,2023-09-26,1157.2939453125,1171.25,1175.0999755859375,1167.800048828125,1169.2750244140625,10087782,1184.449951171875,1170.2249755859375,1177.4749755859375,1182.4000244140625,1218.2249755859375,1237.300048828125,0.0008759208147555153,1178.4849853515625,1207.4550048828125,0.007772682712191632
2158,2023-09-27,1170.336669921875,1184.449951171875,1185.9000244140625,1169.25,1171.75,11722778,1167.050048828125,1171.25,1170.2249755859375,1177.4749755859375,1191.074951171875,1219.425048828125,0.01126996898345789,1177.1599853515625,1206.16875,0.008105828251625305
2159,2023-09-28,1153.14404296875,1167.050048828125,1191.5,1162.5,1191.5,14518346,1172.5,1184.449951171875,1171.25,1170.2249755859375,1182.4000244140625,1225.5250244140625,-0.014690280772551745,1174.089990234375,1204.070001220703,0.008660868877530089
2160,2023-09-29,1158.529052734375,1172.5,1184.550048828125,1167.050048828125,1170.9000244140625,12342014,1159.074951171875,1167.050048828125,1184.449951171875,1171.25,1177.4749755859375,1226.6500244140625,0.004669852143314168,1173.0949951171874,1202.520001220703,0.00874737724746272
2161,2023-10-03,1145.263916015625,1159.074951171875,1167.800048828125,1158.0,1164.9749755859375,8859056,1157.074951171875,1172.5,1167.050048828125,1184.449951171875,1170.2249755859375,1228.925048828125,-0.011449935034648195,1170.864990234375,1200.1575012207031,0.008988050677758142
2162,2023-10-04,1143.2877197265625,1157.074951171875,1159.5,1147.550048828125,1154.5,10286386,1157.050048828125,1159.074951171875,1172.5,1167.050048828125,1171.25,1218.2249755859375,-0.001725513952292701,1168.02998046875,1197.74375,0.008984218384182778
2163,2023-10-05,1143.26318359375,1157.050048828125,1164.699951171875,1154.5,1159.625,10953682,1159.0,1157.074951171875,1159.074951171875,1172.5,1184.449951171875,1191.074951171875,-2.1521806970903334e-05,1162.55,1195.00625,0.008831775500049424
2164,2023-10-06,1145.1898193359375,1159.0,1162.4000244140625,1156.0250244140625,1158.5250244140625,5431026,1149.125,1157.050048828125,1157.074951171875,1159.074951171875,1167.050048828125,1182.4000244140625,0.0016852781552967322,1160.939990234375,1192.238751220703,0.008821340337472817
2165,2023-10-09,1135.4324951171875,1149.125,1155.9749755859375,1147.5,1154.050048828125,7576878,1154.199951171875,1159.0,1157.050048828125,1157.074951171875,1172.5,1177.4749755859375,-0.008520276100086321,1156.264990234375,1188.895001220703,0.008882492289557094
2166,2023-10-10,1140.447021484375,1154.199951171875,1158.949951171875,1151.875,1153.2750244140625,10236032,1172.5250244140625,1149.125,1159.0,1157.050048828125,1159.074951171875,1170.2249755859375,0.004416361293919202,1155.289990234375,1185.4,0.008770299665343123
2167,2023-10-11,1158.5537109375,1172.5250244140625,1174.8499755859375,1156.5,1157.2249755859375,9814118,1174.699951171875,1154.199951171875,1149.125,1159.0,1157.074951171875,1171.25,0.015876861910782303,1158.3800048828125,1182.1612487792968,0.009249378483918613
2168,2023-10-12,1160.7027587890625,1174.699951171875,1179.675048828125,1169.074951171875,1171.925048828125,12554450,1174.6500244140625,1172.5250244140625,1154.199951171875,1149.125,1157.050048828125,1184.449951171875,0.0018549086053829544,1161.9099853515625,1179.9249938964845,0.008864843048916769
2169,2023-10-13,1160.6534423828125,1174.6500244140625,1178.75,1164.574951171875,1170.0,10150316,1172.0250244140625,1174.699951171875,1172.5250244140625,1154.199951171875,1159.0,1167.050048828125,-4.250171097963662e-05,1165.039990234375,1177.3812438964844,0.008730991286580636
2170,2023-10-16,1158.0596923828125,1172.0250244140625,1177.2750244140625,1168.0,1172.5,5929036,1177.625,1174.6500244140625,1174.699951171875,1172.5250244140625,1149.125,1172.5,-0.002234708164509991,1169.6199951171875,1174.6499938964844,0.008702402659796457
2171,2023-10-17,1163.5928955078125,1177.625,1179.8499755859375,1170.6500244140625,1178.0,7928180,1162.0,1172.0250244140625,1174.6500244140625,1174.699951171875,1154.199951171875,1159.074951171875,0.00477803414542044,1174.3050048828125,1172.0849914550781,0.008798797294921933
2172,2023-10-18,1148.1541748046875,1162.0,1183.5,1160.5,1177.625,8918320,1153.074951171875,1177.625,1172.0250244140625,1174.6500244140625,1172.5250244140625,1157.074951171875,-0.013268230548774018,1172.2,1169.2737426757812,0.009035199292303972
2173,2023-10-19,1139.33544921875,1153.074951171875,1160.9000244140625,1150.5,1156.0,12032556,1149.550048828125,1162.0,1177.625,1172.0250244140625,1174.699951171875,1157.050048828125,-0.007680764912327831,1167.875,1167.3737426757812,0.00784889091582973
2174,2023-10-20,1135.8525390625,1149.550048828125,1157.3499755859375,1148.1500244140625,1150.0,8913312,1131.5999755859375,1153.074951171875,1162.0,1177.625,1174.6500244140625,1159.0,-0.003056958561251877,1162.8550048828124,1165.7312438964843,0.0077437492796556765
2175,2023-10-23,1118.1163330078125,1131.5999755859375,1153.125,1127.625,1145.0,7853962,1128.9749755859375,1149.550048828125,1153.074951171875,1162.0,1172.0250244140625,1149.125,-0.015614868844106566,1154.7699951171876,1163.4374938964843,0.008359307298204664
2176,2023-10-25,1115.522705078125,1128.9749755859375,1140.5999755859375,1121.5,1125.0250244140625,11620688,1113.25,1131.5999755859375,1149.550048828125,1153.074951171875,1177.625,1154.199951171875,-0.0023197243342469864,1145.039990234375,1161.3749938964843,0.008301539145742701
2177,2023-10-26,1099.98486328125,1113.25,1129.0,1110.1500244140625,1125.5,15222534,1132.9000244140625,1128.9749755859375,1131.5999755859375,1149.550048828125,1162.0,1172.5250244140625,-0.013928542196230964,1135.289990234375,1158.4749938964844,0.00870440009950206
2178,2023-10-27,1119.40087890625,1132.9000244140625,1136.75,1117.9749755859375,1120.0,11771084,1156.25,1113.25,1128.9749755859375,1131.5999755859375,1153.074951171875,1174.699951171875,0.017651043713507786,1131.2550048828125,1155.8974975585938,0.009330152835087155
2179,2023-10-30,1142.47265625,1156.25,1162.5,1134.9749755859375,1137.0,16813304,1143.949951171875,1132.9000244140625,1113.25,1128.9749755859375,1149.550048828125,1174.6500244140625,0.02061079979057645,1132.5949951171874,1155.3574951171875,0.010142833232246549
2180,2023-10-31,1130.3192138671875,1143.949951171875,1164.0,1141.449951171875,1164.0,12808438,1148.699951171875,1156.25,1132.9000244140625,1113.25,1131.5999755859375,1172.0250244140625,-0.010637880067567607,1135.064990234375,1153.9299926757812,0.01031495653552948
2181,2023-11-01,1135.0125732421875,1148.699951171875,1158.75,1137.5999755859375,1144.574951171875,10309190,1160.0999755859375,1143.949951171875,1156.25,1132.9000244140625,1128.9749755859375,1177.625,0.004152279560075245,1139.0099853515626,1153.4112426757813,0.010084908802193576
2182,2023-11-02,1146.2767333984375,1160.0999755859375,1162.1500244140625,1153.9749755859375,1156.9749755859375,10562104,1159.8499755859375,1148.699951171875,1143.949951171875,1156.25,1113.25,1162.0,0.009924283884954033,1148.37998046875,1153.5624938964843,0.01033766869627249
2183,2023-11-03,1146.0296630859375,1159.8499755859375,1167.4749755859375,1157.875,1163.5999755859375,8850156,1169.5,1160.0999755859375,1148.699951171875,1143.949951171875,1132.9000244140625,1153.074951171875,-0.00021549866844339238,1153.769970703125,1153.702490234375,0.010337959885544954
2184,2023-11-06,1155.564697265625,1169.5,1170.0,1162.800048828125,1166.1500244140625,10647304,1161.9000244140625,1159.8499755859375,1160.0999755859375,1148.699951171875,1156.25,1149.550048828125,0.008320062609121104,1156.419970703125,1154.227490234375,0.010494363087747344
2185,2023-11-07,1148.0552978515625,1161.9000244140625,1169.550048828125,1159.7750244140625,1167.0250244140625,6960204,1167.949951171875,1169.5,1159.8499755859375,1160.0999755859375,1143.949951171875,1131.5999755859375,-0.006498482758390378,1160.0099853515626,1154.8662414550781,0.010412283727634392
2186,2023-11-08,1154.033203125,1167.949951171875,1170.5,1160.875,1166.0,7884494,1155.2750244140625,1161.9000244140625,1169.5,1159.8499755859375,1148.699951171875,1128.9749755859375,0.005206925407255536,1163.8599853515625,1155.5537414550781,0.01042900423739563
2187,2023-11-09,1141.50927734375,1155.2750244140625,1167.949951171875,1152.0999755859375,1167.925048828125,14513610,1157.449951171875,1167.949951171875,1161.9000244140625,1169.5,1160.0999755859375,1113.25,-0.010852285875002532,1162.8949951171876,1154.6912414550782,0.010081020946818307
2188,2023-11-10,1143.6583251953125,1157.449951171875,1158.175048828125,1149.0250244140625,1152.7750244140625,7734954,1157.300048828125,1155.2750244140625,1167.949951171875,1161.9000244140625,1159.8499755859375,1132.9000244140625,0.0018826051908424901,1162.414990234375,1153.8287414550782,0.010081391212736794
2189,2023-11-13,1143.51025390625,1157.300048828125,1162.300048828125,1155.8499755859375,1161.449951171875,3854810,1178.2249755859375,1157.449951171875,1155.2750244140625,1167.949951171875,1169.5,1156.25,-0.0001295108644638887,1159.975,1152.9612426757812,0.010081115304834793
2190,2023-11-15,1164.185791015625,1178.2249755859375,1180.9749755859375,1163.5,1170.0,12220648,1180.3499755859375,1157.300048828125,1157.449951171875,1155.2750244140625,1161.9000244140625,1143.949951171875,0.01808081385549154,1163.239990234375,1153.271240234375,0.010907497412609223
2191,2023-11-16,1166.285400390625,1180.3499755859375,1187.074951171875,1173.4749755859375,1175.550048828125,13134910,1177.7750244140625,1178.2249755859375,1157.300048828125,1157.449951171875,1167.949951171875,1148.699951171875,0.0018035604778647851,1165.7199951171874,1153.407489013672,0.010863706415535631
2192,2023-11-17,1163.7412109375,1177.7750244140625,1186.625,1176.0250244140625,1176.449951171875,7758634,1174.675048828125,1180.3499755859375,1178.2249755859375,1157.300048828125,1155.2750244140625,1160.0999755859375,-0.0021815149956662117,1170.2199951171874,1154.196240234375,0.010415441970876951
2193,2023-11-20,1160.6781005859375,1174.675048828125,1179.199951171875,1168.199951171875,1174.2750244140625,4490186,1189.449951171875,1177.7750244140625,1180.3499755859375,1178.2249755859375,1157.449951171875,1159.8499755859375,-0.0026320608959081726,1173.6650146484376,1155.2762451171875,0.010261008081723066
2194,2023-11-21,1175.2769775390625,1189.449951171875,1194.0,1180.0999755859375,1183.0,8214450,1194.0999755859375,1174.675048828125,1177.7750244140625,1180.3499755859375,1157.300048828125,1169.5,0.012577863434223513,1180.0949951171874,1157.271240234375,0.010529465219512764
2195,2023-11-22,1179.87158203125,1194.0999755859375,1197.2249755859375,1186.0999755859375,1187.5,8534814,1197.75,1189.449951171875,1174.675048828125,1177.7750244140625,1178.2249755859375,1161.9000244140625,0.0039093905628238,1183.2699951171876,1160.396240234375,0.009706745761892833
2196,2023-11-23,1183.4781494140625,1197.75,1200.0,1194.0999755859375,1194.0999755859375,8531542,1196.949951171875,1194.0999755859375,1189.449951171875,1174.675048828125,1180.3499755859375,1167.949951171875,0.003056715927216569,1186.75,1163.8349914550781,0.009633527904363092
2197,2023-11-24,1182.6876220703125,1196.949951171875,1201.300048828125,1195.5250244140625,1195.800048828125,6749486,1197.199951171875,1197.75,1194.0999755859375,1189.449951171875,1177.7750244140625,1155.2750244140625,-0.0006679597813609162,1190.5849853515624,1168.0199890136719,0.008829511563114073
2198,2023-11-28,1182.9346923828125,1197.199951171875,1199.8499755859375,1187.625,1196.949951171875,13792174,1200.3499755859375,1196.949951171875,1197.75,1194.0999755859375,1174.675048828125,1157.449951171875,0.00020886420501975422,1195.0899658203125,1171.2349853515625,0.008215761004599599
2199,2023-11-29,1186.047119140625,1200.3499755859375,1205.9749755859375,1199.0250244140625,1204.0,12531306,1188.7249755859375,1197.199951171875,1196.949951171875,1197.75,1189.449951171875,1157.300048828125,0.002631159825039253,1197.269970703125,1173.4399841308593,0.007067236140858115
2200,2023-11-30,1174.5606689453125,1188.7249755859375,1200.3499755859375,1184.949951171875,1197.3499755859375,28439984,1197.1500244140625,1200.3499755859375,1197.199951171875,1196.949951171875,1194.0999755859375,1178.2249755859375,-0.009684675500014395,1196.194970703125,1175.6787353515624,0.006980941459809847
2201,2023-12-01,1182.88525390625,1197.1500244140625,1198.199951171875,1188.800048828125,1189.0,14342842,1210.0999755859375,1188.7249755859375,1200.3499755859375,1197.199951171875,1197.75,1180.3499755859375,0.007087466824672539,1196.0749755859374,1178.1012390136718,0.007060198433002882
2202,2023-12-04,1195.6810302734375,1210.0999755859375,1225.0,1199.300048828125,1225.0,15590990,1218.875,1197.1500244140625,1188.7249755859375,1200.3499755859375,1196.949951171875,1177.7750244140625,0.010817316884083272,1198.70498046875,1180.6012390136718,0.007114955861160854
2203,2023-12-05,1204.3514404296875,1218.875,1220.425048828125,1210.824951171875,1219.5,12693624,1230.550048828125,1210.0999755859375,1197.1500244140625,1188.7249755859375,1197.199951171875,1174.675048828125,0.00725148714246826,1203.039990234375,1183.552490234375,0.007180674523653376
2204,2023-12-06,1215.8873291015625,1230.550048828125,1236.4749755859375,1217.5,1223.550048828125,16422442,1228.5250244140625,1218.875,1210.0999755859375,1197.1500244140625,1200.3499755859375,1189.449951171875,0.009578544828735547,1209.0800048828125,1186.6049926757812,0.007239545994654696
2205,2023-12-07,1213.8863525390625,1228.5250244140625,1230.4749755859375,1221.0,1230.0,8142096,1227.875,1230.550048828125,1218.875,1210.0999755859375,1188.7249755859375,1194.0999755859375,-0.001645625398163153,1217.0400146484376,1189.9362426757812,0.006996779984578254
2206,2023-12-08,1213.244140625,1227.875,1238.3499755859375,1222.5,1231.925048828125,10204894,1229.675048828125,1228.5250244140625,1230.550048828125,1218.875,1197.1500244140625,1197.75,-0.0005291096242606708,1223.185009765625,1192.9324951171875,0.007011118249402916
2207,2023-12-11,1215.022705078125,1229.675048828125,1233.800048828125,1226.199951171875,1228.0,7066138,1212.0250244140625,1227.875,1228.5250244140625,1230.550048828125,1210.0999755859375,1196.949951171875,0.0014659870329838398,1227.1000244140625,1196.6524963378906,0.006276375419347594
2208,2023-12-12,1197.5830078125,1212.0250244140625,1232.4749755859375,1210.074951171875,1230.0,9197124,1216.9749755859375,1229.675048828125,1227.875,1228.5250244140625,1218.875,1197.199951171875,-0.014353405341421599,1225.730029296875,1199.38125,0.0073979182574985345
2209,2023-12-13,1202.4739990234375,1216.9749755859375,1219.175048828125,1203.1500244140625,1211.0,10031182,1232.074951171875,1212.0250244140625,1229.675048828125,1227.875,1230.550048828125,1200.3499755859375,0.004084033804721221,1223.0150146484375,1202.3649963378907,0.007384105791028704
2210,2023-12-14,1217.39404296875,1232.074951171875,1237.4749755859375,1221.324951171875,1227.0,16972354,1247.800048828125,1216.9749755859375,1212.0250244140625,1229.675048828125,1228.5250244140625,1188.7249755859375,0.012407794645627135,1223.725,1205.0574951171875,0.006845113717984793
2211,2023-12-15,1232.9317626953125,1247.800048828125,1250.0,1235.0250244140625,1239.0,15932152,1260.5,1232.074951171875,1216.9749755859375,1212.0250244140625,1227.875,1197.1500244140625,0.012763101499055018,1227.710009765625,1208.429998779297,0.007234321729180432
2212,2023-12-18,1245.48046875,1260.5,1267.449951171875,1245.4749755859375,1247.800048828125,14165188,1279.050048828125,1247.800048828125,1232.074951171875,1216.9749755859375,1229.675048828125,1210.0999755859375,0.010177873597458253,1233.875,1212.5662475585937,0.007313192602854212
2213,2023-12-19,1263.809326171875,1279.050048828125,1286.949951171875,1262.5999755859375,1277.5,16820604,1263.574951171875,1260.5,1247.800048828125,1232.074951171875,1212.0250244140625,1218.875,0.014716421125049672,1247.2800048828126,1217.7849975585937,0.007580877547930976
2214,2023-12-20,1248.518798828125,1263.574951171875,1299.425048828125,1260.0,1285.5250244140625,17736722,1281.2750244140625,1279.050048828125,1260.5,1247.800048828125,1216.9749755859375,1230.550048828125,-0.01209889923418428,1256.6,1221.4912475585938,0.00814834818161359
2215,2023-12-21,1266.0079345703125,1281.2750244140625,1286.75,1259.125,1263.5,13765454,1282.5250244140625,1263.574951171875,1279.050048828125,1260.5,1232.074951171875,1228.5250244140625,0.014007932988677751,1266.4400146484375,1225.85,0.008508746202534476
2216,2023-12-22,1267.2430419921875,1282.5250244140625,1290.449951171875,1273.824951171875,1279.800048828125,16541784,1289.0250244140625,1281.2750244140625,1263.574951171875,1279.050048828125,1247.800048828125,1227.875,0.0009755907015915888,1273.385009765625,1230.0887512207032,0.008527976908953527
2217,2023-12-26,1273.66552734375,1289.0250244140625,1295.9749755859375,1281.3499755859375,1284.0,7465664,1293.425048828125,1282.5250244140625,1281.2750244140625,1263.574951171875,1260.5,1229.675048828125,0.005068127230476227,1279.0900146484375,1234.6925048828125,0.008478163276880052
2218,2023-12-27,1278.01318359375,1293.425048828125,1299.949951171875,1286.550048828125,1291.0,9204156,1302.7750244140625,1289.0250244140625,1282.5250244140625,1281.2750244140625,1279.050048828125,1212.0250244140625,0.003413451508486043,1281.9650146484375,1239.503759765625,0.00843797302867294
2219,2023-12-28,1287.251708984375,1302.7750244140625,1306.0,1293.425048828125,1294.9000244140625,12302636,1292.4749755859375,1293.425048828125,1289.0250244140625,1282.5250244140625,1263.574951171875,1216.9749755859375,0.007228849939475701,1289.805029296875,1244.6250122070312,0.008463982089531976
2220,2023-12-29,1277.0743408203125,1292.4749755859375,1307.0,1289.6500244140625,1305.550048828125,10864584,1295.125,1302.7750244140625,1293.425048828125,1289.0250244140625,1281.2750244140625,1232.074951171875,-0.007906237558367057,1292.04501953125,1249.8125122070312,0.008319238813527053
2221,2024-01-01,1279.69287109375,1295.125,1303.425048828125,1286.574951171875,1290.2750244140625,4030540,1305.8499755859375,1292.4749755859375,1302.7750244140625,1293.425048828125,1282.5250244140625,1247.800048828125,0.0020503487217313765,1294.5650146484375,1254.7112609863282,0.008304270015253643
2222,2024-01-02,1290.2900390625,1305.8499755859375,1307.5,1286.5,1292.5,7448800,1291.6500244140625,1295.125,1292.4749755859375,1302.7750244140625,1289.0250244140625,1260.5,0.008281035101582956,1297.9300048828125,1259.498760986328,0.008213126243724634
2223,2024-01-03,1276.25927734375,1291.6500244140625,1317.0,1288.5999755859375,1305.0,9037536,1298.324951171875,1305.8499755859375,1295.125,1292.4749755859375,1293.425048828125,1279.050048828125,-0.01087410608979289,1297.575,1263.1375122070312,0.008796955506607569
2224,2024-01-04,1282.8546142578125,1298.324951171875,1304.925048828125,1289.550048828125,1294.0,9612778,1303.8499755859375,1291.6500244140625,1305.8499755859375,1295.125,1302.7750244140625,1263.574951171875,0.005167751814846744,1296.6849853515625,1266.5262573242187,0.008676244361786793
2225,2024-01-05,1288.3138427734375,1303.8499755859375,1309.925048828125,1299.0,1301.449951171875,8086406,1293.675048828125,1298.324951171875,1291.6500244140625,1305.8499755859375,1292.4749755859375,1281.2750244140625,0.004255501990526822,1298.9599853515624,1270.2925048828124,0.008620124811308656
2226,2024-01-08,1278.2601318359375,1293.675048828125,1315.9749755859375,1284.4749755859375,1305.0,7734652,1290.25,1303.8499755859375,1298.324951171875,1291.6500244140625,1295.125,1282.5250244140625,-0.007803755760504516,1298.6699951171875,1273.5825073242188,0.008925612789448568
2227,2024-01-09,1274.8759765625,1290.25,1303.4000244140625,1288.5999755859375,1300.0,5403074,1325.050048828125,1293.675048828125,1303.8499755859375,1298.324951171875,1305.8499755859375,1289.0250244140625,-0.002647534117031669,1295.55,1276.6112548828125,0.009001438212535856
2228,2024-01-10,1309.2613525390625,1325.050048828125,1329.5,1287.5250244140625,1288.5,11102740,1359.9000244140625,1290.25,1293.675048828125,1303.8499755859375,1291.6500244140625,1293.425048828125,0.026971554991765068,1302.2300048828124,1282.2625061035155,0.009661133265627526
2229,2024-01-11,1343.6961669921875,1359.9000244140625,1362.5,1328.5,1329.5,23725852,1370.7249755859375,1325.050048828125,1290.25,1293.675048828125,1298.324951171875,1302.7750244140625,0.0263008749116751,1314.54501953125,1289.408758544922,0.01081740196700611
2230,2024-01-12,1354.3919677734375,1370.7249755859375,1373.324951171875,1345.75,1359.9000244140625,15012164,1394.125,1359.9000244140625,1325.050048828125,1290.25,1303.8499755859375,1292.4749755859375,0.007960108079664963,1327.92001953125,1296.341259765625,0.01071581501853245
2231,2024-01-15,1377.5133056640625,1394.125,1396.449951171875,1366.0,1375.0,8610594,1374.625,1370.7249755859375,1359.9000244140625,1325.050048828125,1293.675048828125,1295.125,0.017071276026074944,1348.010009765625,1303.6575073242188,0.010913094736593966
2232,2024-01-16,1358.2454833984375,1374.625,1396.300048828125,1370.5,1389.9749755859375,9069024,1361.574951171875,1394.125,1370.7249755859375,1359.9000244140625,1290.25,1305.8499755859375,-0.01398726799964134,1364.885009765625,1309.3637573242188,0.011691399346717486
2233,2024-01-17,1345.3509521484375,1361.574951171875,1386.2750244140625,1355.0250244140625,1359.5,12197382,1367.949951171875,1374.625,1394.125,1370.7249755859375,1325.050048828125,1291.6500244140625,-0.009493533747840344,1372.189990234375,1313.4900024414062,0.01182047470716777
2234,2024-01-18,1351.6500244140625,1367.949951171875,1371.0,1351.25,1351.4000244140625,10279438,1367.449951171875,1361.574951171875,1374.625,1394.125,1359.9000244140625,1298.324951171875,0.0046820779087579645,1373.7999755859375,1318.7087524414062,0.011259867934973973
2235,2024-01-19,1351.156005859375,1367.449951171875,1376.0,1359.0,1376.0,10422704,1328.574951171875,1367.949951171875,1361.574951171875,1374.625,1370.7249755859375,1303.8499755859375,-0.00036551044836963253,1373.144970703125,1323.0174987792968,0.01104658767736873
2236,2024-01-23,1312.7442626953125,1328.574951171875,1371.75,1322.550048828125,1371.75,20055420,1343.875,1367.449951171875,1367.949951171875,1361.574951171875,1394.125,1293.675048828125,-0.0284288283945493,1360.0349609375,1325.3199951171875,0.01313417521707032
2237,2024-01-24,1327.8619384765625,1343.875,1349.5,1323.925048828125,1335.2249755859375,21919128,1353.074951171875,1328.574951171875,1367.449951171875,1367.949951171875,1374.625,1290.25,0.011516135250502435,1353.8849609375,1328.0624938964843,0.013295546527019845
2238,2024-01-25,1336.9522705078125,1353.074951171875,1364.1500244140625,1335.199951171875,1342.949951171875,11808872,1448.050048828125,1343.875,1328.574951171875,1367.449951171875,1361.574951171875,1325.050048828125,0.006845838468514609,1352.1849609375,1331.044989013672,0.013334542601181613
2239,2024-01-29,1430.7957763671875,1448.050048828125,1452.5,1360.175048828125,1364.5,23893438,1407.625,1353.074951171875,1343.875,1328.574951171875,1367.949951171875,1359.9000244140625,0.0701920448486566,1368.20498046875,1338.308740234375,0.020209451520239577
2240,2024-01-30,1390.852294921875,1407.625,1459.9749755859375,1404.425048828125,1459.949951171875,14093978,1426.625,1448.050048828125,1353.074951171875,1343.875,1367.449951171875,1370.7249755859375,-0.027916886478364544,1376.239990234375,1344.0662414550782,0.02136959448320336
2241,2024-01-31,1409.6259765625,1426.625,1434.25,1402.5,1404.0,15130226,1426.6500244140625,1407.625,1448.050048828125,1353.074951171875,1328.574951171875,1394.125,0.013497913151585106,1395.85,1350.6412414550782,0.02145398533678266
2242,2024-02-01,1409.650634765625,1426.6500244140625,1443.3499755859375,1418.050048828125,1435.0,13349362,1457.699951171875,1426.625,1407.625,1448.050048828125,1343.875,1374.625,1.7540989441844346e-05,1412.4050048828126,1356.6812438964844,0.021468279796441576
2243,2024-02-02,1440.33056640625,1457.699951171875,1474.9000244140625,1433.175048828125,1433.175048828125,19652588,1439.0250244140625,1426.6500244140625,1426.625,1407.625,1353.074951171875,1361.574951171875,0.021764221236084236,1433.3300048828125,1364.983740234375,0.021466762608352237
2244,2024-02-05,1421.878173828125,1439.0250244140625,1470.5,1431.5250244140625,1460.75,8814432,1427.800048828125,1457.699951171875,1426.6500244140625,1426.625,1448.050048828125,1367.949951171875,-0.012811228224847926,1431.525,1372.0187438964845,0.02188810166521694
2245,2024-02-06,1410.786865234375,1427.800048828125,1441.8499755859375,1419.824951171875,1441.8499755859375,9047984,1442.1500244140625,1439.0250244140625,1457.699951171875,1426.6500244140625,1407.625,1367.449951171875,-0.007800403325514127,1435.560009765625,1378.2162475585938,0.022085845616228915
2246,2024-02-07,1424.9659423828125,1442.1500244140625,1449.5,1429.25,1435.925048828125,9296568,1450.125,1427.800048828125,1439.0250244140625,1457.699951171875,1426.625,1328.574951171875,0.010050409787921932,1438.6650146484376,1385.6399963378906,0.021910653310117604
2247,2024-02-08,1432.845947265625,1450.125,1459.4749755859375,1427.5250244140625,1450.0,14694634,1460.75,1442.1500244140625,1427.800048828125,1439.0250244140625,1426.6500244140625,1343.875,0.005529920917331621,1443.360009765625,1393.6337463378907,0.02182337854936388
2248,2024-02-09,1443.34423828125,1460.75,1471.9749755859375,1450.949951171875,1454.0,12556798,1452.3499755859375,1450.125,1442.1500244140625,1427.800048828125,1457.699951171875,1353.074951171875,0.007326954572881572,1443.97001953125,1400.4187438964843,0.021268622964369887
2249,2024-02-12,1435.04443359375,1452.3499755859375,1461.0,1442.3499755859375,1460.75,6674430,1465.0999755859375,1460.75,1450.125,1442.1500244140625,1439.0250244140625,1448.050048828125,-0.005750487362014334,1446.635009765625,1405.041241455078,0.020789000984580218
2250,2024-02-13,1447.6424560546875,1465.0999755859375,1479.0,1454.0,1455.5,7715594,1481.375,1452.3499755859375,1460.75,1450.125,1427.800048828125,1407.625,0.008778875762955218,1454.0949951171874,1409.759991455078,0.02079906031090339
2251,2024-02-14,1463.7235107421875,1481.375,1483.6500244140625,1457.5,1457.5,7117888,1470.5999755859375,1465.0999755859375,1452.3499755859375,1460.75,1442.1500244140625,1426.625,0.011108473609491076,1461.939990234375,1414.122491455078,0.020636933723425597
2252,2024-02-15,1453.076904296875,1470.5999755859375,1484.7249755859375,1466.5250244140625,1483.3499755859375,10006782,1460.574951171875,1481.375,1465.0999755859375,1452.3499755859375,1450.125,1426.6500244140625,-0.007273664274111913,1466.0349853515625,1418.921240234375,0.02039519003090246
2253,2024-02-16,1443.17138671875,1460.574951171875,1477.0,1458.550048828125,1476.4749755859375,9767498,1474.0,1470.5999755859375,1481.375,1465.0999755859375,1460.75,1457.699951171875,-0.006816962179037267,1465.9999755859376,1423.871240234375,0.020313552540411818
2254,2024-02-19,1456.4364013671875,1474.0,1479.5,1453.5250244140625,1462.050048828125,6729828,1471.0250244140625,1460.574951171875,1470.5999755859375,1481.375,1452.3499755859375,1439.0250244140625,0.00919161924374623,1470.32998046875,1429.1737426757813,0.02034993662260797
2255,2024-02-20,1453.4970703125,1471.0250244140625,1475.5,1461.800048828125,1475.0250244140625,7117496,1467.699951171875,1474.0,1460.574951171875,1470.5999755859375,1465.0999755859375,1427.800048828125,-0.0020183009402561236,1471.514990234375,1434.3524963378907,0.020371654753387206
2256,2024-02-21,1450.2115478515625,1467.699951171875,1488.5250244140625,1457.550048828125,1474.0,12720292,1481.75,1471.0250244140625,1474.0,1460.574951171875,1481.375,1442.1500244140625,-0.0022603784347665634,1468.77998046875,1441.3087463378906,0.01898233010052814
2257,2024-02-22,1464.093994140625,1481.75,1484.949951171875,1458.0,1468.1500244140625,18493728,1493.625,1467.699951171875,1471.0250244140625,1474.0,1470.5999755859375,1450.125,0.009572834568064792,1471.0099853515626,1448.2024963378906,0.018953025846092972
2258,2024-02-23,1475.82763671875,1493.625,1497.550048828125,1483.3499755859375,1489.5,14438584,1487.324951171875,1481.75,1467.699951171875,1471.0250244140625,1460.574951171875,1460.75,0.008014172431246802,1477.6199951171875,1455.229998779297,0.01896061422035903
2259,2024-02-26,1469.6026611328125,1487.324951171875,1494.5250244140625,1482.5,1493.550048828125,7513106,1485.6500244140625,1493.625,1481.75,1467.699951171875,1474.0,1452.3499755859375,-0.0042179588773119114,1480.2849853515625,1457.1937438964844,0.01125436098834706
2260,2024-02-27,1467.9476318359375,1485.6500244140625,1499.949951171875,1478.050048828125,1483.0250244140625,10826044,1455.625,1487.324951171875,1493.625,1481.75,1471.0250244140625,1465.0999755859375,-0.0011261337050070264,1483.2099853515624,1461.0949951171874,0.008937214340488456
2261,2024-02-28,1438.2803955078125,1455.625,1491.2750244140625,1450.175048828125,1483.0,8647950,1460.800048828125,1485.6500244140625,1487.324951171875,1493.625,1467.699951171875,1481.375,-0.02021002518806836,1480.7949951171875,1462.5449951171875,0.009925209244825994
2262,2024-02-29,1443.393798828125,1460.800048828125,1478.9749755859375,1454.5250244140625,1465.0,23628976,1492.125,1455.625,1485.6500244140625,1487.324951171875,1481.75,1470.5999755859375,0.003555207438814989,1476.6050048828124,1464.2524963378905,0.009937291675682025
2263,2024-03-01,1474.345458984375,1492.125,1500.0,1462.5,1463.5,12132926,1507.4000244140625,1460.800048828125,1455.625,1485.6500244140625,1493.625,1460.574951171875,0.021443695320933376,1476.3050048828125,1465.9737487792968,0.009902630910647409
2264,2024-03-04,1489.4384765625,1507.4000244140625,1512.449951171875,1487.2249755859375,1490.4749755859375,10024420,1500.199951171875,1492.125,1460.800048828125,1455.625,1487.324951171875,1474.0,0.010237094354737408,1480.32001953125,1469.3924987792968,0.009518161492541135
2265,2024-03-05,1482.32421875,1500.199951171875,1507.4000244140625,1486.050048828125,1505.7750244140625,7107668,1503.0,1507.4000244140625,1492.125,1460.800048828125,1485.6500244140625,1471.0250244140625,-0.004776484758905464,1483.2300048828124,1473.0124938964843,0.00937103649461077
2266,2024-03-06,1485.0909423828125,1503.0,1509.0,1478.5,1493.449951171875,7805676,1478.925048828125,1500.199951171875,1507.4000244140625,1492.125,1455.625,1467.699951171875,0.0018664504194509934,1492.7050048828125,1476.0549926757812,0.009201966905534107
2267,2024-03-07,1461.3028564453125,1478.925048828125,1503.0999755859375,1475.550048828125,1502.9749755859375,8315726,1466.5999755859375,1503.0,1500.199951171875,1507.4000244140625,1460.800048828125,1481.75,-0.01601793158474718,1496.3300048828125,1477.4949951171875,0.010006587756259764
2268,2024-03-11,1449.12451171875,1466.5999755859375,1489.0,1463.5,1489.0,11277130,1475.425048828125,1478.925048828125,1503.0,1500.199951171875,1492.125,1493.625,-0.008333805186377496,1491.225,1477.7874938964844,0.010100319890255645
2269,2024-03-12,1457.8446044921875,1475.425048828125,1488.0,1465.0250244140625,1466.5999755859375,9432678,1432.175048828125,1466.5999755859375,1478.925048828125,1503.0,1507.4000244140625,1487.324951171875,0.00601736900933858,1484.8300048828125,1478.9412475585937,0.010075204109261316
2270,2024-03-13,1415.10986328125,1432.175048828125,1483.0999755859375,1427.7750244140625,1479.7750244140625,13522134,1431.4749755859375,1475.425048828125,1466.5999755859375,1478.925048828125,1500.199951171875,1485.6500244140625,-0.029313586640237532,1471.2250244140625,1477.2950012207032,0.011925416076021315
2271,2024-03-14,1414.418212890625,1431.4749755859375,1448.5250244140625,1425.5,1439.699951171875,18571102,1418.2249755859375,1432.175048828125,1475.425048828125,1466.5999755859375,1503.0,1455.625,-0.0004888182088916837,1456.92001953125,1474.8,0.01157911336474315
2272,2024-03-15,1401.3260498046875,1418.2249755859375,1433.2249755859375,1412.9000244140625,1425.949951171875,19223818,1439.4749755859375,1431.4749755859375,1432.175048828125,1475.425048828125,1478.925048828125,1460.800048828125,-0.009256186958194301,1444.7800048828126,1472.18125,0.011638145586815484
2273,2024-03-18,1422.32275390625,1439.4749755859375,1441.7249755859375,1416.5250244140625,1420.0,9169392,1425.25,1418.2249755859375,1431.4749755859375,1432.175048828125,1466.5999755859375,1492.125,0.014983518387990946,1439.3550048828124,1471.1262512207031,0.012148036067662512
2274,2024-03-19,1408.267333984375,1425.25,1437.5999755859375,1417.25,1428.75,8275764,1443.75,1439.4749755859375,1418.2249755859375,1431.4749755859375,1475.425048828125,1507.4000244140625,-0.009882058269298666,1429.3199951171875,1468.6887512207031,0.012082700660397681
2275,2024-03-20,1426.5467529296875,1443.75,1445.0,1424.0250244140625,1427.949951171875,8488806,1450.9749755859375,1425.25,1439.4749755859375,1418.2249755859375,1432.175048828125,1500.199951171875,0.012980178915979579,1431.6349853515626,1467.325,0.012513818318961789
2276,2024-03-21,1433.685791015625,1450.9749755859375,1457.9000244140625,1444.675048828125,1452.5250244140625,13006936,1455.0250244140625,1443.75,1425.25,1439.4749755859375,1431.4749755859375,1503.0,0.0050043120941558605,1435.5349853515625,1466.488751220703,0.012576329002818243
2277,2024-03-22,1437.6875,1455.0250244140625,1460.0,1447.3499755859375,1449.9749755859375,19527608,1441.574951171875,1450.9749755859375,1443.75,1425.25,1418.2249755859375,1478.925048828125,0.002791260287924313,1442.8949951171876,1465.1525024414063,0.012380423938865473
2278,2024-03-26,1424.3978271484375,1441.574951171875,1452.4000244140625,1439.0,1445.0,11415906,1492.8499755859375,1455.0250244140625,1450.9749755859375,1443.75,1439.4749755859375,1466.5999755859375,-0.009243877607949647,1443.314990234375,1462.55,0.012332415751619691
2279,2024-03-27,1475.0618896484375,1492.8499755859375,1500.0,1447.0,1448.0,16326644,1485.8499755859375,1441.574951171875,1455.0250244140625,1450.9749755859375,1425.25,1475.425048828125,0.03556875372479262,1456.8349853515624,1462.8262512207032,0.014855626672987144
2280,2024-03-28,1468.145263671875,1485.8499755859375,1505.949951171875,1478.6500244140625,1492.875,21854364,1484.7750244140625,1492.8499755859375,1441.574951171875,1455.0250244140625,1443.75,1432.175048828125,-0.004689017727486311,1465.25498046875,1462.836248779297,0.01489481246371885
2281,2024-04-01,1467.0831298828125,1484.7750244140625,1493.9749755859375,1482.5,1492.4749755859375,5013880,1486.949951171875,1485.8499755859375,1492.8499755859375,1441.574951171875,1450.9749755859375,1431.4749755859375,-0.0007234587539372006,1472.014990234375,1464.29375,0.014112308923152458
2282,2024-04-02,1469.2320556640625,1486.949951171875,1494.0,1475.0,1484.0,8910166,1471.5999755859375,1484.7750244140625,1485.8499755859375,1492.8499755859375,1455.0250244140625,1418.2249755859375,0.0014648190615078605,1478.3999755859375,1465.6012451171875,0.014100796130035799
2283,2024-04-03,1454.0650634765625,1471.5999755859375,1484.449951171875,1468.9000244140625,1482.074951171875,7008292,1462.925048828125,1486.949951171875,1484.7750244140625,1485.8499755859375,1441.574951171875,1439.4749755859375,-0.010323128612257704,1484.40498046875,1464.5749938964843,0.013448655352470335
2284,2024-04-04,1445.4935302734375,1462.925048828125,1479.75,1450.0,1479.75,14490272,1460.0999755859375,1471.5999755859375,1486.949951171875,1484.7750244140625,1492.8499755859375,1425.25,-0.005894894605688261,1478.4199951171875,1462.3512451171875,0.013246299171372163
2285,2024-04-05,1442.7020263671875,1460.0999755859375,1470.800048828125,1456.0,1460.875,7442298,1485.9749755859375,1462.925048828125,1471.5999755859375,1486.949951171875,1485.8499755859375,1443.75,-0.0019311127692088759,1473.2699951171876,1460.3462463378905,0.013223537370702254
2286,2024-04-08,1468.2686767578125,1485.9749755859375,1490.9749755859375,1461.0,1462.9749755859375,8357118,1463.6500244140625,1460.0999755859375,1462.925048828125,1471.5999755859375,1484.7750244140625,1450.9749755859375,0.01772138924227873,1473.5099853515626,1459.4949951171875,0.013880461651367325
2287,2024-04-09,1446.2098388671875,1463.6500244140625,1489.800048828125,1462.5,1489.0,7071414,1479.574951171875,1485.9749755859375,1460.0999755859375,1462.925048828125,1486.949951171875,1455.0250244140625,-0.015023773306190424,1468.85,1458.7312438964843,0.013823546561616612
2288,2024-04-10,1461.945068359375,1479.574951171875,1487.0,1466.3499755859375,1466.3499755859375,9138330,1467.1500244140625,1463.6500244140625,1485.9749755859375,1460.0999755859375,1471.5999755859375,1441.574951171875,0.01088028319077683,1470.4449951171875,1459.3799926757813,0.013912618445580841
2289,2024-04-12,1449.6680908203125,1467.1500244140625,1486.4749755859375,1463.074951171875,1475.875,15551012,1464.824951171875,1479.574951171875,1463.6500244140625,1485.9749755859375,1462.925048828125,1492.8499755859375,-0.008397632541677913,1471.289990234375,1458.966241455078,0.013986686111631437
2290,2024-04-15,1447.3707275390625,1464.824951171875,1482.125,1446.324951171875,1461.0,12902062,1465.75,1467.1500244140625,1479.574951171875,1463.6500244140625,1460.0999755859375,1485.8499755859375,-0.0015847549354170987,1472.2349853515625,1460.5987365722656,0.012209063145342829
2291,2024-04-16,1448.2847900390625,1465.75,1471.175048828125,1450.925048828125,1453.3499755859375,9366184,1464.324951171875,1464.824951171875,1467.1500244140625,1479.574951171875,1485.9749755859375,1484.7750244140625,0.0006315081043539728,1468.189990234375,1462.3124877929688,0.012203486357264292
2292,2024-04-18,1446.8765869140625,1464.324951171875,1486.0,1459.3499755859375,1463.5,19005692,1470.125,1465.75,1464.824951171875,1467.1500244140625,1463.6500244140625,1486.949951171875,-0.0009722318458980084,1468.3249755859374,1464.6174865722655,0.011966269693837007
2293,2024-04-19,1452.607666015625,1470.125,1474.0,1443.0250244140625,1456.7750244140625,15741778,1479.8499755859375,1464.324951171875,1465.75,1464.824951171875,1479.574951171875,1471.5999755859375,0.003960902819748702,1466.4349853515625,1466.1499877929687,0.011567923341934468
2294,2024-04-22,1462.2166748046875,1479.8499755859375,1482.824951171875,1467.800048828125,1472.449951171875,10350362,1459.324951171875,1470.125,1464.324951171875,1465.75,1467.1500244140625,1462.925048828125,0.006615067144588149,1468.9749755859375,1468.8799865722656,0.011328041685693646
2295,2024-04-23,1441.9364013671875,1459.324951171875,1493.5,1455.550048828125,1479.0,14605554,1450.175048828125,1479.8499755859375,1470.125,1464.324951171875,1464.824951171875,1460.0999755859375,-0.013869665677384457,1467.8749755859376,1469.6587341308593,0.011540029165073434
2296,2024-04-24,1432.8953857421875,1450.175048828125,1468.550048828125,1449.5,1463.5,10462776,1459.9749755859375,1459.324951171875,1479.8499755859375,1470.125,1465.75,1485.9749755859375,-0.006269955390266202,1464.7599853515626,1469.6187377929687,0.011588785095589936
2297,2024-04-25,1442.5784912109375,1459.9749755859375,1467.9749755859375,1441.5,1442.5,15943926,1452.550048828125,1450.175048828125,1459.324951171875,1479.8499755859375,1464.324951171875,1463.6500244140625,0.0067577543591939015,1463.889990234375,1469.8662353515624,0.011672068559452183
2298,2024-04-26,1435.2421875,1452.550048828125,1465.0,1450.0,1463.949951171875,9413848,1465.0250244140625,1459.9749755859375,1450.175048828125,1459.324951171875,1470.125,1479.574951171875,-0.005085653440623283,1460.375,1470.414990234375,0.011530535593465549
2299,2024-04-29,1447.568359375,1465.0250244140625,1467.9000244140625,1450.0,1450.0,7247974,1467.0,1452.550048828125,1459.9749755859375,1450.175048828125,1479.8499755859375,1467.1500244140625,0.008588327538870066,1457.410009765625,1469.0237426757812,0.008341953165686018
2300,2024-04-30,1449.519775390625,1467.0,1483.074951171875,1462.875,1468.0,11474262,1466.550048828125,1465.0250244140625,1452.550048828125,1459.9749755859375,1459.324951171875,1464.824951171875,0.0013480831747070265,1458.94501953125,1468.0812438964845,0.00830706116475256
2301,2024-05-02,1449.0753173828125,1466.550048828125,1477.324951171875,1464.125,1472.0,14512646,1434.0,1467.0,1465.0250244140625,1452.550048828125,1450.175048828125,1465.75,-0.0003067151819189373,1462.22001953125,1467.1699951171875,0.008307272131273214
2302,2024-05-03,1416.9130859375,1434.0,1474.949951171875,1416.1500244140625,1471.0,17226958,1419.5250244140625,1466.550048828125,1467.0,1465.0250244140625,1459.9749755859375,1464.324951171875,-0.022194979880935328,1457.0250244140625,1464.5224975585938,0.00958624340294481
2303,2024-05-06,1402.610595703125,1419.5250244140625,1440.0,1418.0,1435.5,7394208,1401.4749755859375,1434.0,1466.550048828125,1467.0,1452.550048828125,1470.125,-0.010094125234266005,1450.42001953125,1461.91875,0.009575617338420887
2304,2024-05-07,1384.775634765625,1401.4749755859375,1420.75,1392.0,1415.9749755859375,14517472,1418.550048828125,1419.5250244140625,1434.0,1466.550048828125,1465.0250244140625,1479.8499755859375,-0.012715555215784602,1437.710009765625,1458.8462463378905,0.009848351039791259
2305,2024-05-08,1401.6473388671875,1418.550048828125,1432.949951171875,1397.5,1397.5,9439002,1394.125,1401.4749755859375,1419.5250244140625,1434.0,1467.0,1459.324951171875,0.012183644759727885,1428.02001953125,1456.76875,0.010353647542885803
2306,2024-05-09,1377.5133056640625,1394.125,1423.75,1390.0,1413.0,11009612,1407.425048828125,1418.550048828125,1401.4749755859375,1419.5250244140625,1466.550048828125,1450.175048828125,-0.01721832010671931,1413.535009765625,1452.176251220703,0.009896611772054979
2307,2024-05-10,1390.65478515625,1407.425048828125,1410.0,1388.074951171875,1396.75,10505096,1402.699951171875,1394.125,1418.550048828125,1401.4749755859375,1434.0,1459.9749755859375,0.009540069095758996,1408.22001953125,1449.3650024414062,0.009868150302136187
2308,2024-05-13,1385.986083984375,1402.699951171875,1406.9749755859375,1384.0,1399.9000244140625,8456620,1420.074951171875,1407.425048828125,1394.125,1418.550048828125,1419.5250244140625,1452.550048828125,-0.003357264147163197,1404.8550048828124,1445.5212524414062,0.00939929906749693
2309,2024-05-14,1403.15380859375,1420.074951171875,1427.074951171875,1400.0250244140625,1400.9749755859375,7188300,1416.2750244140625,1402.699951171875,1407.425048828125,1394.125,1401.4749755859375,1465.0250244140625,0.012386825839328042,1408.575,1443.167498779297,0.009864609745417328
2310,2024-05-15,1399.3994140625,1416.2750244140625,1429.9749755859375,1413.0250244140625,1420.5,5046534,1425.3499755859375,1420.074951171875,1402.699951171875,1407.425048828125,1418.550048828125,1467.0,-0.002675863520215427,1408.1199951171875,1440.7400024414062,0.009867637503255526
2311,2024-05-16,1408.3660888671875,1425.3499755859375,1427.5,1398.0250244140625,1418.550048828125,14711774,1435.699951171875,1416.2750244140625,1420.074951171875,1402.699951171875,1394.125,1466.550048828125,0.006407619293879341,1414.364990234375,1438.7200012207031,0.010020876711416509
2312,2024-05-17,1418.5928955078125,1435.699951171875,1437.199951171875,1413.25,1423.050048828125,10916476,1436.125,1425.3499755859375,1416.2750244140625,1420.074951171875,1407.425048828125,1434.0,0.007261357395177859,1420.019970703125,1437.288751220703,0.010204595389840788
2313,2024-05-21,1419.0128173828125,1436.125,1441.824951171875,1425.5999755859375,1425.5999755859375,11176128,1460.6500244140625,1435.699951171875,1425.3499755859375,1416.2750244140625,1402.699951171875,1419.5250244140625,0.000296056866045058,1426.70498046875,1435.5887512207032,0.010144746024489991
2314,2024-05-22,1443.24560546875,1460.6500244140625,1468.7750244140625,1436.2750244140625,1436.2750244140625,10281604,1486.050048828125,1436.125,1435.699951171875,1425.3499755859375,1420.074951171875,1401.4749755859375,0.017077221282313593,1434.8199951171875,1434.6287536621094,0.010812370536656343
2315,2024-05-23,1468.3428955078125,1486.050048828125,1492.2249755859375,1455.0,1458.550048828125,14608260,1480.25,1460.6500244140625,1436.125,1435.699951171875,1416.2750244140625,1418.550048828125,0.017389534788972982,1448.775,1435.9650085449218,0.011049501614267845
2316,2024-05-24,1462.6119384765625,1480.25,1488.5,1476.0999755859375,1483.625,7094776,1466.25,1486.050048828125,1460.6500244140625,1436.125,1425.3499755859375,1394.125,-0.0039029969634595263,1459.7550048828125,1437.4687561035157,0.010980381183135546
2317,2024-05-27,1448.77880859375,1466.25,1484.9000244140625,1461.550048828125,1480.2249755859375,6629010,1456.199951171875,1480.25,1486.050048828125,1460.6500244140625,1435.699951171875,1407.425048828125,-0.009457861847660842,1465.8650146484374,1437.7825073242188,0.011136962737303378
2318,2024-05-28,1438.8485107421875,1456.199951171875,1478.5,1452.75,1468.0,7820162,1440.7750244140625,1466.25,1480.25,1486.050048828125,1436.125,1402.699951171875,-0.00685425325021316,1469.8800048828125,1437.9650024414063,0.011188656566362745
2319,2024-05-29,1423.607421875,1440.7750244140625,1458.0,1438.449951171875,1446.5,7383556,1424.8499755859375,1456.199951171875,1466.25,1480.25,1460.6500244140625,1420.074951171875,-0.010592588432240535,1465.9050048828126,1436.7525024414062,0.011252324542808763
2320,2024-05-30,1407.8720703125,1424.8499755859375,1440.4000244140625,1420.0999755859375,1435.5,13206858,1430.4000244140625,1440.7750244140625,1456.199951171875,1466.25,1486.050048828125,1416.2750244140625,-0.011053112774911833,1453.664990234375,1434.645001220703,0.011468833387422939
2321,2024-05-31,1413.35595703125,1430.4000244140625,1442.25,1422.25,1431.300048828125,31069832,1510.324951171875,1424.8499755859375,1440.7750244140625,1456.199951171875,1480.25,1425.3499755859375,0.00389518119326393,1443.6949951171875,1432.8375,0.011528134116949976
2322,2024-06-03,1492.32861328125,1510.324951171875,1514.5,1459.0,1483.0,21527942,1397.2750244140625,1430.4000244140625,1424.8499755859375,1440.7750244140625,1466.25,1435.699951171875,0.05587592658952323,1452.5099853515626,1436.6537475585938,0.016278296292693558
2323,2024-06-04,1380.625732421875,1397.2750244140625,1498.050048828125,1359.300048828125,1498.050048828125,36709098,1420.75,1510.324951171875,1430.4000244140625,1424.8499755859375,1456.199951171875,1436.125,-0.07485139318535128,1440.725,1435.5412475585938,0.023706610946867653
2324,2024-06-05,1403.8209228515625,1420.75,1431.1500244140625,1384.0999755859375,1422.0,17464890,1431.5999755859375,1397.2750244140625,1510.324951171875,1430.4000244140625,1440.7750244140625,1460.6500244140625,0.01680054046323609,1436.7199951171874,1436.5049987792968,0.023825763567769626
2325,2024-06-06,1414.5416259765625,1431.5999755859375,1443.699951171875,1421.3499755859375,1435.0,17855722,1469.949951171875,1420.75,1397.2750244140625,1510.324951171875,1424.8499755859375,1486.050048828125,0.007636794359273225,1438.0699951171875,1437.1574951171874,0.023734525466987733
2326,2024-06-07,1452.4345703125,1469.949951171875,1472.0,1426.5,1428.5,18558696,1471.4000244140625,1431.5999755859375,1420.75,1397.2750244140625,1430.4000244140625,1480.25,0.02678819240007413,1445.97998046875,1440.9487426757812,0.02402111958901073
2327,2024-06-10,1453.867431640625,1471.4000244140625,1493.3499755859375,1468.074951171875,1469.949951171875,9251760,1456.675048828125,1469.949951171875,1431.5999755859375,1420.75,1510.324951171875,1466.25,0.000986477968880184,1438.1949951171875,1444.1474914550781,0.023973345011096134
2328,2024-06-11,1439.3179931640625,1456.675048828125,1473.675048828125,1454.675048828125,1469.0,11774902,1463.324951171875,1471.4000244140625,1469.949951171875,1431.5999755859375,1397.2750244140625,1456.199951171875,-0.010007459114866668,1450.075,1446.8462463378905,0.024104661471314043
2329,2024-06-12,1445.888671875,1463.324951171875,1476.0,1455.175048828125,1457.5,10081742,1465.25,1456.675048828125,1471.4000244140625,1469.949951171875,1420.75,1440.7750244140625,0.0045651240811048766,1458.589990234375,1449.0087463378907,0.023993374497147377
2330,2024-06-13,1447.790771484375,1465.25,1472.25,1460.0999755859375,1472.0,9181160,1477.550048828125,1463.324951171875,1456.675048828125,1471.4000244140625,1431.5999755859375,1424.8499755859375,0.0013155306526984045,1465.3199951171875,1451.4574951171876,0.02397095722322971
2331,2024-06-14,1459.9442138671875,1477.550048828125,1479.675048828125,1457.2249755859375,1470.0,8157998,1481.0250244140625,1465.25,1463.324951171875,1456.675048828125,1469.949951171875,1430.4000244140625,0.00839450525720875,1466.8400146484375,1454.0674987792968,0.023994383644471064
2332,2024-06-18,1463.3778076171875,1481.0250244140625,1487.4000244140625,1471.3499755859375,1487.3499755859375,7196766,1458.6500244140625,1477.550048828125,1465.25,1463.324951171875,1471.4000244140625,1510.324951171875,0.0023518496640391184,1468.7650146484375,1456.3337524414062,0.023963659420107936
2333,2024-06-19,1441.2694091796875,1458.6500244140625,1487.5,1456.0,1487.5,8725874,1473.699951171875,1481.0250244140625,1477.550048828125,1465.25,1456.675048828125,1397.2750244140625,-0.015107779835693336,1469.160009765625,1457.4600036621093,0.024261335966228533
2334,2024-06-20,1456.14013671875,1473.699951171875,1482.8499755859375,1450.0999755859375,1459.0,16113776,1454.199951171875,1458.6500244140625,1481.0250244140625,1477.550048828125,1463.324951171875,1420.75,0.010317709187204205,1471.235009765625,1458.1125,0.024072848540862127
2335,2024-06-21,1436.872314453125,1454.199951171875,1474.699951171875,1440.574951171875,1473.625,31170360,1441.4749755859375,1473.699951171875,1458.6500244140625,1481.0250244140625,1465.25,1431.5999755859375,-0.013232001524118742,1469.025,1456.5199951171876,0.023930508039151973
2336,2024-06-24,1424.2989501953125,1441.4749755859375,1449.5,1437.5,1445.5250244140625,8878386,1454.1500244140625,1454.199951171875,1473.699951171875,1458.6500244140625,1477.550048828125,1469.949951171875,-0.008750499252653032,1461.8099853515625,1454.5812438964845,0.023987999432896003
2337,2024-06-25,1436.822998046875,1454.1500244140625,1455.925048828125,1441.0,1443.0,7045386,1514.0250244140625,1441.4749755859375,1454.199951171875,1473.699951171875,1481.0250244140625,1471.4000244140625,0.008793110558837691,1456.4349853515625,1453.9762451171875,0.023998420881406402
2338,2024-06-26,1495.9844970703125,1514.0250244140625,1518.9749755859375,1445.125,1446.050048828125,22014882,1530.550048828125,1454.1500244140625,1441.4749755859375,1454.199951171875,1458.6500244140625,1456.675048828125,0.04117525633170227,1467.5099853515626,1456.867498779297,0.02563790603842503
2339,2024-06-27,1512.3126220703125,1530.550048828125,1537.5,1506.0,1513.75,28383030,1565.4000244140625,1514.0250244140625,1454.1500244140625,1441.4749755859375,1473.699951171875,1463.324951171875,0.01091463096553369,1478.8800048828125,1461.35625,0.025521002569664154
2340,2024-06-28,1546.7474365234375,1565.4000244140625,1581.0,1531.0250244140625,1531.0250244140625,28957336,1560.1500244140625,1530.550048828125,1514.0250244140625,1454.1500244140625,1454.199951171875,1465.25,0.022769575952528154,1501.12001953125,1468.3837524414062,0.02563737901294671
2341,2024-07-01,1541.5599365234375,1560.1500244140625,1579.4000244140625,1555.675048828125,1562.5250244140625,7724306,1565.175048828125,1565.4000244140625,1530.550048828125,1514.0250244140625,1441.4749755859375,1477.550048828125,-0.003353775340565135,1524.855029296875,1474.8712524414063,0.02570544077833873
2342,2024-07-02,1546.525146484375,1565.175048828125,1573.5,1557.0,1569.5,7749246,1552.425048828125,1560.1500244140625,1565.4000244140625,1530.550048828125,1454.1500244140625,1481.0250244140625,0.0032208597477345613,1547.0600341796876,1477.6137573242188,0.022706312823412348
2343,2024-07-03,1533.927001953125,1552.425048828125,1575.0,1542.7750244140625,1566.324951171875,9049620,1554.0250244140625,1565.175048828125,1560.1500244140625,1565.4000244140625,1514.0250244140625,1458.6500244140625,-0.008146053701498901,1554.7400390625,1485.3712585449218,0.014077661873504777
2344,2024-07-04,1535.5079345703125,1554.0250244140625,1567.5,1550.800048828125,1557.0,6837176,1588.625,1552.425048828125,1565.175048828125,1560.1500244140625,1530.550048828125,1473.699951171875,0.00103062984402702,1559.4350341796876,1492.035009765625,0.013843524952255605
2345,2024-07-05,1569.695556640625,1588.625,1598.5,1548.0,1553.824951171875,12269710,1600.9000244140625,1554.0250244140625,1552.425048828125,1565.175048828125,1565.4000244140625,1454.199951171875,0.022264748020375924,1564.080029296875,1499.8862609863281,0.014389024075318562
2346,2024-07-08,1581.824462890625,1600.9000244140625,1608.800048828125,1582.5250244140625,1589.0,9500806,1590.2750244140625,1588.625,1554.0250244140625,1552.425048828125,1560.1500244140625,1441.4749755859375,0.007726823142064632,1572.230029296875,1506.4337646484375,0.013495360830822025
2347,2024-07-09,1571.3260498046875,1590.2750244140625,1600.5,1580.5,1597.5999755859375,6960002,1584.2249755859375,1600.9000244140625,1588.625,1554.0250244140625,1565.175048828125,1454.1500244140625,-0.006636891647177512,1577.2500244140624,1512.3775146484375,0.013701782461614673
2348,2024-07-10,1565.3480224609375,1584.2249755859375,1597.5,1563.1500244140625,1595.0,7134578,1580.6500244140625,1590.2750244140625,1600.9000244140625,1588.625,1552.425048828125,1514.0250244140625,-0.0038044041032173626,1583.610009765625,1518.7550109863282,0.013436122550419398
2349,2024-07-11,1561.815673828125,1580.6500244140625,1604.25,1570.5,1587.5,11940946,1596.7249755859375,1584.2249755859375,1590.2750244140625,1600.9000244140625,1554.0250244140625,1530.550048828125,-0.002256593114593919,1588.935009765625,1524.6212646484375,0.01351513750841054
2350,2024-07-12,1577.6990966796875,1596.7249755859375,1605.1500244140625,1574.5,1584.5,12924784,1597.2249755859375,1580.6500244140625,1584.2249755859375,1590.2750244140625,1588.625,1565.4000244140625,0.010169835778691017,1590.5550048828125,1531.1950134277345,0.013569232213081105
2351,2024-07-15,1578.1932373046875,1597.2249755859375,1605.8499755859375,1585.5,1604.449951171875,5329688,1576.25,1596.7249755859375,1580.6500244140625,1584.2249755859375,1600.9000244140625,1560.1500244140625,0.0003131409651913053,1589.8199951171875,1537.178759765625,0.013564097455162976
2352,2024-07-16,1557.4681396484375,1576.25,1600.0,1569.125,1593.5,9386838,1586.675048828125,1597.2249755859375,1596.7249755859375,1580.6500244140625,1590.2750244140625,1565.175048828125,-0.013132135989949001,1587.014990234375,1541.940008544922,0.014093941772900945
2353,2024-07-18,1567.7689208984375,1586.675048828125,1593.9000244140625,1557.824951171875,1576.0,12298374,1555.1500244140625,1576.25,1597.2249755859375,1596.7249755859375,1584.2249755859375,1552.425048828125,0.0066138295499602595,1587.5050048828125,1548.341259765625,0.013429019623311056
2354,2024-07-19,1536.6195068359375,1555.1500244140625,1589.9749755859375,1552.800048828125,1586.0,13140390,1500.675048828125,1586.675048828125,1576.25,1597.2249755859375,1580.6500244140625,1554.0250244140625,-0.019868607902636448,1582.4050048828126,1552.4137634277345,0.014379763256549117
2355,2024-07-22,1482.793701171875,1500.675048828125,1537.5,1499.2750244140625,1537.25,19674376,1487.9000244140625,1555.1500244140625,1586.675048828125,1576.25,1596.7249755859375,1588.625,-0.035028759110531604,1563.19501953125,1554.7375183105469,0.01634914826312029
2356,2024-07-23,1470.1707763671875,1487.9000244140625,1505.75,1463.0,1501.0,18052044,1495.699951171875,1500.675048828125,1555.1500244140625,1586.675048828125,1597.2249755859375,1600.9000244140625,-0.00851285188225026,1541.330029296875,1557.058770751953,0.01634123709314362
2357,2024-07-24,1477.8778076171875,1495.699951171875,1509.5,1476.4000244140625,1485.0,11913362,1492.4000244140625,1487.9000244140625,1500.675048828125,1555.1500244140625,1576.25,1590.2750244140625,0.005242238476932615,1525.22001953125,1559.1362670898438,0.01627943322921376
2358,2024-07-25,1474.6171875,1492.4000244140625,1500.4749755859375,1477.074951171875,1481.0,12519876,1509.0250244140625,1495.699951171875,1487.9000244140625,1500.675048828125,1586.675048828125,1584.2249755859375,-0.0022062759012775324,1506.3650146484374,1558.0550170898437,0.013345479867941582
2359,2024-07-26,1491.044189453125,1509.0250244140625,1512.425048828125,1490.3499755859375,1492.4000244140625,9859940,1520.0999755859375,1492.4000244140625,1495.699951171875,1487.9000244140625,1555.1500244140625,1580.6500244140625,0.011139774677052294,1497.1400146484375,1556.9787658691407,0.013355825034135915
2360,2024-07-29,1501.9871826171875,1520.0999755859375,1527.5,1511.7750244140625,1511.949951171875,7538550,1513.1500244140625,1509.0250244140625,1492.4000244140625,1495.699951171875,1500.675048828125,1596.7249755859375,0.007339143481848609,1501.025,1554.7137634277344,0.012340496604267264
2361,2024-07-30,1495.119873046875,1513.1500244140625,1525.0,1510.0,1517.0250244140625,8228208,1505.425048828125,1520.0999755859375,1509.0250244140625,1492.4000244140625,1487.9000244140625,1597.2249755859375,-0.004572035578907285,1506.075,1552.3637634277343,0.012353677497406932
2362,2024-07-31,1487.4869384765625,1505.425048828125,1510.449951171875,1501.1500244140625,1504.0,10057346,1515.300048828125,1513.1500244140625,1520.0999755859375,1509.0250244140625,1495.699951171875,1576.25,-0.005105227810394353,1508.02001953125,1549.3762634277343,0.012328070095615618
2363,2024-08-01,1497.2445068359375,1515.300048828125,1518.0,1504.300048828125,1512.0,10764222,1499.324951171875,1505.425048828125,1513.1500244140625,1520.0999755859375,1492.4000244140625,1586.675048828125,0.00655960919986498,1512.6000244140625,1547.5200134277343,0.012372603870786066
2364,2024-08-02,1481.4595947265625,1499.324951171875,1509.324951171875,1493.2750244140625,1505.0,10268248,1447.324951171875,1515.300048828125,1505.425048828125,1513.1500244140625,1509.0250244140625,1555.1500244140625,-0.010542530945342854,1510.660009765625,1544.785009765625,0.01253549109026637
2365,2024-08-05,1430.0792236328125,1447.324951171875,1483.9000244140625,1433.25,1480.0,17046704,1456.050048828125,1499.324951171875,1515.300048828125,1505.425048828125,1520.0999755859375,1500.675048828125,-0.03468227481931563,1496.1050048828124,1537.7200073242188,0.01324925625725697
2366,2024-08-06,1438.700439453125,1456.050048828125,1477.5,1451.324951171875,1455.1500244140625,10236186,1464.824951171875,1447.324951171875,1499.324951171875,1515.300048828125,1513.1500244140625,1487.9000244140625,0.006028430346056934,1484.685009765625,1530.4775085449219,0.013171560546965671
2367,2024-08-07,1447.3707275390625,1464.824951171875,1472.5,1461.5,1469.0,8174568,1449.125,1456.050048828125,1447.324951171875,1499.324951171875,1505.425048828125,1495.699951171875,0.006026511486203701,1476.564990234375,1524.2050048828125,0.013373696695009192
2368,2024-08-08,1431.85791015625,1449.125,1465.0,1445.925048828125,1457.5250244140625,12387192,1474.300048828125,1464.824951171875,1456.050048828125,1447.324951171875,1515.300048828125,1492.4000244140625,-0.010717970880626315,1463.32998046875,1517.4500061035155,0.013457084794309383
2369,2024-08-09,1456.73291015625,1474.300048828125,1476.5,1456.0,1460.0,6249776,1460.625,1449.125,1464.824951171875,1456.050048828125,1499.324951171875,1509.0250244140625,0.017372586097213816,1458.325,1512.1325073242188,0.014307471373520897
2370,2024-08-12,1443.2208251953125,1460.625,1473.0,1457.75,1470.0,8184584,1463.625,1474.300048828125,1449.125,1464.824951171875,1447.324951171875,1520.0999755859375,-0.009275621227167963,1460.985009765625,1505.3275085449218,0.013995668227239738
2371,2024-08-13,1446.1851806640625,1463.625,1470.074951171875,1458.0,1460.75,6265064,1461.8499755859375,1460.625,1474.300048828125,1449.125,1456.050048828125,1513.1500244140625,0.0020539152759948553,1462.5,1498.647509765625,0.014031564337487338
2372,2024-08-14,1444.4312744140625,1461.8499755859375,1472.0,1453.699951171875,1463.550048828125,6267466,1478.199951171875,1463.625,1460.625,1474.300048828125,1464.824951171875,1505.425048828125,-0.001212759015500886,1461.9050048828126,1492.927508544922,0.013887441912281945
2373,2024-08-16,1460.58642578125,1478.199951171875,1480.4000244140625,1458.050048828125,1468.6500244140625,9416902,1488.4000244140625,1461.8499755859375,1463.625,1460.625,1449.125,1515.300048828125,0.011184441535722067,1467.7199951171874,1487.5037536621094,0.014101491534261995
2374,2024-08-19,1475.65625,1488.4000244140625,1498.300048828125,1480.5,1482.5,13797742,1495.949951171875,1478.199951171875,1461.8499755859375,1463.625,1474.300048828125,1499.324951171875,0.006900333905505152,1470.539990234375,1484.1662536621093,0.013725361768921075
2375,2024-08-20,1483.1416015625,1495.949951171875,1503.925048828125,1490.0250244140625,1497.2249755859375,8411808,1498.675048828125,1488.4000244140625,1478.199951171875,1461.8499755859375,1460.625,1447.324951171875,0.005072511847602712,1477.60498046875,1483.929998779297,0.011392747222538663
2376,2024-08-21,1485.8433837890625,1498.675048828125,1507.875,1490.0,1493.25,7769996,1498.125,1495.949951171875,1488.4000244140625,1478.199951171875,1463.625,1456.050048828125,0.0018216502859038641,1484.614990234375,1484.46875,0.011223988967651487
2377,2024-08-22,1485.2979736328125,1498.125,1506.5,1490.6500244140625,1503.0,10445782,1499.9749755859375,1498.675048828125,1495.949951171875,1488.4000244140625,1461.8499755859375,1464.824951171875,-0.0003670234108155146,1491.8699951171875,1484.5900024414063,0.011167122105563664
2378,2024-08-23,1487.1322021484375,1499.9749755859375,1511.324951171875,1498.425048828125,1503.75,9249654,1512.5999755859375,1498.125,1498.675048828125,1495.949951171875,1478.199951171875,1449.125,0.0012348606330829792,1496.225,1484.96875,0.011155558986312255
2379,2024-08-26,1499.649169921875,1512.5999755859375,1523.0,1503.0,1506.9749755859375,8816114,1500.449951171875,1499.9749755859375,1498.125,1498.675048828125,1488.4000244140625,1474.300048828125,0.008416807083777123,1501.064990234375,1485.1474975585938,0.011032404150091723
2380,2024-08-27,1487.6031494140625,1500.449951171875,1513.4749755859375,1499.449951171875,1510.5,6251156,1498.300048828125,1512.5999755859375,1499.9749755859375,1498.125,1495.949951171875,1460.625,-0.008032543045199958,1501.964990234375,1484.1649963378907,0.01104260555015655
2381,2024-08-28,1485.4716796875,1498.300048828125,1507.4749755859375,1493.0,1505.0,9610286,1520.925048828125,1500.449951171875,1512.5999755859375,1499.9749755859375,1498.675048828125,1463.625,-0.001432838424281213,1501.889990234375,1483.4224975585937,0.011005300290291585
2382,2024-08-29,1507.90283203125,1520.925048828125,1537.0,1494.0,1503.0999755859375,38335358,1509.625,1498.300048828125,1500.449951171875,1512.5999755859375,1498.125,1461.8499755859375,0.015100446681354462,1506.45,1484.1974975585938,0.011471557209919823
2383,2024-08-30,1496.6995849609375,1509.625,1539.7249755859375,1503.324951171875,1534.0,41620730,1516.25,1520.925048828125,1498.300048828125,1500.449951171875,1499.9749755859375,1478.199951171875,-0.0074297210351237375,1508.3800048828125,1483.9137451171875,0.01151388810291374
2384,2024-09-02,1503.2679443359375,1516.25,1526.800048828125,1506.625,1510.875,11240852,1509.125,1509.625,1520.925048828125,1498.300048828125,1512.5999755859375,1488.4000244140625,0.004388507079572834,1509.110009765625,1484.7599975585938,0.011284582122587076
2385,2024-09-03,1496.203857421875,1509.125,1523.0,1507.5,1521.25,10923800,1514.550048828125,1516.25,1509.625,1520.925048828125,1500.449951171875,1495.949951171875,-0.004699093157460865,1510.84501953125,1487.85,0.00780160576835119
2386,2024-09-04,1501.5823974609375,1514.550048828125,1517.5,1499.5,1500.699951171875,11983304,1492.9749755859375,1509.125,1516.25,1509.625,1498.300048828125,1498.675048828125,0.0035948306655346762,1514.09501953125,1490.775,0.007756312580587798
2387,2024-09-05,1480.192138671875,1492.9749755859375,1525.7750244140625,1487.050048828125,1519.050048828125,16264168,1464.824951171875,1514.550048828125,1509.125,1516.25,1520.925048828125,1498.125,-0.014245203226450731,1508.5050048828125,1492.1825012207032,0.008492082022828942
2388,2024-09-06,1452.2830810546875,1464.824951171875,1497.0,1461.625,1492.5,19394228,1462.449951171875,1492.9749755859375,1514.550048828125,1509.125,1509.625,1499.9749755859375,-0.01885498744077385,1499.5449951171875,1492.9674987792969,0.009243978370731373
2389,2024-09-09,1449.928466796875,1462.449951171875,1469.925048828125,1455.5999755859375,1466.5,9010298,1461.5250244140625,1464.824951171875,1492.9749755859375,1514.550048828125,1516.25,1512.5999755859375,-0.0016213541407115173,1488.7849853515625,1492.3749938964843,0.008361475592776928
2390,2024-09-10,1449.011474609375,1461.5250244140625,1472.050048828125,1457.574951171875,1460.5,10768260,1451.5,1462.449951171875,1464.824951171875,1492.9749755859375,1509.125,1500.449951171875,-0.0006324501956948003,1479.264990234375,1492.4199951171875,0.008096123932836404
2391,2024-09-11,1439.072265625,1451.5,1468.75,1447.550048828125,1463.050048828125,9760202,1479.800048828125,1461.5250244140625,1462.449951171875,1464.824951171875,1514.550048828125,1498.300048828125,-0.006859290293768083,1466.65498046875,1491.8137451171874,0.008224999756837669
2392,2024-09-12,1467.1298828125,1479.800048828125,1486.0,1445.875,1457.0,22349376,1472.625,1451.5,1461.5250244140625,1462.449951171875,1492.9749755859375,1520.925048828125,0.01949710563425766,1464.0199951171876,1492.711248779297,0.009342809324783872
2393,2024-09-13,1460.016357421875,1472.625,1483.1500244140625,1469.5,1476.4000244140625,8711328,1471.3499755859375,1479.800048828125,1451.5,1461.5250244140625,1464.824951171875,1509.625,-0.004848661029445811,1465.5800048828125,1492.4325012207032,0.009075533156097087
2394,2024-09-16,1458.7523193359375,1471.3499755859375,1480.9000244140625,1464.75,1477.550048828125,5481774,1472.300048828125,1472.625,1479.800048828125,1451.5,1462.449951171875,1516.25,-0.0008658174444019506,1467.360009765625,1491.5799987792968,0.008922866220469252
2395,2024-09-17,1459.6942138671875,1472.300048828125,1477.4749755859375,1466.625,1474.0,5935328,1463.449951171875,1471.3499755859375,1472.625,1479.800048828125,1461.5250244140625,1509.125,0.0006457153348640166,1469.5150146484375,1490.3975036621093,0.008830794804959415
2396,2024-09-18,1450.9197998046875,1463.449951171875,1482.0,1460.550048828125,1470.0,8574714,1469.675048828125,1472.300048828125,1471.3499755859375,1472.625,1451.5,1514.550048828125,-0.006011069321972928,1471.9050048828126,1488.636248779297,0.008883828022372415
2397,2024-09-19,1457.0916748046875,1469.675048828125,1476.5,1455.550048828125,1466.25,16955902,1485.925048828125,1463.449951171875,1472.300048828125,1471.3499755859375,1479.800048828125,1492.9749755859375,0.004253714075609594,1469.8800048828125,1487.2137512207032,0.008965005599392008
2398,2024-09-20,1473.2025146484375,1485.925048828125,1495.0,1471.375,1474.0,30897320,1493.375,1469.675048828125,1463.449951171875,1472.300048828125,1472.625,1464.824951171875,0.011056865946630356,1472.5400146484376,1486.5112548828124,0.00935001972896859
2399,2024-09-23,1480.5887451171875,1493.375,1501.5,1488.949951171875,1491.0,8832314,1489.375,1485.925048828125,1469.675048828125,1463.449951171875,1471.3499755859375,1462.449951171875,0.005013678972402014,1476.94501953125,1485.5500061035157,0.009210492372321497
2400,2024-09-24,1476.6229248046875,1489.375,1500.5,1487.875,1488.5,17137444,1493.949951171875,1493.375,1485.925048828125,1469.675048828125,1472.300048828125,1461.5250244140625,-0.0026784966937306587,1480.360009765625,1484.9962585449218,0.009059641091880356
2401,2024-09-25,1481.15869140625,1493.949951171875,1496.5,1480.199951171875,1483.9000244140625,7069002,1497.949951171875,1489.375,1493.375,1485.925048828125,1463.449951171875,1451.5,0.0030717255035668245,1486.460009765625,1484.7787536621095,0.009086770118380525
2402,2024-09-26,1485.12451171875,1497.949951171875,1504.0,1488.050048828125,1490.6500244140625,18818998,1526.175048828125,1493.949951171875,1489.375,1493.375,1469.675048828125,1479.800048828125,0.0026774658661505857,1492.114990234375,1483.6299987792968,0.00839049950274612
2403,2024-09-27,1513.10791015625,1526.175048828125,1533.4749755859375,1492.0,1499.0,20597478,1476.574951171875,1497.949951171875,1493.949951171875,1489.375,1485.925048828125,1472.625,0.01884248377869291,1500.164990234375,1484.457501220703,0.009293894752194677
2404,2024-09-30,1463.9324951171875,1476.574951171875,1524.9749755859375,1474.4000244140625,1519.4000244140625,27008814,1464.824951171875,1526.175048828125,1497.949951171875,1493.949951171875,1493.375,1471.3499755859375,-0.032499612475210826,1496.80498046875,1482.4737487792968,0.011817329053978691
2405,2024-10-01,1452.2830810546875,1464.824951171875,1487.949951171875,1462.824951171875,1480.6500244140625,16431642,1406.9749755859375,1476.574951171875,1526.175048828125,1497.949951171875,1489.375,1472.300048828125,-0.007957604854853195,1491.894970703125,1480.2587463378907,0.011889508739752194
2406,2024-10-03,1394.928466796875,1406.9749755859375,1449.4000244140625,1402.074951171875,1436.574951171875,37757294,1386.5250244140625,1464.824951171875,1476.574951171875,1526.175048828125,1493.949951171875,1463.449951171875,-0.03949275682371256,1474.4999755859376,1474.8799926757813,0.01454089858549163
2407,2024-10-04,1374.653564453125,1386.5250244140625,1417.3499755859375,1381.7750244140625,1403.925048828125,37072876,1370.7249755859375,1406.9749755859375,1464.824951171875,1476.574951171875,1497.949951171875,1469.675048828125,-0.0145346943099387,1452.214990234375,1469.5574951171875,0.014552218363237713
2408,2024-10-07,1358.98876953125,1370.7249755859375,1396.5,1361.375,1393.5,22181340,1397.3499755859375,1386.5250244140625,1406.9749755859375,1464.824951171875,1526.175048828125,1485.925048828125,-0.011395429977761884,1421.1249755859376,1464.8524963378907,0.014232459768339025
2409,2024-10-08,1385.3857421875,1397.3499755859375,1401.0,1365.0999755859375,1372.9749755859375,17020808,1374.5999755859375,1370.7249755859375,1386.5250244140625,1406.9749755859375,1476.574951171875,1493.375,0.019424027776701713,1405.27998046875,1461.5974975585937,0.015107712851424841
2410,2024-10-09,1362.8306884765625,1374.5999755859375,1400.9749755859375,1372.5,1397.5250244140625,14310610,1371.050048828125,1397.3499755859375,1370.7249755859375,1386.5250244140625,1464.824951171875,1489.375,-0.01628081754569788,1387.2349853515625,1457.2512451171874,0.01542604016284314
2411,2024-10-10,1359.31103515625,1371.050048828125,1386.0,1369.425048828125,1380.0250244140625,22358646,1372.0999755859375,1374.5999755859375,1397.3499755859375,1370.7249755859375,1406.9749755859375,1493.949951171875,-0.0025825162380781475,1380.05,1453.2287475585938,0.015398572230534823
2412,2024-10-11,1360.35205078125,1372.0999755859375,1383.2750244140625,1368.824951171875,1370.0,7980122,1372.5250244140625,1371.050048828125,1374.5999755859375,1397.3499755859375,1386.5250244140625,1497.949951171875,0.000765782954976757,1377.164990234375,1447.8437438964843,0.014519889225099723
2413,2024-10-14,1360.7734375,1372.5250244140625,1380.074951171875,1368.25,1379.449951171875,12221432,1344.0250244140625,1372.0999755859375,1371.050048828125,1374.5999755859375,1370.7249755859375,1526.175048828125,0.00030977977967205916,1377.525,1442.8387451171875,0.014543642767284336
2414,2024-10-15,1332.5174560546875,1344.0250244140625,1371.699951171875,1340.699951171875,1358.5250244140625,33762794,1354.074951171875,1372.5250244140625,1372.0999755859375,1371.050048828125,1397.3499755859375,1476.574951171875,-0.02076464872628958,1366.860009765625,1436.4724975585937,0.015032721110751457
2415,2024-10-16,1342.4814453125,1354.074951171875,1364.0,1337.625,1340.0,20034438,1356.425048828125,1344.0250244140625,1372.5250244140625,1372.0999755859375,1374.5999755859375,1464.824951171875,0.007477484849803151,1362.7550048828125,1430.5612426757812,0.01522989842618089
2416,2024-10-17,1344.811279296875,1356.425048828125,1368.449951171875,1352.050048828125,1365.699951171875,15543660,1359.300048828125,1354.074951171875,1344.0250244140625,1372.5250244140625,1371.050048828125,1406.9749755859375,0.0017355742783780048,1359.8300048828125,1425.2099975585938,0.015276243785421252
2417,2024-10-18,1347.66162109375,1359.300048828125,1368.425048828125,1341.324951171875,1352.175048828125,12082452,1369.199951171875,1356.425048828125,1354.074951171875,1344.0250244140625,1372.0999755859375,1386.5250244140625,0.002119542102590799,1357.27001953125,1419.6912475585937,0.015225292252900795
2418,2024-10-21,1357.4769287109375,1369.199951171875,1374.0,1357.7249755859375,1367.125,14067408,1343.3499755859375,1359.300048828125,1356.425048828125,1354.074951171875,1372.5250244140625,1370.7249755859375,0.007283088345567901,1356.6050048828124,1413.8549926757812,0.015054101453645514
2419,2024-10-22,1331.84814453125,1343.3499755859375,1376.0,1340.2249755859375,1369.199951171875,15831960,1338.5250244140625,1369.199951171875,1359.300048828125,1356.425048828125,1344.0250244140625,1397.3499755859375,-0.018879620587053725,1356.4699951171874,1406.353741455078,0.015250162536332
2420,2024-10-23,1327.064453125,1338.5250244140625,1357.4749755859375,1335.0,1337.5,17214742,1339.800048828125,1343.3499755859375,1369.199951171875,1359.300048828125,1354.074951171875,1374.5999755859375,-0.0035917305687749312,1353.360009765625,1398.8112426757812,0.015243682139515078
2421,2024-10-24,1328.3287353515625,1339.800048828125,1343.699951171875,1323.125,1335.2750244140625,22155934,1327.8499755859375,1338.5250244140625,1343.3499755859375,1369.199951171875,1356.425048828125,1371.050048828125,0.0009525592654651138,1350.035009765625,1391.1037475585938,0.01519033161221774
2422,2024-10-25,1316.4808349609375,1327.8499755859375,1344.3499755859375,1322.0,1343.5,18597496,1334.3499755859375,1339.800048828125,1338.5250244140625,1343.3499755859375,1359.300048828125,1372.0999755859375,-0.008919296019312628,1343.7449951171875,1382.5987487792968,0.015090007557850555
2423,2024-10-28,1322.9251708984375,1334.3499755859375,1353.0,1322.0999755859375,1337.0,10824350,1340.0,1327.8499755859375,1339.800048828125,1338.5250244140625,1369.199951171875,1372.5250244140625,0.004895131317174339,1336.775,1373.0074951171875,0.014181330073408039
2424,2024-10-29,1328.52685546875,1340.0,1343.199951171875,1320.300048828125,1328.0999755859375,12008361,1343.9000244140625,1334.3499755859375,1327.8499755859375,1339.800048828125,1343.3499755859375,1344.0250244140625,0.004234289742150565,1336.1050048828124,1366.1787475585938,0.012977671658176653
2425,2024-10-30,1332.3935546875,1343.9000244140625,1350.0,1325.3499755859375,1335.0,11984423,1332.050048828125,1340.0,1334.3499755859375,1327.8499755859375,1338.5250244140625,1354.074951171875,0.002910465980643595,1337.1800048828125,1360.132501220703,0.013063986075298824
2426,2024-10-31,1320.64501953125,1332.050048828125,1343.0,1326.1500244140625,1340.0,9331650,1338.6500244140625,1343.9000244140625,1340.0,1334.3499755859375,1339.800048828125,1356.425048828125,-0.008817602031895189,1335.6300048828125,1356.3862548828124,0.010188760857442816
2427,2024-11-01,1327.1884765625,1338.6500244140625,1341.949951171875,1333.0,1333.050048828125,2127335,1302.1500244140625,1332.050048828125,1343.9000244140625,1340.0,1327.8499755859375,1359.300048828125,0.004954750455318013,1337.7900146484376,1353.9925048828125,0.009924144106595067
2428,2024-11-04,1291.0009765625,1302.1500244140625,1340.0,1285.0999755859375,1337.8499755859375,19796890,1305.300048828125,1338.6500244140625,1332.050048828125,1343.9000244140625,1334.3499755859375,1369.199951171875,-0.027266275228266856,1331.3500244140625,1350.5637573242188,0.011281224406799373
2429,2024-11-05,1294.1240234375,1305.300048828125,1309.550048828125,1286.1500244140625,1293.0,16267479,1325.3499755859375,1302.1500244140625,1338.6500244140625,1332.050048828125,1340.0,1343.3499755859375,0.00241909484698577,1324.4100341796875,1345.9612609863282,0.01012309111379642
2430,2024-11-06,1314.0023193359375,1325.3499755859375,1328.300048828125,1300.199951171875,1310.0,21625209,1305.6500244140625,1305.300048828125,1302.1500244140625,1338.6500244140625,1343.9000244140625,1338.5250244140625,0.015360396849607882,1320.7000244140625,1343.498760986328,0.010463015953930921
2431,2024-11-07,1294.4710693359375,1305.6500244140625,1324.0,1302.5999755859375,1324.0,9611974,1283.75,1325.3499755859375,1305.300048828125,1302.1500244140625,1332.050048828125,1339.800048828125,-0.014863961621280897,1315.42001953125,1340.228759765625,0.010865843885648348
2432,2024-11-08,1272.7584228515625,1283.75,1301.6500244140625,1275.0,1297.6500244140625,19814406,1272.699951171875,1305.6500244140625,1325.3499755859375,1305.300048828125,1338.6500244140625,1327.8499755859375,-0.016773273085864293,1304.4400146484375,1335.811260986328,0.011297425688888198
2433,2024-11-11,1261.802978515625,1272.699951171875,1286.0,1267.0,1278.949951171875,9056552,1274.25,1283.75,1305.6500244140625,1325.3499755859375,1302.1500244140625,1334.3499755859375,-0.008607632972249313,1298.55,1330.8200073242188,0.01132500942295155
2434,2024-11-12,1263.33984375,1274.25,1289.300048828125,1267.5,1275.550048828125,10671091,1252.050048828125,1272.699951171875,1283.75,1305.6500244140625,1305.300048828125,1340.0,0.0012179216528591663,1292.339990234375,1327.3312561035157,0.010627656048552465
2435,2024-11-13,1241.3299560546875,1252.050048828125,1275.449951171875,1249.5,1270.25,14633633,1267.5999755859375,1274.25,1272.699951171875,1283.75,1325.3499755859375,1343.9000244140625,-0.01742197462968409,1277.6800048828125,1322.2300109863281,0.010840310575275014
2436,2024-11-14,1256.746826171875,1267.5999755859375,1272.5999755859375,1251.0999755859375,1253.5999755859375,12612633,1260.75,1252.050048828125,1274.25,1272.699951171875,1305.6500244140625,1332.050048828125,0.012419572821682934,1270.0699951171875,1317.7887573242188,0.011380014474569142
2437,2024-11-18,1249.9554443359375,1260.75,1272.9000244140625,1243.9000244140625,1267.5999755859375,13620611,1241.6500244140625,1267.5999755859375,1252.050048828125,1274.25,1283.75,1338.6500244140625,-0.005403893750290711,1265.4699951171874,1312.8612548828125,0.01131494794863203
2438,2024-11-19,1231.0189208984375,1241.6500244140625,1281.5,1235.1500244140625,1260.75,14183746,1223.0,1260.75,1267.5999755859375,1252.050048828125,1272.699951171875,1302.1500244140625,-0.015149693108021056,1259.260009765625,1306.4837585449218,0.011281254809728648
2439,2024-11-21,1212.5286865234375,1223.0,1243.949951171875,1217.25,1241.6500244140625,19433843,1265.4000244140625,1241.6500244140625,1260.75,1267.5999755859375,1274.25,1305.300048828125,-0.015020355210691116,1249.010009765625,1300.466259765625,0.011058862587924387
2440,2024-11-22,1254.5655517578125,1265.4000244140625,1268.8499755859375,1222.449951171875,1229.4000244140625,20471957,1287.0,1223.0,1241.6500244140625,1260.75,1252.050048828125,1325.3499755859375,0.03466886705974037,1251.6800048828125,1296.810009765625,0.014129677701157913
2441,2024-11-25,1275.9805908203125,1287.0,1304.449951171875,1282.449951171875,1290.0,28923341,1295.699951171875,1265.4000244140625,1223.0,1241.6500244140625,1267.5999755859375,1305.6500244140625,0.017069681657339464,1255.560009765625,1294.1700073242187,0.01479359571826691
2442,2024-11-26,1284.606201171875,1295.699951171875,1297.8499755859375,1284.199951171875,1294.949951171875,9247557,1293.199951171875,1287.0,1265.4000244140625,1223.0,1260.75,1283.75,0.006759868820415793,1262.55,1292.5625061035157,0.014817729529162054
2443,2024-11-27,1282.1275634765625,1293.199951171875,1303.8499755859375,1286.0,1293.5,9572746,1270.800048828125,1295.699951171875,1287.0,1265.4000244140625,1241.6500244140625,1272.699951171875,-0.0019294590524132627,1272.8599853515625,1290.5050048828125,0.014750328719352487
2444,2024-11-28,1259.91943359375,1270.800048828125,1296.5999755859375,1269.050048828125,1289.949951171875,15027412,1292.199951171875,1293.199951171875,1295.699951171875,1287.0,1223.0,1274.25,-0.017321298476273173,1282.4199951171875,1287.0450073242187,0.015095678908687406
2445,2024-11-29,1281.1361083984375,1292.199951171875,1299.5,1275.25,1280.0,13202307,1309.1500244140625,1270.800048828125,1293.199951171875,1295.699951171875,1265.4000244140625,1252.050048828125,0.01683970846828653,1287.77998046875,1284.4600036621093,0.015670737058367485
2446,2024-12-02,1297.941162109375,1309.1500244140625,1311.3499755859375,1277.050048828125,1288.0,11024152,1323.300048828125,1292.199951171875,1270.800048828125,1293.199951171875,1287.0,1267.5999755859375,0.01311722170149876,1292.2099853515624,1283.3150024414062,0.015922487445354863
2447,2024-12-03,1311.9698486328125,1323.300048828125,1326.800048828125,1307.0,1317.0,16869482,1308.949951171875,1309.1500244140625,1292.199951171875,1270.800048828125,1295.699951171875,1260.75,0.010808558339519214,1297.7300048828124,1282.5475036621094,0.016085771278087836
2448,2024-12-04,1297.74267578125,1308.949951171875,1328.4000244140625,1304.050048828125,1326.0,19608540,1322.050048828125,1323.300048828125,1309.1500244140625,1292.199951171875,1293.199951171875,1241.6500244140625,-0.010844175263923006,1300.8800048828125,1282.8875,0.015029544650126955
2449,2024-12-05,1310.7305908203125,1322.050048828125,1329.949951171875,1306.1500244140625,1314.3499755859375,16858723,1311.550048828125,1308.949951171875,1323.300048828125,1309.1500244140625,1270.800048828125,1223.0,0.010008096676669576,1311.1300048828125,1283.725,0.015179128871228778
2450,2024-12-06,1300.3204345703125,1311.550048828125,1323.9000244140625,1310.0,1323.9000244140625,9037514,1295.1500244140625,1322.050048828125,1308.949951171875,1323.300048828125,1292.199951171875,1265.4000244140625,-0.00794221066691636,1315.0000244140624,1283.0350036621094,0.014889947124043422
2451,2024-12-09,1284.0609130859375,1295.1500244140625,1315.0,1293.0999755859375,1303.0,14650002,1284.8499755859375,1311.550048828125,1322.050048828125,1308.949951171875,1309.1500244140625,1287.0,-0.012504306967710432,1312.2000244140625,1282.5100036621093,0.014778392088253938
2452,2024-12-10,1273.8489990234375,1284.8499755859375,1294.9000244140625,1280.199951171875,1289.25,16043729,1278.199951171875,1295.1500244140625,1311.550048828125,1322.050048828125,1323.300048828125,1295.699951171875,-0.007952784336922591,1304.510009765625,1282.5650024414062,0.014387367729101147
2453,2024-12-11,1267.2559814453125,1278.199951171875,1290.0,1276.050048828125,1285.0,11724373,1262.9000244140625,1284.8499755859375,1295.1500244140625,1311.550048828125,1308.949951171875,1293.199951171875,-0.005175720543583173,1298.360009765625,1282.8400024414063,0.014297724395110033
2454,2024-12-12,1252.0870361328125,1262.9000244140625,1278.199951171875,1260.5999755859375,1270.0,20906813,1272.8499755859375,1278.199951171875,1284.8499755859375,1295.1500244140625,1322.050048828125,1270.800048828125,-0.01196990090931016,1286.5300048828126,1282.2725036621093,0.014555532097595877
2455,2024-12-13,1261.951904296875,1272.8499755859375,1275.199951171875,1239.5999755859375,1260.0,28630222,1268.300048828125,1262.9000244140625,1278.199951171875,1284.8499755859375,1311.550048828125,1292.199951171875,0.007878653083795317,1278.789990234375,1283.3125,0.01408530013835922
2456,2024-12-16,1257.44091796875,1268.300048828125,1281.0,1266.550048828125,1275.0,9486781,1245.300048828125,1272.8499755859375,1262.9000244140625,1278.199951171875,1295.1500244140625,1309.1500244140625,-0.003574597827774695,1273.4199951171875,1283.3475036621094,0.013849983457194267
2457,2024-12-17,1234.6376953125,1245.300048828125,1263.9000244140625,1242.800048828125,1261.050048828125,17462791,1253.25,1268.300048828125,1272.8499755859375,1262.9000244140625,1284.8499755859375,1323.300048828125,-0.018134510064279685,1265.510009765625,1282.5750061035155,0.014398795734961903
2458,2024-12-18,1242.5196533203125,1253.25,1259.949951171875,1240.6500244140625,1240.6500244140625,12670179,1230.449951171875,1245.300048828125,1268.300048828125,1272.8499755859375,1278.199951171875,1308.949951171875,0.006383964394248709,1260.52001953125,1283.1550048828126,0.014047971941299805
2459,2024-12-19,1219.914794921875,1230.449951171875,1244.9000244140625,1229.0,1239.0,14244653,1205.300048828125,1253.25,1245.300048828125,1268.300048828125,1262.9000244140625,1322.050048828125,-0.018192737943846016,1254.0300048828126,1283.5275024414063,0.014249595194634361
2460,2024-12-20,1194.980224609375,1205.300048828125,1239.5,1201.5,1224.0,20312896,1222.300048828125,1230.449951171875,1253.25,1245.300048828125,1272.8499755859375,1311.550048828125,-0.020439597985921654,1240.52001953125,1280.5225036621093,0.012494242300659012
2461,2024-12-23,1211.834716796875,1222.300048828125,1227.199951171875,1213.199951171875,1215.0,10052824,1222.75,1205.300048828125,1230.449951171875,1253.25,1268.300048828125,1295.1500244140625,0.014104371784045444,1231.32001953125,1277.2875061035156,0.012267123631139226
2462,2024-12-24,1212.28076171875,1222.75,1233.550048828125,1221.0,1222.300048828125,6734917,1216.550048828125,1222.300048828125,1205.300048828125,1230.449951171875,1245.300048828125,1284.8499755859375,0.0003681184274730853,1226.810009765625,1273.6400085449218,0.012095128747406531
2463,2024-12-26,1206.1339111328125,1216.550048828125,1227.699951171875,1214.25,1224.25,10016178,1221.050048828125,1222.75,1222.300048828125,1205.300048828125,1253.25,1278.199951171875,-0.005070497789306905,1219.47001953125,1269.8075134277344,0.012103297101077803
2464,2024-12-27,1210.595458984375,1221.050048828125,1227.9000244140625,1217.0,1218.300048828125,7000397,1210.699951171875,1216.550048828125,1222.75,1222.300048828125,1230.449951171875,1262.9000244140625,0.003698984685697626,1217.5900390625,1267.3200134277345,0.011698354083344265
2465,2024-12-30,1200.333984375,1210.699951171875,1223.199951171875,1208.0999755859375,1216.4000244140625,8818766,1215.449951171875,1221.050048828125,1216.550048828125,1222.75,1205.300048828125,1272.8499755859375,-0.00847639100967501,1218.67001953125,1263.2450134277344,0.010903169781771773
2466,2024-12-31,1205.043212890625,1215.449951171875,1219.0999755859375,1206.1500244140625,1208.0,6405475,1221.25,1210.699951171875,1221.050048828125,1216.550048828125,1222.300048828125,1268.300048828125,0.003923350286255678,1217.3,1258.560009765625,0.010359461440613867
2467,2025-01-01,1210.7935791015625,1221.25,1226.300048828125,1211.5999755859375,1214.8499755859375,5892590,1241.800048828125,1215.449951171875,1210.699951171875,1221.050048828125,1222.75,1245.300048828125,0.004771935547434936,1217.0,1253.4575073242188,0.009997486671546974
2468,2025-01-02,1231.167724609375,1241.800048828125,1244.449951171875,1220.0,1221.25,15486276,1251.1500244140625,1221.25,1215.449951171875,1210.699951171875,1216.550048828125,1253.25,0.016827061476458516,1222.05,1250.1000122070313,0.010870781930502133
2469,2025-01-03,1240.437744140625,1251.1500244140625,1262.050048828125,1235.5,1243.9000244140625,15521102,1218.0,1241.800048828125,1221.25,1215.449951171875,1221.050048828125,1230.449951171875,0.007529372860599404,1228.0699951171875,1246.5550109863282,0.010733049487448913
2470,2025-01-06,1207.5714111328125,1218.0,1262.0,1215.0,1253.949951171875,14816766,1240.8499755859375,1251.1500244140625,1241.800048828125,1221.25,1210.699951171875,1205.300048828125,-0.02649564302217655,1229.5300048828126,1241.877508544922,0.011943742132891531
2471,2025-01-07,1230.2257080078125,1240.8499755859375,1244.5,1221.25,1222.0,10070505,1265.5,1218.0,1251.1500244140625,1241.800048828125,1215.449951171875,1222.300048828125,0.018760242681393757,1234.610009765625,1239.1625061035156,0.012739893165219243
2472,2025-01-08,1254.664794921875,1265.5,1271.050048828125,1245.3499755859375,1249.0,19346579,1254.75,1240.8499755859375,1218.0,1251.1500244140625,1221.25,1222.75,0.019865434902734735,1243.460009765625,1238.1950073242188,0.01355534630349663
2473,2025-01-09,1244.0067138671875,1254.75,1269.75,1248.050048828125,1267.0,12794704,1241.9000244140625,1265.5,1240.8499755859375,1218.0,1241.800048828125,1216.550048828125,-0.008494666139865714,1246.05,1237.022509765625,0.013633488100094977
2474,2025-01-10,1231.266845703125,1241.9000244140625,1256.75,1236.0,1253.8499755859375,8120332,1239.8499755859375,1254.75,1265.5,1240.8499755859375,1251.1500244140625,1221.050048828125,-0.010241064423939017,1244.2,1235.972509765625,0.013564491084838854
2475,2025-01-13,1229.234375,1239.8499755859375,1245.25,1226.4000244140625,1230.0,13764861,1238.75,1241.9000244140625,1254.75,1265.5,1218.0,1210.699951171875,-0.0016507357982316062,1248.5699951171875,1234.322509765625,0.01341193955187203
2476,2025-01-14,1228.143798828125,1238.75,1253.3499755859375,1227.25,1244.0999755859375,13095266,1252.199951171875,1239.8499755859375,1241.9000244140625,1254.75,1240.8499755859375,1215.449951171875,-0.0008871844235974757,1248.15,1232.8450073242188,0.013400637915288028
2477,2025-01-15,1241.478515625,1252.199951171875,1257.0,1241.8499755859375,1244.949951171875,9578856,1266.449951171875,1238.75,1239.8499755859375,1241.9000244140625,1265.5,1221.25,0.010857680058022234,1245.489990234375,1233.1900024414062,0.013022884173110214
2478,2025-01-16,1255.6065673828125,1266.449951171875,1275.0,1251.300048828125,1258.9000244140625,14117603,1302.3499755859375,1252.199951171875,1238.75,1239.8499755859375,1254.75,1241.800048828125,0.011379971694348123,1247.82998046875,1233.85,0.013191399378643083
2479,2025-01-17,1291.19921875,1302.3499755859375,1326.0,1285.0,1322.25,29366277,1305.449951171875,1266.449951171875,1252.199951171875,1238.75,1241.9000244140625,1251.1500244140625,0.028346974454729557,1259.919970703125,1237.445001220703,0.013791750793191598
2480,2025-01-20,1294.272705078125,1305.449951171875,1316.0,1300.25,1316.0,14040244,1273.699951171875,1302.3499755859375,1266.449951171875,1252.199951171875,1239.8499755859375,1218.0,0.002380293810458234,1273.0399658203125,1242.4524963378906,0.012653239132700281
2481,2025-01-21,1262.7945556640625,1273.699951171875,1313.0,1270.199951171875,1310.5,14562976,1277.0999755859375,1305.449951171875,1302.3499755859375,1266.449951171875,1238.75,1240.8499755859375,-0.024321116233907425,1280.0299560546875,1245.0224914550781,0.013905509660226963
2482,2025-01-22,1266.1654052734375,1277.0999755859375,1282.9000244140625,1268.699951171875,1278.300048828125,10273590,1263.6500244140625,1273.699951171875,1305.449951171875,1302.3499755859375,1252.199951171875,1265.5,0.0026694076661730737,1285.0099609375,1247.739990234375,0.013899477589030425
2483,2025-01-23,1252.83056640625,1263.6500244140625,1277.3499755859375,1261.5999755859375,1270.0,8720682,1246.300048828125,1277.0999755859375,1273.699951171875,1305.449951171875,1266.449951171875,1254.75,-0.010531635290106478,1284.4499755859374,1250.094989013672,0.01410339135104437
2484,2025-01-24,1235.6292724609375,1246.300048828125,1273.0,1243.5,1266.0,14235970,1229.3499755859375,1263.6500244140625,1277.0999755859375,1273.699951171875,1302.3499755859375,1241.9000244140625,-0.01373004807559941,1273.239990234375,1251.357489013672,0.014524776853890437
2485,2025-01-27,1218.82421875,1229.3499755859375,1240.449951171875,1220.0,1239.0999755859375,9536019,1234.4000244140625,1246.300048828125,1263.6500244140625,1277.0999755859375,1305.449951171875,1239.8499755859375,-0.013600314994872464,1258.0199951171876,1252.289990234375,0.014746526059782378
2486,2025-01-28,1223.8311767578125,1234.4000244140625,1244.75,1218.5,1238.0,10568025,1235.5,1229.3499755859375,1246.300048828125,1263.6500244140625,1273.699951171875,1238.75,0.004107901678460646,1250.160009765625,1253.2374938964845,0.014748596173985537
2487,2025-01-29,1224.921630859375,1235.5,1242.75,1228.050048828125,1236.0,5928156,1253.050048828125,1234.4000244140625,1229.3499755859375,1246.300048828125,1277.0999755859375,1252.199951171875,0.000891101396777394,1241.8400146484375,1253.9499938964843,0.014720159514440945
2488,2025-01-30,1242.3214111328125,1253.050048828125,1257.0,1232.4000244140625,1235.550048828125,9269259,1265.0999755859375,1235.5,1234.4000244140625,1229.3499755859375,1263.6500244140625,1266.449951171875,0.014204814915520059,1239.72001953125,1254.5124938964843,0.014579806819430262
2489,2025-01-31,1254.2681884765625,1265.0999755859375,1267.0,1249.0,1255.8499755859375,6584612,1264.5999755859375,1253.050048828125,1235.5,1234.4000244140625,1246.300048828125,1302.3499755859375,0.009616476827148057,1243.4800048828124,1255.2099914550781,0.014639721766314957
2490,2025-02-01,1253.7724609375,1264.5999755859375,1270.550048828125,1241.0,1265.0999755859375,7118453,1245.9000244140625,1265.0999755859375,1253.050048828125,1235.5,1229.3499755859375,1305.449951171875,-0.000395225681486866,1250.5300048828126,1257.539990234375,0.013182761439502397
2491,2025-02-03,1235.232666015625,1245.9000244140625,1256.0,1237.550048828125,1251.0,9252345,1285.199951171875,1264.5999755859375,1265.0999755859375,1253.050048828125,1234.4000244140625,1273.699951171875,-0.014787246190804848,1252.8300048828125,1257.7924926757812,0.013066558670400357
2492,2025-02-04,1274.196044921875,1285.199951171875,1288.800048828125,1246.5999755859375,1248.050048828125,16691069,1278.199951171875,1245.9000244140625,1264.5999755859375,1265.0999755859375,1235.5,1277.0999755859375,0.03154340315250814,1262.7699951171876,1258.777490234375,0.014199447991422778
2493,2025-02-05,1267.2559814453125,1278.199951171875,1290.5,1276.699951171875,1282.6500244140625,10112028,1281.550048828125,1285.199951171875,1245.9000244140625,1264.5999755859375,1253.050048828125,1263.6500244140625,-0.005446623300613407,1267.7999755859375,1259.9499877929688,0.014109744548372447
2494,2025-02-06,1270.577392578125,1281.550048828125,1288.0,1270.3499755859375,1273.699951171875,9956001,1266.699951171875,1278.199951171875,1285.199951171875,1245.9000244140625,1265.0999755859375,1246.300048828125,0.0026209496043076985,1271.089990234375,1261.9324890136718,0.013860363867530852
2495,2025-02-07,1255.8544921875,1266.699951171875,1283.699951171875,1262.0,1276.1500244140625,8764283,1253.6500244140625,1281.550048828125,1278.199951171875,1285.199951171875,1264.5999755859375,1229.3499755859375,-0.011587606484685709,1271.5099853515626,1263.2749877929687,0.014160273360088009
2496,2025-02-10,1242.916259765625,1253.6500244140625,1266.5,1245.550048828125,1264.5,6970972,1234.8499755859375,1266.699951171875,1281.550048828125,1278.199951171875,1245.9000244140625,1234.4000244140625,-0.010302303040068406,1273.0599853515625,1264.0199890136719,0.014386834168856019
2497,2025-02-11,1224.2772216796875,1234.8499755859375,1264.550048828125,1230.0999755859375,1264.550048828125,8859714,1216.550048828125,1253.6500244140625,1266.699951171875,1281.550048828125,1285.199951171875,1235.5,-0.014996249720420907,1262.989990234375,1263.152490234375,0.014585855616992854
2498,2025-02-12,1206.1339111328125,1216.550048828125,1226.9000244140625,1193.3499755859375,1219.449951171875,21131654,1216.0999755859375,1234.8499755859375,1253.6500244140625,1266.699951171875,1278.199951171875,1253.050048828125,-0.014819554698641935,1250.660009765625,1260.6574951171874,0.014630027909490402
2499,2025-02-13,1205.687744140625,1216.0999755859375,1228.0,1212.0,1217.050048828125,8511216,1217.25,1216.550048828125,1234.8499755859375,1253.6500244140625,1281.550048828125,1265.0999755859375,-0.0003699586733986182,1237.5699951171875,1256.3449951171874,0.012799162786154339
2500,2025-02-14,1206.827880859375,1217.25,1224.0,1205.449951171875,1219.0,10298145,1224.9000244140625,1216.0999755859375,1216.550048828125,1234.8499755859375,1266.699951171875,1264.5999755859375,0.0009456660119644411,1227.6800048828125,1251.9349975585938,0.012769386451287995
2501,2025-02-17,1214.412353515625,1224.9000244140625,1227.5,1204.5,1211.0999755859375,8166683,1225.4000244140625,1217.25,1216.0999755859375,1216.550048828125,1253.6500244140625,1245.9000244140625,0.006284678097401963,1221.9300048828125,1249.4950012207032,0.011938953206301268
2502,2025-02-18,1214.908203125,1225.4000244140625,1229.9000244140625,1216.0999755859375,1224.8499755859375,6673250,1227.449951171875,1224.9000244140625,1217.25,1216.0999755859375,1234.8499755859375,1285.199951171875,0.0004081965793405473,1220.0400146484376,1246.9100036621094,0.011904218457081004
2503,2025-02-19,1216.9405517578125,1227.449951171875,1232.75,1217.550048828125,1219.5,6217338,1233.0,1225.4000244140625,1224.9000244140625,1217.25,1216.550048828125,1278.199951171875,0.00167286332378902,1222.2199951171874,1245.1,0.01175558702332328
2504,2025-02-20,1222.4429931640625,1233.0,1239.3499755859375,1222.0,1223.949951171875,7795582,1228.1500244140625,1227.449951171875,1225.4000244140625,1224.9000244140625,1216.0999755859375,1281.550048828125,0.0045216090666884146,1225.6,1244.4349975585938,0.01145146668243935
2505,2025-02-21,1217.634521484375,1228.1500244140625,1240.0,1222.1500244140625,1228.699951171875,6904025,1214.550048828125,1233.0,1227.449951171875,1225.4000244140625,1217.25,1266.699951171875,-0.003933475738797654,1227.7800048828126,1244.375,0.011065803909814242
2506,2025-02-24,1204.1510009765625,1214.550048828125,1223.25,1210.5,1216.550048828125,7172498,1204.0,1228.1500244140625,1233.0,1227.449951171875,1224.9000244140625,1253.6500244140625,-0.01107354583364184,1225.710009765625,1243.382501220703,0.011288292566117603
2507,2025-02-25,1193.6912841796875,1204.0,1221.0,1201.5,1211.0,11552182,1207.0999755859375,1214.550048828125,1228.1500244140625,1233.0,1225.4000244140625,1234.8499755859375,-0.008686384590165241,1221.4300048828125,1241.8075012207032,0.011417415280783822
2508,2025-02-27,1196.7647705078125,1207.0999755859375,1215.0,1200.6500244140625,1212.800048828125,11509215,1200.0999755859375,1204.0,1214.550048828125,1228.1500244140625,1227.449951171875,1216.550048828125,0.0025747305531043096,1217.360009765625,1239.5099975585938,0.01087317656777191
2509,2025-02-28,1189.82470703125,1200.0999755859375,1217.3499755859375,1193.300048828125,1202.0,23007298,1171.25,1207.0999755859375,1204.0,1214.550048828125,1233.0,1216.0999755859375,-0.0057990225677886365,1210.7800048828126,1236.2599975585938,0.01056245747939226
2510,2025-03-03,1161.2216796875,1171.25,1206.449951171875,1156.0,1204.0,17944938,1161.9000244140625,1200.0999755859375,1207.0999755859375,1204.0,1228.1500244140625,1217.25,-0.02403964350707677,1199.4,1231.5924987792969,0.011579190591175102
2511,2025-03-04,1151.9517822265625,1161.9000244140625,1174.0,1159.550048828125,1162.199951171875,11377373,1175.5999755859375,1171.25,1200.0999755859375,1207.0999755859375,1214.550048828125,1224.9000244140625,-0.00798290338180363,1188.8699951171875,1227.3924987792968,0.01133564601960928
2512,2025-03-05,1165.5345458984375,1175.5999755859375,1183.0,1157.0,1161.0,8664095,1209.5999755859375,1161.9000244140625,1171.25,1200.0999755859375,1204.0,1225.4000244140625,0.011790989658326145,1183.189990234375,1221.9125,0.00867767419951956
2513,2025-03-06,1199.243408203125,1209.5999755859375,1213.949951171875,1185.1500244140625,1197.0,14468014,1249.800048828125,1175.5999755859375,1161.9000244140625,1171.25,1207.0999755859375,1227.449951171875,0.028921402437979582,1183.689990234375,1218.4825012207032,0.011428608494739497
2514,2025-03-07,1239.0992431640625,1249.800048828125,1254.800048828125,1212.0,1216.0,16474965,1238.4000244140625,1209.5999755859375,1175.5999755859375,1161.9000244140625,1200.0999755859375,1233.0,0.03323418820566215,1193.6300048828125,1216.895001220703,0.013949689813844571
2515,2025-03-10,1227.7967529296875,1238.4000244140625,1258.0,1235.4000244140625,1245.0,11931051,1247.300048828125,1249.800048828125,1209.5999755859375,1175.5999755859375,1171.25,1228.1500244140625,-0.009121478611520129,1207.060009765625,1215.4800048828124,0.01386331415061161
2516,2025-03-11,1236.62060546875,1247.300048828125,1249.5,1229.75,1240.0,10089838,1257.050048828125,1238.4000244140625,1249.800048828125,1209.5999755859375,1161.9000244140625,1214.550048828125,0.007186712078977475,1224.1400146484375,1215.1625061035156,0.01379965909867794
2517,2025-03-12,1246.287109375,1257.050048828125,1263.0,1244.0,1258.0,11977555,1247.9000244140625,1247.300048828125,1238.4000244140625,1249.800048828125,1175.5999755859375,1204.0,0.007816884164448146,1240.430029296875,1216.272509765625,0.01344748236050957
2518,2025-03-13,1237.215576171875,1247.9000244140625,1264.1500244140625,1243.8499755859375,1260.050048828125,9505270,1238.8499755859375,1257.050048828125,1247.300048828125,1238.4000244140625,1209.5999755859375,1207.0999755859375,-0.0072789658793558365,1248.0900390625,1217.8400085449218,0.013082036159291793
2519,2025-03-17,1228.2427978515625,1238.8499755859375,1257.4000244140625,1233.0999755859375,1242.1500244140625,16640917,1238.8499755859375,1247.9000244140625,1257.050048828125,1247.300048828125,1249.800048828125,1200.0999755859375,-0.007252222654915319,1245.9000244140625,1218.9775085449219,0.01321955360975137
2520,2025-03-18,1228.2427978515625,1238.8499755859375,1238.8499755859375,1238.8499755859375,1238.8499755859375,0,1247.1500244140625,1238.8499755859375,1247.9000244140625,1257.050048828125,1238.4000244140625,1171.25,0.0,1245.9900146484374,1220.0575073242187,0.013221485072006153
2521,2025-03-19,1236.471923828125,1247.1500244140625,1253.25,1238.800048828125,1241.050048828125,16162399,1269.1500244140625,1238.8499755859375,1238.8499755859375,1247.9000244140625,1247.300048828125,1161.9000244140625,0.006699801422040075,1245.960009765625,1221.1700073242187,0.013230603156692644
2522,2025-03-20,1258.2835693359375,1269.1500244140625,1273.0,1250.050048828125,1251.8499755859375,15971477,1276.3499755859375,1247.1500244140625,1238.8499755859375,1238.8499755859375,1257.050048828125,1175.5999755859375,0.01764021935559512,1248.3800048828125,1223.3575073242187,0.013742393536770094
2523,2025-03-21,1265.4217529296875,1276.3499755859375,1281.0,1270.0999755859375,1275.0,21780769,1302.0999755859375,1269.1500244140625,1247.1500244140625,1238.8499755859375,1247.9000244140625,1209.5999755859375,0.005673049705214428,1254.0699951171875,1225.802508544922,0.013768846946293658
2524,2025-03-24,1290.9512939453125,1302.0999755859375,1306.0,1284.25,1291.0,20299319,1285.449951171875,1276.3499755859375,1269.1500244140625,1247.1500244140625,1238.8499755859375,1249.800048828125,0.02017471735225196,1266.7199951171874,1229.2575073242188,0.01434968632989169
2525,2025-03-25,1274.4439697265625,1285.449951171875,1307.699951171875,1282.5999755859375,1307.699951171875,13713899,1273.050048828125,1302.0999755859375,1276.3499755859375,1269.1500244140625,1238.8499755859375,1238.4000244140625,-0.012787055315449214,1276.039990234375,1232.1225036621095,0.014701479209768718
2526,2025-03-26,1262.150146484375,1273.050048828125,1293.800048828125,1268.75,1291.0,12074747,1278.199951171875,1285.449951171875,1302.0999755859375,1276.3499755859375,1247.1500244140625,1247.300048828125,-0.009646351717113255,1281.2199951171874,1235.0475036621094,0.014636034603188654
2527,2025-03-27,1267.2559814453125,1278.199951171875,1285.0,1271.300048828125,1278.1500244140625,15028056,1275.0999755859375,1273.050048828125,1285.449951171875,1302.0999755859375,1269.1500244140625,1257.050048828125,0.004045325907249708,1283.02998046875,1238.757501220703,0.014400889531355956
2528,2025-03-28,1264.1824951171875,1275.0999755859375,1295.75,1269.0,1280.0,18147129,1252.5999755859375,1278.199951171875,1273.050048828125,1285.449951171875,1276.3499755859375,1247.9000244140625,-0.002425266550116323,1282.77998046875,1242.1575012207031,0.014453654826711461
2529,2025-04-01,1241.8751220703125,1252.5999755859375,1277.9000244140625,1249.300048828125,1264.5999755859375,12099648,1251.1500244140625,1275.0999755859375,1278.199951171875,1273.050048828125,1302.0999755859375,1238.8499755859375,-0.01764567518688931,1272.87998046875,1244.7825012207031,0.015056607783058345
2530,2025-04-02,1240.437744140625,1251.1500244140625,1255.550048828125,1243.9000244140625,1247.550048828125,10142590,1248.699951171875,1252.5999755859375,1275.0999755859375,1278.199951171875,1285.449951171875,1238.8499755859375,-0.001157553249349852,1266.0199951171876,1248.7775024414063,0.013768012798842339
2531,2025-04-03,1238.0086669921875,1248.699951171875,1251.800048828125,1233.050048828125,1233.050048828125,7434366,1204.699951171875,1251.1500244140625,1252.5999755859375,1275.0999755859375,1273.050048828125,1247.1500244140625,-0.0019582569591004573,1261.1499755859375,1253.117498779297,0.013570478316320295
2532,2025-04-04,1194.38525390625,1204.699951171875,1245.449951171875,1193.1500244140625,1241.0999755859375,17908652,1165.699951171875,1248.699951171875,1251.1500244140625,1252.5999755859375,1278.199951171875,1269.1500244140625,-0.035236647489820916,1246.4499755859374,1254.5724975585938,0.015958164315959655
2533,2025-04-07,1155.7191162109375,1165.699951171875,1171.25,1114.8499755859375,1132.199951171875,22156106,1182.199951171875,1204.699951171875,1248.699951171875,1251.1500244140625,1275.0999755859375,1276.3499755859375,-0.03237320625941975,1224.569970703125,1252.3774963378905,0.01626604455913647
2534,2025-04-08,1172.0780029296875,1182.199951171875,1196.5999755859375,1163.300048828125,1172.0,19555040,1185.3499755859375,1165.699951171875,1204.699951171875,1248.699951171875,1252.5999755859375,1302.0999755859375,0.01415458582065865,1210.4899658203126,1248.997491455078,0.014580237287648373
2535,2025-04-09,1175.2010498046875,1185.3499755859375,1189.800048828125,1168.0,1169.5,10223104,1218.949951171875,1182.199951171875,1165.699951171875,1204.699951171875,1251.1500244140625,1285.449951171875,0.0026645445306776594,1197.3299560546875,1246.344989013672,0.01454409094224644
2536,2025-04-11,1208.5133056640625,1218.949951171875,1222.6500244140625,1195.1500244140625,1195.1500244140625,11224242,1240.0999755859375,1185.3499755859375,1182.199951171875,1165.699951171875,1248.699951171875,1273.050048828125,0.02834603811362002,1191.3799560546875,1244.9274841308593,0.015955183897124647
2537,2025-04-15,1229.4822998046875,1240.0999755859375,1251.0,1237.0999755859375,1251.0,13378535,1239.300048828125,1218.949951171875,1185.3499755859375,1182.199951171875,1204.699951171875,1278.199951171875,0.017351019534254997,1198.4599609375,1244.07998046875,0.01637036483598309
2538,2025-04-16,1228.689208984375,1239.300048828125,1240.9000244140625,1229.0,1234.0999755859375,8248464,1274.5,1240.0999755859375,1218.949951171875,1185.3499755859375,1165.699951171875,1275.0999755859375,-0.0006450502165638028,1213.17998046875,1243.6499816894532,0.01629388900191679
2539,2025-04-17,1263.5877685546875,1274.5,1280.199951171875,1227.5999755859375,1240.199951171875,15398401,1295.5,1239.300048828125,1240.0999755859375,1218.949951171875,1182.199951171875,1252.5999755859375,0.028403090280807897,1231.639990234375,1245.4324829101563,0.01739708253340873
2540,2025-04-21,1284.4078369140625,1295.5,1300.9000244140625,1267.0,1270.0,10429964,1291.199951171875,1274.5,1239.300048828125,1240.0999755859375,1185.3499755859375,1251.1500244140625,0.0164770498234601,1253.6699951171875,1248.2649841308594,0.01770651654378873
2541,2025-04-22,1280.144775390625,1291.199951171875,1303.9000244140625,1286.300048828125,1300.0,13051707,1300.0,1295.5,1274.5,1239.300048828125,1218.949951171875,1248.699951171875,-0.0033192194736588743,1268.1199951171875,1250.46748046875,0.017719822213133268
2542,2025-04-23,1288.869384765625,1300.0,1306.0,1285.4000244140625,1297.0,10480888,1301.5999755859375,1291.199951171875,1295.5,1274.5,1240.0999755859375,1204.699951171875,0.006815403625238803,1280.1,1252.0099792480469,0.017375286853537127
2543,2025-04-24,1290.4556884765625,1301.5999755859375,1304.5,1290.300048828125,1292.4000244140625,10468940,1300.4000244140625,1300.0,1291.199951171875,1295.5,1239.300048828125,1165.699951171875,0.0012307504507211853,1292.5599853515625,1253.272479248047,0.01734542301585659
2544,2025-04-25,1289.2659912109375,1300.4000244140625,1325.199951171875,1288.0999755859375,1303.5,14431012,1368.800048828125,1301.5999755859375,1300.0,1291.199951171875,1274.5,1182.199951171875,-0.000921904728320877,1297.739990234375,1253.187481689453,0.01675738330673705
2545,2025-04-28,1357.0804443359375,1368.800048828125,1374.5999755859375,1320.199951171875,1340.0,31104496,1399.699951171875,1300.4000244140625,1301.5999755859375,1300.0,1295.5,1185.3499755859375,0.052599218032837625,1312.4,1257.3549865722657,0.020151818788516553
2546,2025-04-29,1387.7156982421875,1399.699951171875,1410.9000244140625,1370.0,1371.0,32538970,1405.0,1368.800048828125,1300.4000244140625,1301.5999755859375,1291.199951171875,1218.949951171875,0.022574445676126542,1334.1,1263.687481689453,0.02034616924695785
2547,2025-04-30,1392.9703369140625,1405.0,1412.4000244140625,1369.0,1402.0,25480745,1419.800048828125,1399.699951171875,1368.800048828125,1300.4000244140625,1300.0,1240.0999755859375,0.003786560700875574,1355.1,1270.0274841308594,0.02034685636383891
2548,2025-05-02,1407.6436767578125,1419.800048828125,1426.699951171875,1409.0999755859375,1414.0,13007841,1431.300048828125,1405.0,1399.699951171875,1368.800048828125,1301.5999755859375,1239.300048828125,0.010533842582295394,1378.7400146484374,1277.2624877929688,0.020306399665444674
2549,2025-05-05,1419.0452880859375,1431.300048828125,1439.5,1426.9000244140625,1431.0,12685649,1420.9000244140625,1419.800048828125,1405.0,1399.699951171875,1300.4000244140625,1274.5,0.00809973207811332,1404.92001953125,1286.197491455078,0.01955857566898174
2550,2025-05-06,1408.7342529296875,1420.9000244140625,1432.0,1410.5999755859375,1431.0,14084117,1406.0,1431.300048828125,1419.800048828125,1405.0,1368.800048828125,1295.5,-0.007266138516922038,1415.3400146484375,1294.684991455078,0.019737431381466632
2551,2025-05-07,1393.9617919921875,1406.0,1424.4000244140625,1402.699951171875,1420.9000244140625,13440169,1407.0,1420.9000244140625,1431.300048828125,1419.800048828125,1399.699951171875,1291.199951171875,-0.010486328494650254,1416.6000244140625,1302.5499938964845,0.02002135277350232
2552,2025-05-08,1394.9532470703125,1407.0,1420.800048828125,1398.0,1404.0999755859375,16106175,1377.199951171875,1406.0,1420.9000244140625,1431.300048828125,1405.0,1300.0,0.0007112375533429027,1417.0000244140624,1312.6649963378907,0.017575570155436933
2553,2025-05-09,1365.4083251953125,1377.199951171875,1394.800048828125,1374.5,1385.5,13668904,1436.5,1407.0,1406.0,1420.9000244140625,1419.800048828125,1301.5999755859375,-0.02117984991337951,1408.4800048828124,1323.2399963378907,0.016360625332034192
2554,2025-05-12,1424.2005615234375,1436.5,1439.0,1400.0,1400.0,10674081,1415.699951171875,1377.199951171875,1407.0,1406.0,1431.300048828125,1300.4000244140625,0.043058416301616775,1409.5199951171876,1335.9549987792968,0.018073642523569303
2555,2025-05-13,1403.57861328125,1415.699951171875,1447.699951171875,1412.4000244140625,1433.5,11407896,1424.4000244140625,1436.5,1377.199951171875,1407.0,1420.9000244140625,1368.800048828125,-0.01447967200008704,1408.47998046875,1347.4724975585937,0.018827782914413577
2556,2025-05-14,1412.204345703125,1424.4000244140625,1429.9000244140625,1415.5,1420.0,5570160,1454.199951171875,1415.699951171875,1436.5,1377.199951171875,1406.0,1399.699951171875,0.0061454217293615,1412.1599853515625,1357.7450012207032,0.018278845590068406
2557,2025-05-15,1441.7491455078125,1454.199951171875,1461.4000244140625,1412.699951171875,1425.0,20177211,1456.4000244140625,1424.4000244140625,1415.699951171875,1436.5,1407.0,1405.0,0.02092103780331711,1421.5999755859375,1368.45,0.018392310896375316
2558,2025-05-16,1443.9302978515625,1456.4000244140625,1461.0,1447.300048828125,1453.199951171875,9036695,1440.800048828125,1454.199951171875,1424.4000244140625,1415.699951171875,1377.199951171875,1419.800048828125,0.001512909720849942,1437.439990234375,1379.304998779297,0.018344248483504105
2559,2025-05-19,1428.4638671875,1440.800048828125,1454.5999755859375,1438.199951171875,1452.0999755859375,6195791,1424.5999755859375,1456.4000244140625,1454.199951171875,1424.4000244140625,1436.5,1431.300048828125,-0.010711326094775098,1438.3,1387.6200012207032,0.018168003165031754
2560,2025-05-20,1412.4024658203125,1424.5999755859375,1445.0,1421.800048828125,1438.199951171875,11270560,1429.199951171875,1440.800048828125,1456.4000244140625,1454.199951171875,1415.699951171875,1420.9000244140625,-0.01124380392363522,1440.0800048828125,1394.075,0.018406981620119087
2561,2025-05-21,1416.9630126953125,1429.199951171875,1436.199951171875,1418.0999755859375,1423.9000244140625,6136364,1409.4000244140625,1424.5999755859375,1440.800048828125,1456.4000244140625,1424.4000244140625,1406.0,0.0032289594726726545,1441.039990234375,1400.975,0.018310718804143318
2562,2025-05-22,1397.332763671875,1409.4000244140625,1423.800048828125,1396.9000244140625,1421.199951171875,12134466,1426.800048828125,1429.199951171875,1424.5999755859375,1440.800048828125,1454.199951171875,1407.0,-0.013853853508445368,1432.0800048828125,1406.445001220703,0.018794406960166668
2563,2025-05-23,1414.5838623046875,1426.800048828125,1433.800048828125,1406.5999755859375,1406.5999755859375,6474883,1434.800048828125,1409.4000244140625,1429.199951171875,1424.5999755859375,1456.4000244140625,1377.199951171875,0.012345696120798832,1426.160009765625,1412.7050048828125,0.01886577957881458
2564,2025-05-26,1422.5152587890625,1434.800048828125,1441.0,1425.0999755859375,1432.0,4842944,1422.0999755859375,1426.800048828125,1409.4000244140625,1429.199951171875,1440.800048828125,1436.5,0.005606952429368484,1424.960009765625,1419.4250061035157,0.018818556263861187
2565,2025-05-27,1409.9239501953125,1422.0999755859375,1437.0,1413.9000244140625,1426.0999755859375,12640414,1412.9000244140625,1434.800048828125,1426.800048828125,1409.4000244140625,1424.5999755859375,1415.699951171875,-0.008851458607462614,1424.460009765625,1422.0900024414063,0.015351475291992708
2566,2025-05-28,1400.8028564453125,1412.9000244140625,1422.5999755859375,1410.699951171875,1420.0999755859375,5944611,1417.800048828125,1422.0999755859375,1434.800048828125,1426.800048828125,1429.199951171875,1424.4000244140625,-0.0064692717318164394,1421.2000244140625,1422.7500061035157,0.01466332158208882
2567,2025-05-29,1405.660888671875,1417.800048828125,1420.0,1408.5999755859375,1412.0999755859375,13771917,1420.9000244140625,1412.9000244140625,1422.0999755859375,1434.800048828125,1409.4000244140625,1454.199951171875,0.003468061667062816,1422.880029296875,1423.3900085449218,0.014659817461086674
2568,2025-05-30,1408.7342529296875,1420.9000244140625,1430.5999755859375,1409.699951171875,1418.0,13788484,1413.699951171875,1417.800048828125,1412.9000244140625,1422.0999755859375,1426.800048828125,1456.4000244140625,0.0021864688102526397,1421.7000244140625,1423.4450073242188,0.014478454582009165
2569,2025-06-02,1401.5958251953125,1413.699951171875,1417.5,1395.5999755859375,1412.0999755859375,8098668,1405.5,1420.9000244140625,1417.800048828125,1412.9000244140625,1434.800048828125,1440.800048828125,-0.005067262381923454,1417.4800048828124,1422.5650024414062,0.014396458361383164
2570,2025-06-03,1393.466064453125,1405.5,1426.5,1403.4000244140625,1422.300048828125,11252626,1423.5,1413.699951171875,1420.9000244140625,1417.800048828125,1422.0999755859375,1424.5999755859375,-0.005800347637472614,1414.160009765625,1421.7950012207032,0.014364008387033236
2571,2025-06-04,1411.3118896484375,1423.5,1425.699951171875,1406.0999755859375,1414.699951171875,8126827,1442.4000244140625,1405.5,1413.699951171875,1420.9000244140625,1412.9000244140625,1429.199951171875,0.012806830309498363,1416.2800048828126,1422.6700012207032,0.014451296241334578
2572,2025-06-05,1430.0501708984375,1442.4000244140625,1454.699951171875,1423.5999755859375,1428.0,13716817,1443.5,1423.5,1405.5,1413.699951171875,1417.800048828125,1409.4000244140625,0.013277150975807839,1421.2,1424.4400024414062,0.014721676906250073
2573,2025-06-06,1431.140625,1443.5,1451.5,1437.0,1441.0,8182161,1448.800048828125,1442.4000244140625,1423.5,1405.5,1420.9000244140625,1426.800048828125,0.0007626009202157391,1425.7199951171874,1427.7550048828125,0.013739535904314454
2574,2025-06-09,1436.3953857421875,1448.800048828125,1457.5,1445.300048828125,1457.0,7885125,1438.5,1443.5,1442.4000244140625,1423.5,1413.699951171875,1434.800048828125,0.0036716652775372616,1432.7400146484374,1428.3700073242187,0.009896806801285083
2575,2025-06-10,1426.1834716796875,1438.5,1453.9000244140625,1436.0,1450.0,7913181,1448.9000244140625,1448.800048828125,1443.5,1442.4000244140625,1405.5,1422.0999755859375,-0.0071093653237078724,1439.3400146484375,1429.510009765625,0.009437286334338862
2576,2025-06-11,1436.4945068359375,1448.9000244140625,1468.5999755859375,1443.0999755859375,1445.800048828125,8195700,1441.5999755859375,1438.5,1448.800048828125,1443.5,1423.5,1412.9000244140625,0.007229770187043849,1444.42001953125,1430.735009765625,0.009472411552023155
2577,2025-06-12,1429.2569580078125,1441.5999755859375,1457.0,1434.4000244140625,1453.5,8828114,1427.9000244140625,1448.9000244140625,1438.5,1448.800048828125,1442.4000244140625,1417.800048828125,-0.0050383385362128275,1444.260009765625,1430.1050109863281,0.00828855430854201
2578,2025-06-13,1415.67431640625,1427.9000244140625,1435.5,1414.300048828125,1424.0,9757276,1437.800048828125,1441.5999755859375,1448.9000244140625,1438.5,1443.5,1420.9000244140625,-0.009503295923896427,1441.1400146484375,1428.6800109863282,0.008517451484297405
2579,2025-06-16,1425.489501953125,1437.800048828125,1442.4000244140625,1424.4000244140625,1426.9000244140625,8458093,1431.199951171875,1427.9000244140625,1441.5999755859375,1448.9000244140625,1448.800048828125,1413.699951171875,0.006933275610892187,1438.9400146484375,1428.530010986328,0.008365976791106747
2580,2025-06-17,1418.9459228515625,1431.199951171875,1448.0,1425.800048828125,1448.0,10366599,1430.0999755859375,1437.800048828125,1427.9000244140625,1441.5999755859375,1438.5,1405.5,-0.004590414127214282,1437.4800048828124,1428.860009765625,0.008023589148225593
2581,2025-06-18,1417.85546875,1430.0999755859375,1442.800048828125,1425.699951171875,1430.0,6681735,1433.300048828125,1431.199951171875,1437.800048828125,1427.9000244140625,1448.9000244140625,1423.5,-0.0007685687698890664,1433.7199951171874,1428.905010986328,0.007995523143982339
2582,2025-06-19,1421.028076171875,1433.300048828125,1439.9000244140625,1425.699951171875,1430.0999755859375,10007230,1466.199951171875,1430.0999755859375,1431.199951171875,1437.800048828125,1441.5999755859375,1442.4000244140625,0.0022376570147666364,1432.060009765625,1430.1000122070313,0.00730097703009542
2583,2025-06-20,1453.6463623046875,1466.199951171875,1471.0,1428.0999755859375,1431.0,29010635,1456.800048828125,1433.300048828125,1430.0999755859375,1431.199951171875,1427.9000244140625,1443.5,0.022953953270739902,1439.7199951171874,1432.0700073242188,0.008470506931501694
2584,2025-06-23,1444.326904296875,1456.800048828125,1463.800048828125,1442.0,1453.0,5989078,1450.800048828125,1466.199951171875,1433.300048828125,1430.0999755859375,1437.800048828125,1448.800048828125,-0.006411064422855217,1443.5199951171876,1433.1700073242187,0.008581669782938197
2585,2025-06-24,1438.378173828125,1450.800048828125,1475.0,1443.0999755859375,1465.0,16402744,1467.300048828125,1456.800048828125,1466.199951171875,1433.300048828125,1431.199951171875,1438.5,-0.004118616006930087,1447.4400146484375,1434.6050109863281,0.008364137091697811
2586,2025-06-25,1454.737060546875,1467.300048828125,1472.4000244140625,1460.5,1464.0,7525851,1495.300048828125,1450.800048828125,1456.800048828125,1466.199951171875,1430.0999755859375,1448.9000244140625,0.011373035183813052,1454.880029296875,1437.3250122070312,0.008472705722519167
2587,2025-06-26,1482.4971923828125,1495.300048828125,1498.800048828125,1465.0999755859375,1469.0999755859375,14657893,1515.4000244140625,1467.300048828125,1450.800048828125,1456.800048828125,1433.300048828125,1441.5999755859375,0.019082668212518916,1467.280029296875,1441.2000122070312,0.009301308536346213
2588,2025-06-27,1502.425048828125,1515.4000244140625,1522.0,1496.9000244140625,1499.4000244140625,11117052,1500.5999755859375,1495.300048828125,1467.300048828125,1450.800048828125,1466.199951171875,1427.9000244140625,0.013442101872256362,1477.1200439453125,1445.9250122070312,0.009603852585368633
2589,2025-06-30,1487.7518310546875,1500.5999755859375,1524.800048828125,1496.0,1513.800048828125,8409527,1528.4000244140625,1515.4000244140625,1495.300048828125,1467.300048828125,1456.800048828125,1437.800048828125,-0.009766430374611779,1485.880029296875,1450.2700134277343,0.009872244417311847
2590,2025-07-01,1515.3138427734375,1528.4000244140625,1531.4000244140625,1500.0999755859375,1500.5999755859375,10368523,1518.800048828125,1500.5999755859375,1515.4000244140625,1495.300048828125,1450.800048828125,1431.199951171875,0.018525955804624017,1501.4000244140625,1456.4150146484376,0.01021909410503344
2591,2025-07-02,1505.796142578125,1518.800048828125,1530.0,1508.699951171875,1528.4000244140625,6361002,1517.800048828125,1528.4000244140625,1500.5999755859375,1515.4000244140625,1467.300048828125,1430.0999755859375,-0.006281062177827312,1511.7000244140625,1461.1800170898437,0.010269055069046976
2592,2025-07-03,1504.8045654296875,1517.800048828125,1531.9000244140625,1513.0,1520.800048828125,11283291,1527.300048828125,1518.800048828125,1528.4000244140625,1500.5999755859375,1495.300048828125,1433.300048828125,-0.0006584145166255162,1516.2000244140625,1464.950018310547,0.010026008887525478
2593,2025-07-04,1514.223388671875,1527.300048828125,1530.0,1517.199951171875,1524.0,6603501,1541.5,1517.800048828125,1518.800048828125,1528.4000244140625,1515.4000244140625,1466.199951171875,0.006259058963224318,1518.580029296875,1469.1400207519532,0.010048347417714406
2594,2025-07-07,1528.3016357421875,1541.5,1544.800048828125,1525.0,1526.5999755859375,7251074,1537.5999755859375,1527.300048828125,1517.800048828125,1518.800048828125,1500.5999755859375,1456.800048828125,0.009297420754206254,1526.7600341796874,1473.7750183105468,0.01015010313974642
2595,2025-07-08,1524.43505859375,1537.5999755859375,1544.9000244140625,1530.199951171875,1536.0,7171261,1519.0,1541.5,1527.300048828125,1517.800048828125,1528.4000244140625,1450.800048828125,-0.002530019081454782,1528.6000244140625,1478.7300170898438,0.009956182672448702
2596,2025-07-09,1505.9942626953125,1519.0,1551.0,1510.0999755859375,1536.699951171875,8870660,1517.199951171875,1537.5999755859375,1541.5,1527.300048828125,1518.800048828125,1467.300048828125,-0.012096758507588734,1528.6400146484375,1482.2350158691406,0.010486964849966052
2597,2025-07-10,1504.209716796875,1517.199951171875,1524.699951171875,1507.5,1519.699951171875,10047129,1495.199951171875,1519.0,1537.5999755859375,1541.5,1517.800048828125,1495.300048828125,-0.0011850222699967272,1528.5199951171876,1486.0150146484375,0.010377611191283127
2598,2025-07-11,1482.3980712890625,1495.199951171875,1515.0,1490.300048828125,1512.0,7234991,1483.699951171875,1517.199951171875,1519.0,1537.5999755859375,1527.300048828125,1515.4000244140625,-0.014500395931997812,1522.0999755859375,1489.3800109863282,0.010738480630221658
2599,2025-07-14,1470.9964599609375,1483.699951171875,1500.0,1479.0999755859375,1492.199951171875,10311846,1485.4000244140625,1495.199951171875,1517.199951171875,1519.0,1541.5,1500.5999755859375,-0.007691279009865437,1510.5399658203125,1491.6750061035157,0.010907268076595863
2600,2025-07-15,1472.6820068359375,1485.4000244140625,1496.5,1482.4000244140625,1486.199951171875,8132454,1485.5999755859375,1483.699951171875,1495.199951171875,1517.199951171875,1537.5999755859375,1528.4000244140625,0.0011458335904404038,1500.0999755859375,1494.385009765625,0.010810112480306073
2601,2025-07-16,1472.8802490234375,1485.5999755859375,1491.0,1471.5,1473.0,10409983,1476.4000244140625,1485.4000244140625,1483.699951171875,1495.199951171875,1519.0,1518.800048828125,0.0001346109927216066,1493.419970703125,1497.160009765625,0.010800191650030341
2602,2025-07-17,1463.759033203125,1476.4000244140625,1489.5999755859375,1473.9000244140625,1487.4000244140625,11854613,1476.0,1485.5999755859375,1485.4000244140625,1483.699951171875,1517.199951171875,1517.800048828125,-0.006192751294470389,1485.2599853515626,1499.315008544922,0.010952256391340148
2603,2025-07-18,1463.3624267578125,1476.0,1484.800048828125,1469.0999755859375,1484.800048828125,10296318,1428.5999755859375,1476.4000244140625,1485.5999755859375,1485.4000244140625,1495.199951171875,1527.300048828125,-0.0002709458191869629,1481.4199951171875,1499.8050109863282,0.00972462670293093
2604,2025-07-21,1416.3682861328125,1428.5999755859375,1476.0,1423.0999755859375,1465.0,22442744,1412.800048828125,1476.0,1476.4000244140625,1485.5999755859375,1483.699951171875,1541.5,-0.03211383767890408,1470.4,1498.3950073242188,0.0120817175652889
2605,2025-07-22,1400.70361328125,1412.800048828125,1431.9000244140625,1410.699951171875,1427.4000244140625,20396320,1424.5999755859375,1428.5999755859375,1476.0,1476.4000244140625,1485.4000244140625,1537.5999755859375,-0.011059727724923252,1455.8800048828125,1496.4950073242187,0.012276938530485568
2606,2025-07-23,1412.4024658203125,1424.5999755859375,1426.0,1414.4000244140625,1426.0,8354596,1402.9000244140625,1412.800048828125,1428.5999755859375,1476.0,1485.5999755859375,1519.0,0.008352156249994636,1443.6800048828125,1494.3600036621094,0.012131124191166597
2607,2025-07-24,1390.8883056640625,1402.9000244140625,1423.0,1396.0,1419.199951171875,14740507,1391.699951171875,1424.5999755859375,1412.800048828125,1428.5999755859375,1476.4000244140625,1517.199951171875,-0.015232311907733775,1428.9800048828124,1489.7400024414062,0.011490659724224384
2608,2025-07-25,1379.7841796875,1391.699951171875,1401.0,1384.0999755859375,1398.9000244140625,11854722,1387.5999755859375,1402.9000244140625,1424.5999755859375,1412.800048828125,1476.0,1495.199951171875,-0.007983514895771204,1412.1199951171875,1483.554998779297,0.010845860031232024
2609,2025-07-28,1375.7193603515625,1387.5999755859375,1407.800048828125,1385.0,1392.300048828125,7748361,1417.0999755859375,1391.699951171875,1402.9000244140625,1424.5999755859375,1428.5999755859375,1483.699951171875,-0.0029460197814084044,1403.9199951171875,1477.9049987792969,0.01076832166969499
2610,2025-07-29,1404.966796875,1417.0999755859375,1420.199951171875,1383.0,1383.0,10750072,1410.0999755859375,1387.5999755859375,1391.699951171875,1402.9000244140625,1412.800048828125,1485.4000244140625,0.021259729402591798,1404.77998046875,1472.3399963378906,0.011080155576694088
2611,2025-07-30,1398.0267333984375,1410.0999755859375,1423.300048828125,1401.300048828125,1418.0999755859375,7209849,1390.199951171875,1417.0999755859375,1387.5999755859375,1391.699951171875,1424.5999755859375,1485.5999755859375,-0.004939665599179577,1401.87998046875,1466.9049926757812,0.011067856167167883
2612,2025-07-31,1378.2969970703125,1390.199951171875,1402.5999755859375,1382.199951171875,1388.0999755859375,17065827,1393.699951171875,1410.0999755859375,1417.0999755859375,1387.5999755859375,1402.9000244140625,1476.4000244140625,-0.014112491850652997,1399.3399658203125,1460.5249877929687,0.011283382473196647
2613,2025-08-01,1381.76708984375,1393.699951171875,1405.9000244140625,1384.300048828125,1386.9000244140625,10321171,1411.5,1390.199951171875,1410.0999755859375,1417.0999755859375,1391.699951171875,1476.0,0.0025176234519714846,1399.7399658203126,1453.8449829101562,0.011128706716455307
2614,2025-08-04,1399.4146728515625,1411.5,1416.0999755859375,1391.699951171875,1395.0999755859375,6312820,1391.699951171875,1393.699951171875,1390.199951171875,1410.0999755859375,1387.5999755859375,1428.5999755859375,0.0127717941104597,1404.519970703125,1447.3449829101562,0.011379824806759498
2615,2025-08-05,1379.7841796875,1391.699951171875,1411.0,1388.0999755859375,1411.0,9315972,1392.800048828125,1411.5,1393.699951171875,1390.199951171875,1417.0999755859375,1412.800048828125,-0.014027664773733628,1399.4399658203124,1440.049981689453,0.011572696752880071
2616,2025-08-06,1380.8748779296875,1392.800048828125,1395.9000244140625,1383.300048828125,1391.9000244140625,5834312,1389.4000244140625,1391.699951171875,1411.5,1393.699951171875,1410.0999755859375,1424.5999755859375,0.0007904704281433972,1395.97998046875,1433.7399841308593,0.011510002255355933
2617,2025-08-07,1377.50390625,1389.4000244140625,1393.699951171875,1366.0,1387.699951171875,9976705,1367.800048828125,1392.800048828125,1391.699951171875,1411.5,1390.199951171875,1402.9000244140625,-0.0024411432329595195,1395.8199951171875,1427.3499877929687,0.011495734378246813
2618,2025-08-08,1356.0888671875,1367.800048828125,1397.199951171875,1365.0,1385.0,8793606,1386.199951171875,1389.4000244140625,1392.800048828125,1391.699951171875,1393.699951171875,1391.699951171875,-0.015546261124507077,1390.6400146484375,1420.9799926757812,0.011546713958894199
2619,2025-08-11,1374.331298828125,1386.199951171875,1388.0,1361.199951171875,1370.0,9997486,1380.4000244140625,1367.800048828125,1389.4000244140625,1392.800048828125,1411.5,1387.5999755859375,0.01345218722540209,1385.5800048828125,1416.1049926757812,0.012178161232584587
2620,2025-08-12,1368.5810546875,1380.4000244140625,1401.9000244140625,1375.199951171875,1381.9000244140625,12244664,1382.5999755859375,1386.199951171875,1367.800048828125,1389.4000244140625,1391.699951171875,1417.0999755859375,-0.004184047729124063,1383.32001953125,1410.8549926757812,0.012133478669607305
2621,2025-08-13,1370.7620849609375,1382.5999755859375,1391.800048828125,1377.5,1388.0,7457021,1373.800048828125,1380.4000244140625,1386.199951171875,1367.800048828125,1392.800048828125,1410.0999755859375,0.0015937055440207182,1381.2800048828126,1405.7049926757813,0.012161397736504818
2622,2025-08-14,1367.4774169921875,1373.800048828125,1380.699951171875,1370.0999755859375,1377.300048828125,7126128,1381.699951171875,1382.5999755859375,1380.4000244140625,1386.199951171875,1389.4000244140625,1390.199951171875,-0.006364767042674857,1378.160009765625,1400.5749938964843,0.012163451347945692
2623,2025-08-18,1375.3409423828125,1381.699951171875,1394.9000244140625,1377.0,1390.0,11785109,1420.0999755859375,1373.800048828125,1382.5999755859375,1380.4000244140625,1367.800048828125,1393.699951171875,0.005750401851047249,1380.939990234375,1395.8599914550782,0.0123217044526237
2624,2025-08-19,1413.564208984375,1420.0999755859375,1421.0,1389.0999755859375,1390.0,14384719,1413.0,1381.699951171875,1373.800048828125,1382.5999755859375,1386.199951171875,1411.5,0.027791869270527236,1387.7199951171874,1395.434991455078,0.012209769207936899
2625,2025-08-20,1406.4969482421875,1413.0,1424.9000244140625,1410.0,1413.0,8725641,1424.800048828125,1420.0999755859375,1381.699951171875,1373.800048828125,1380.4000244140625,1391.699951171875,-0.0049996308062804085,1394.239990234375,1395.4449890136718,0.012000209005516214
2626,2025-08-21,1418.24267578125,1424.800048828125,1431.9000244140625,1420.300048828125,1425.0,11021323,1409.199951171875,1413.0,1420.0999755859375,1381.699951171875,1382.5999755859375,1392.800048828125,0.00835106074177272,1402.6800048828125,1395.4549926757813,0.012000169238642203
2627,2025-08-22,1402.71435546875,1409.199951171875,1423.4000244140625,1407.9000244140625,1420.0,5818868,1412.5999755859375,1424.800048828125,1413.0,1420.0999755859375,1373.800048828125,1389.4000244140625,-0.010948973274587437,1409.7599853515626,1395.7699890136719,0.011748176669245863
2628,2025-08-25,1406.0987548828125,1412.5999755859375,1419.5,1405.699951171875,1414.699951171875,5979407,1384.9000244140625,1409.199951171875,1424.800048828125,1413.0,1381.699951171875,1367.800048828125,0.0024127338432242684,1415.939990234375,1396.814990234375,0.011591830704798637
2629,2025-08-26,1378.5262451171875,1384.9000244140625,1410.0,1381.5999755859375,1408.0,12145259,1385.9000244140625,1412.5999755859375,1409.199951171875,1424.800048828125,1420.0999755859375,1386.199951171875,-0.01960919697764063,1408.9,1396.6799926757812,0.01244347489263652
2630,2025-08-28,1379.521728515625,1385.9000244140625,1392.199951171875,1366.5,1389.9000244140625,13161813,1357.199951171875,1384.9000244140625,1412.5999755859375,1409.199951171875,1413.0,1380.4000244140625,0.0007220737832127622,1403.4800048828124,1395.1199951171875,0.011398121612593147
2631,2025-08-29,1350.9537353515625,1357.199951171875,1403.5,1350.0,1381.0999755859375,18758842,1353.9000244140625,1385.9000244140625,1384.9000244140625,1412.5999755859375,1424.800048828125,1382.5999755859375,-0.02070861731481788,1389.9599853515624,1392.4749938964844,0.012198562639227403
2632,2025-09-01,1347.6689453125,1353.9000244140625,1363.199951171875,1340.5999755859375,1356.0,11232238,1366.5,1357.199951171875,1385.9000244140625,1384.9000244140625,1409.199951171875,1373.800048828125,-0.002431422691227758,1378.9,1390.6599975585937,0.011854810345080966
2633,2025-09-02,1360.2109375,1366.5,1384.5,1354.5,1354.800048828125,11517006,1372.5999755859375,1353.9000244140625,1357.199951171875,1385.9000244140625,1412.5999755859375,1381.699951171875,0.009306429838784158,1369.6800048828125,1389.3,0.012063878346517787
2634,2025-09-03,1366.2828369140625,1372.5999755859375,1376.5,1360.5,1369.699951171875,7847563,1359.300048828125,1366.5,1353.9000244140625,1357.199951171875,1384.9000244140625,1420.0999755859375,0.004463941153265649,1367.2199951171874,1387.354998779297,0.011705473134546692
2635,2025-09-04,1353.0440673828125,1359.300048828125,1374.0,1357.0999755859375,1371.800048828125,13223177,1375.0,1372.5999755859375,1366.5,1353.9000244140625,1385.9000244140625,1413.0,-0.009689586911244885,1361.9,1385.7350036621094,0.011496147248694497
2636,2025-09-05,1368.671875,1375.0,1381.0,1359.300048828125,1363.0,5777575,1378.5,1359.300048828125,1372.5999755859375,1366.5,1357.199951171875,1424.800048828125,0.011550026195769059,1365.460009765625,1384.8450012207031,0.01183669188179292
2637,2025-09-08,1372.15576171875,1378.5,1386.0,1372.4000244140625,1380.0,6986720,1376.199951171875,1375.0,1359.300048828125,1372.5999755859375,1353.9000244140625,1409.199951171875,0.0025454545454546285,1370.3800048828125,1384.3,0.011847860626757975
2638,2025-09-09,1369.8662109375,1376.199951171875,1381.199951171875,1368.699951171875,1376.5999755859375,9754452,1377.0,1378.5,1375.0,1359.300048828125,1366.5,1412.5999755859375,-0.0016685156533369216,1372.3199951171875,1384.7199951171874,0.01130349742591786
2639,2025-09-10,1370.66259765625,1377.0,1388.5,1374.0999755859375,1383.9000244140625,7790815,1383.300048828125,1376.199951171875,1378.5,1375.0,1372.5999755859375,1384.9000244140625,0.0005813463570054633,1373.2,1384.2599975585938,0.010877660946630854
2640,2025-09-11,1376.9337158203125,1383.300048828125,1385.5,1375.0,1376.0,9766072,1395.0,1377.0,1376.199951171875,1378.5,1359.300048828125,1385.9000244140625,0.0045751988584785686,1378.0,1384.4049987792969,0.010888394314948096
2641,2025-09-12,1388.579833984375,1395.0,1396.300048828125,1380.5,1383.300048828125,7403368,1399.300048828125,1383.300048828125,1377.0,1376.199951171875,1375.0,1357.199951171875,0.008457999536533478,1382.0,1385.025,0.011043013247095853
2642,2025-09-15,1392.8599853515625,1399.300048828125,1400.800048828125,1388.5999755859375,1393.0,5396697,1405.300048828125,1395.0,1383.300048828125,1377.0,1378.5,1353.9000244140625,0.0030824722782258895,1386.160009765625,1386.3,0.01093524802800946
2643,2025-09-16,1398.8323974609375,1405.300048828125,1408.0,1398.199951171875,1404.699951171875,8686961,1413.800048828125,1399.300048828125,1395.0,1383.300048828125,1376.199951171875,1366.5,0.004287858065198158,1391.980029296875,1387.4800048828124,0.010906497536131758
2644,2025-09-17,1407.2933349609375,1413.800048828125,1416.199951171875,1406.9000244140625,1407.0,7519417,1415.0,1405.300048828125,1399.300048828125,1395.0,1377.0,1372.5999755859375,0.006048530352708692,1399.3400390625,1387.1650085449219,0.009002736013038672
2645,2025-09-18,1408.4876708984375,1415.0,1422.0,1410.699951171875,1420.4000244140625,9332642,1407.4000244140625,1413.800048828125,1405.300048828125,1399.300048828125,1383.300048828125,1359.300048828125,0.0008487417813216602,1405.680029296875,1387.2650085449218,0.008932779879651747
2646,2025-09-19,1400.9227294921875,1407.4000244140625,1417.0,1403.5999755859375,1414.9000244140625,13461373,1390.5999755859375,1415.0,1413.800048828125,1405.300048828125,1395.0,1375.0,-0.005371007481227874,1408.1600341796875,1386.3950073242188,0.008792273445219267
2647,2025-09-22,1384.199951171875,1390.5999755859375,1410.699951171875,1388.0,1403.9000244140625,7757970,1389.800048828125,1407.4000244140625,1415.0,1413.800048828125,1399.300048828125,1378.5,-0.011936939417859782,1406.42001953125,1385.4650085449218,0.008856156106135483
2648,2025-09-23,1383.40380859375,1389.800048828125,1395.0,1376.800048828125,1391.0,14014702,1383.0,1390.5999755859375,1407.4000244140625,1415.0,1405.300048828125,1376.199951171875,-0.0005752385818038608,1403.32001953125,1384.3250122070312,0.008827341090976349
2649,2025-09-24,1376.635009765625,1383.0,1396.0,1380.4000244140625,1385.300048828125,5922759,1372.4000244140625,1389.800048828125,1390.5999755859375,1407.4000244140625,1413.800048828125,1377.0,-0.0048928252908457814,1397.160009765625,1384.2300109863281,0.0077185630374021425
2650,2025-09-25,1366.0838623046875,1372.4000244140625,1384.5,1369.0,1381.300048828125,11411143,1377.5999755859375,1383.0,1389.800048828125,1390.5999755859375,1415.0,1383.300048828125,-0.007664479816296144,1388.6400146484375,1383.5550109863282,0.00790063252506035
2651,2025-09-26,1371.2598876953125,1377.5999755859375,1382.699951171875,1366.0,1372.0,9879109,1372.800048828125,1372.4000244140625,1383.0,1389.800048828125,1407.4000244140625,1395.0,0.0037889471578049783,1382.6800048828125,1384.5750122070312,0.006341166517369735
2652,2025-09-29,1366.48193359375,1372.800048828125,1389.0,1368.0,1381.5999755859375,14231999,1364.0,1377.5999755859375,1372.4000244140625,1383.0,1390.5999755859375,1399.300048828125,-0.003484267452727674,1379.12001953125,1385.5200134277343,0.0063733900944679695
2653,2025-09-30,1357.722412109375,1364.0,1377.0999755859375,1362.800048828125,1377.0999755859375,14604684,1368.699951171875,1372.800048828125,1377.5999755859375,1372.4000244140625,1389.800048828125,1405.300048828125,-0.00641029175052632,1373.960009765625,1385.3950134277343,0.006225229275385085
2654,2025-10-01,1362.4007568359375,1368.699951171875,1378.5999755859375,1362.699951171875,1367.0,12045916,1363.4000244140625,1364.0,1372.800048828125,1377.5999755859375,1383.0,1413.800048828125,0.0034457120028408283,1371.1,1385.2000122070312,0.00619023637963328
2655,2025-10-03,1357.125244140625,1363.4000244140625,1371.5999755859375,1356.9000244140625,1363.199951171875,12842347,1375.0,1368.699951171875,1364.0,1372.800048828125,1372.4000244140625,1415.0,-0.003872234198061264,1369.3,1385.405010986328,0.0058441096419163535
2656,2025-10-06,1368.671875,1375.0,1377.4000244140625,1359.0,1360.0,12396580,1384.800048828125,1363.4000244140625,1368.699951171875,1364.0,1377.5999755859375,1407.4000244140625,0.008508123352075403,1368.7800048828126,1385.405010986328,0.005565192855747886
2657,2025-10-07,1378.4267578125,1384.800048828125,1395.9000244140625,1375.9000244140625,1376.0,11244040,1367.4000244140625,1375.0,1363.4000244140625,1368.699951171875,1372.800048828125,1390.5999755859375,0.007127308238636276,1371.1800048828125,1385.7200134277343,0.0057655537884358935
2658,2025-10-08,1361.1068115234375,1367.4000244140625,1389.0,1364.5,1384.800048828125,8525081,1377.800048828125,1384.800048828125,1375.0,1363.4000244140625,1364.0,1389.800048828125,-0.012565008521473686,1371.860009765625,1385.2800170898438,0.00643208660436491
2659,2025-10-09,1371.458984375,1377.800048828125,1380.0,1369.0999755859375,1374.0,8826633,1381.699951171875,1367.4000244140625,1384.800048828125,1375.0,1368.699951171875,1383.0,0.00760569272222944,1373.680029296875,1385.32001953125,0.006670174165467846
2660,2025-10-10,1375.3409423828125,1381.699951171875,1388.0,1375.0999755859375,1377.800048828125,6373084,1375.0,1377.800048828125,1367.4000244140625,1384.800048828125,1363.4000244140625,1372.4000244140625,0.002830528527754783,1377.3400146484375,1385.2400146484374,0.0066190940459612555
2661,2025-10-13,1368.671875,1375.0,1377.699951171875,1367.800048828125,1376.9000244140625,7600682,1375.9000244140625,1381.699951171875,1377.800048828125,1367.4000244140625,1375.0,1377.5999755859375,-0.00484906376828953,1377.3400146484375,1384.2400146484374,0.0063849009967365455
2662,2025-10-14,1369.5677490234375,1375.9000244140625,1388.0,1370.0999755859375,1380.0,9768174,1374.300048828125,1375.0,1381.699951171875,1377.800048828125,1384.800048828125,1372.800048828125,0.0006545632102272769,1375.560009765625,1383.0700134277345,0.00633201449369759
2663,2025-10-15,1367.97509765625,1374.300048828125,1384.0,1372.699951171875,1383.0,10882743,1398.300048828125,1375.9000244140625,1375.0,1381.699951171875,1367.4000244140625,1364.0,-0.0011628574442528183,1376.9400146484375,1381.5200134277343,0.006216677459355408
2664,2025-10-16,1391.8646240234375,1398.300048828125,1400.5,1375.0,1375.0999755859375,12315932,1416.800048828125,1374.300048828125,1375.9000244140625,1375.0,1377.800048828125,1368.699951171875,0.017463435310553166,1381.0400146484376,1380.7450134277344,0.00733124079782456
2665,2025-10-17,1410.279541015625,1416.800048828125,1423.300048828125,1399.0999755859375,1401.0,19335561,1466.800048828125,1398.300048828125,1374.300048828125,1375.9000244140625,1381.699951171875,1363.4000244140625,0.013230350678671732,1388.0600341796876,1380.8350158691405,0.007950060756400801
2666,2025-10-20,1460.04931640625,1466.800048828125,1473.800048828125,1433.300048828125,1440.0,24721978,1465.199951171875,1416.800048828125,1398.300048828125,1374.300048828125,1375.0,1375.0,0.035290794944111026,1406.4200439453125,1383.8050170898437,0.011067219628019114
2667,2025-10-21,1458.4566650390625,1465.199951171875,1474.0,1460.0,1468.0,2066169,1448.4000244140625,1466.800048828125,1416.800048828125,1398.300048828125,1375.9000244140625,1384.800048828125,-0.0010908764678105864,1424.280029296875,1387.5350158691406,0.010597592935097901
2668,2025-10-23,1441.7340087890625,1448.4000244140625,1482.9000244140625,1444.5999755859375,1475.0,18707090,1451.5999755859375,1465.199951171875,1466.800048828125,1416.800048828125,1374.300048828125,1367.4000244140625,-0.011465961860274265,1439.1000244140625,1390.4650146484375,0.011043479564780403
2669,2025-10-24,1444.9193115234375,1451.5999755859375,1459.800048828125,1441.0,1450.0,9700837,1484.0999755859375,1448.4000244140625,1465.199951171875,1466.800048828125,1398.300048828125,1377.800048828125,0.0022093006889927214,1449.760009765625,1393.8950134277343,0.010919452502708003
2670,2025-10-27,1477.2696533203125,1484.0999755859375,1485.0,1458.0,1463.0,14113867,1486.9000244140625,1451.5999755859375,1448.4000244140625,1465.199951171875,1416.800048828125,1381.699951171875,0.022389088279559433,1463.2199951171874,1399.4800109863281,0.011502370012680743
2671,2025-10-28,1480.056884765625,1486.9000244140625,1492.0,1477.5999755859375,1484.0999755859375,17631577,1504.199951171875,1484.0999755859375,1451.5999755859375,1448.4000244140625,1466.800048828125,1375.0,0.0018866982509178065,1467.239990234375,1404.9450134277345,0.011511912638586117
2672,2025-10-29,1497.277099609375,1504.199951171875,1508.300048828125,1488.0999755859375,1490.0,11884745,1488.5,1486.9000244140625,1484.0999755859375,1451.5999755859375,1465.199951171875,1375.9000244140625,0.011634895738622308,1475.039990234375,1411.5150085449218,0.011498791251490791
2673,2025-10-30,1481.6494140625,1488.5,1503.0999755859375,1484.0,1500.0,9318663,1486.4000244140625,1504.199951171875,1486.9000244140625,1484.0999755859375,1448.4000244140625,1374.300048828125,-0.01043740970716267,1483.0599853515625,1417.740008544922,0.01173535929715746
2674,2025-10-31,1479.5592041015625,1486.4000244140625,1497.5,1482.300048828125,1490.4000244140625,8758053,1484.699951171875,1488.5,1504.199951171875,1486.9000244140625,1451.5999755859375,1398.300048828125,-0.0014107998561890822,1490.0199951171876,1423.6250122070312,0.011807077558839878
2675,2025-11-03,1477.866943359375,1484.699951171875,1495.0,1479.300048828125,1486.0,8452085,1473.0999755859375,1486.4000244140625,1488.5,1504.199951171875,1484.0999755859375,1416.800048828125,-0.0011437521624487745,1490.139990234375,1429.690008544922,0.011724386223391552
2676,2025-11-04,1466.3203125,1473.0999755859375,1492.800048828125,1470.0999755859375,1483.9000244140625,10007806,1496.0999755859375,1484.699951171875,1486.4000244140625,1488.5,1486.9000244140625,1466.800048828125,-0.007813010013761779,1487.37998046875,1434.5950073242188,0.011983787020013409
2677,2025-11-06,1489.2144775390625,1496.0999755859375,1501.5999755859375,1476.199951171875,1484.0,16772678,1478.0,1473.0999755859375,1484.699951171875,1486.4000244140625,1504.199951171875,1465.199951171875,0.015613332686976289,1485.7599853515626,1440.1600036621094,0.012265185895419528
2678,2025-11-07,1471.19775390625,1478.0,1498.4000244140625,1475.9000244140625,1494.5999755859375,7821765,1489.300048828125,1496.0999755859375,1473.0999755859375,1484.699951171875,1488.5,1448.4000244140625,-0.012098105662256109,1483.6599853515625,1445.6900024414062,0.012232511205334803
2679,2025-11-10,1482.44580078125,1489.300048828125,1501.0,1475.5,1477.9000244140625,7068438,1493.4000244140625,1478.0,1496.0999755859375,1473.0999755859375,1486.4000244140625,1451.5999755859375,0.007645499883710993,1484.239990234375,1451.2650024414063,0.012233137669083183
2680,2025-11-11,1486.5269775390625,1493.4000244140625,1498.800048828125,1480.199951171875,1497.0,7127506,1511.5,1489.300048828125,1478.0,1496.0999755859375,1484.699951171875,1484.0999755859375,0.002752954711284339,1485.9800048828124,1456.8500061035156,0.012233529871827168
2681,2025-11-12,1504.5435791015625,1511.5,1524.699951171875,1500.0,1505.0,12384459,1510.9000244140625,1493.4000244140625,1489.300048828125,1478.0,1473.0999755859375,1486.9000244140625,0.012119978096986506,1493.660009765625,1463.6750061035157,0.012178380117470397
2682,2025-11-13,1503.9464111328125,1510.9000244140625,1522.0999755859375,1506.800048828125,1515.0,7196443,1518.9000244140625,1511.5,1493.4000244140625,1489.300048828125,1496.0999755859375,1504.199951171875,-0.0003969405133559256,1496.62001953125,1470.4250061035157,0.012199530529769107
2683,2025-11-14,1511.9095458984375,1518.9000244140625,1520.9000244140625,1505.5,1505.5,7682823,1518.300048828125,1510.9000244140625,1511.5,1493.4000244140625,1478.0,1488.5,0.0052948572842219654,1504.8000244140626,1477.6550048828126,0.01211969331719205
2684,2025-11-17,1511.3123779296875,1518.300048828125,1523.699951171875,1511.5,1520.9000244140625,5871416,1519.4000244140625,1518.9000244140625,1510.9000244140625,1511.5,1489.300048828125,1486.4000244140625,-0.00039500663394154145,1510.6000244140625,1483.6550048828126,0.011813607516278581
2685,2025-11-18,1512.4072265625,1519.4000244140625,1527.800048828125,1510.5,1521.699951171875,11045042,1518.9000244140625,1518.300048828125,1518.9000244140625,1510.9000244140625,1493.4000244140625,1484.699951171875,0.0007244783972617519,1515.8000244140626,1488.7850036621094,0.011639648791326644
2686,2025-11-19,1511.9095458984375,1518.9000244140625,1522.300048828125,1512.0,1517.4000244140625,5692366,1549.0999755859375,1519.4000244140625,1518.300048828125,1518.9000244140625,1511.5,1473.0999755859375,-0.0003290772620546667,1517.280029296875,1491.3900024414063,0.00894245268657039
2687,2025-11-20,1541.9705810546875,1549.0999755859375,1550.9000244140625,1526.699951171875,1530.0,18171724,1546.5999755859375,1518.9000244140625,1519.4000244140625,1518.300048828125,1510.9000244140625,1496.0999755859375,0.019882777461620593,1524.92001953125,1495.5850036621093,0.009778242734444503
2688,2025-11-21,1539.4820556640625,1546.5999755859375,1557.800048828125,1540.0999755859375,1541.0,9615271,1535.9000244140625,1549.0999755859375,1518.9000244140625,1519.4000244140625,1518.9000244140625,1478.0,-0.0016138403197988316,1530.460009765625,1500.4950012207032,0.009254085045219969
2689,2025-11-24,1528.831298828125,1535.9000244140625,1550.0,1531.800048828125,1550.0,18433951,1539.699951171875,1546.5999755859375,1549.0999755859375,1518.9000244140625,1518.300048828125,1489.300048828125,-0.006918370193185419,1533.9800048828124,1504.7100036621093,0.009532919060018746
2690,2025-11-25,1532.61376953125,1539.699951171875,1559.5999755859375,1525.0999755859375,1535.9000244140625,15033482,1569.9000244140625,1535.9000244140625,1546.5999755859375,1549.0999755859375,1519.4000244140625,1493.4000244140625,0.002474071682668333,1538.039990234375,1507.4900024414062,0.008353891386840891
2691,2025-11-26,1562.6748046875,1569.9000244140625,1571.5999755859375,1540.5,1542.300048828125,14054299,1563.4000244140625,1539.699951171875,1535.9000244140625,1546.5999755859375,1518.9000244140625,1511.5,0.019614258751649682,1548.239990234375,1511.6400024414063,0.009247980781791476
2692,2025-11-27,1556.2047119140625,1563.4000244140625,1575.5,1556.0,1575.0,9794643,1567.5,1569.9000244140625,1539.699951171875,1535.9000244140625,1549.0999755859375,1510.9000244140625,-0.004140391043325198,1551.1,1514.6000061035156,0.009123098823667877
2693,2025-11-28,1560.285888671875,1567.5,1581.300048828125,1563.0,1568.0,8959508,1566.0999755859375,1563.4000244140625,1569.9000244140625,1539.699951171875,1546.5999755859375,1518.9000244140625,0.0026224737891213934,1555.2800048828126,1518.5500061035157,0.008642941383266734
2694,2025-12-01,1558.892333984375,1566.0999755859375,1577.5,1563.5999755859375,1575.0,8920233,1546.300048828125,1567.5,1563.4000244140625,1569.9000244140625,1535.9000244140625,1518.300048828125,-0.0008931575209329967,1561.3199951171875,1522.5350036621094,0.008630988812789446
2695,2025-12-02,1539.1834716796875,1546.300048828125,1567.5,1542.0,1561.0999755859375,11389150,1538.800048828125,1566.0999755859375,1567.5,1563.4000244140625,1539.699951171875,1519.4000244140625,-0.012642824255459595,1562.6400146484375,1525.615008544922,0.009257302554097579
2696,2025-12-03,1531.718017578125,1538.800048828125,1552.4000244140625,1533.0,1545.199951171875,6090883,1535.5999755859375,1546.300048828125,1566.0999755859375,1567.5,1569.9000244140625,1518.9000244140625,-0.004850287630582373,1556.42001953125,1528.9000122070313,0.00911332791627961
2697,2025-12-04,1528.53271484375,1535.5999755859375,1560.5,1517.5999755859375,1536.0,11867930,1540.5999755859375,1538.800048828125,1546.300048828125,1566.0999755859375,1563.4000244140625,1549.0999755859375,-0.0020795900316122884,1550.860009765625,1530.8750122070312,0.008588772616736507
2698,2025-12-05,1533.5096435546875,1540.5999755859375,1545.800048828125,1520.5999755859375,1530.4000244140625,10183266,1543.0,1535.5999755859375,1538.800048828125,1546.300048828125,1567.5,1546.5999755859375,0.0032560563164194534,1545.4800048828124,1534.0050109863282,0.007989844378173277
2699,2025-12-08,1535.898681640625,1543.0,1551.0,1535.0,1539.199951171875,11301491,1529.4000244140625,1540.5999755859375,1535.5999755859375,1538.800048828125,1566.0999755859375,1535.9000244140625,0.0015578504816928795,1540.860009765625,1536.690008544922,0.00788296266688002
2700,2025-12-09,1522.3612060546875,1529.4000244140625,1542.5,1520.0999755859375,1540.300048828125,11503971,1536.9000244140625,1543.0,1540.5999755859375,1535.5999755859375,1546.300048828125,1539.699951171875,-0.008813982881359372,1537.4800048828124,1538.490008544922,0.008226357821928404
2701,2025-12-10,1529.8267822265625,1536.9000244140625,1547.5,1531.4000244140625,1534.0,7991629,1545.0,1529.4000244140625,1543.0,1540.5999755859375,1538.800048828125,1569.9000244140625,0.004903883797748421,1537.1,1539.760009765625,0.007873998155942872
2702,2025-12-11,1537.889404296875,1545.0,1550.0,1524.0,1536.9000244140625,4706197,1556.5,1536.9000244140625,1529.4000244140625,1543.0,1535.5999755859375,1563.4000244140625,0.005270333435660968,1538.9800048828124,1541.4650085449218,0.007928064391109732
2703,2025-12-12,1549.3365478515625,1556.5,1559.800048828125,1546.0999755859375,1550.800048828125,5106655,1556.199951171875,1545.0,1536.9000244140625,1529.4000244140625,1540.5999755859375,1567.5,0.007443365695792847,1542.160009765625,1543.3450073242188,0.008001453547449118
2704,2025-12-15,1549.037841796875,1556.199951171875,1558.5999755859375,1546.5,1551.199951171875,5774543,1542.300048828125,1556.5,1545.0,1536.9000244140625,1543.0,1566.0999755859375,-0.000192771492531274,1544.8,1545.2400024414062,0.007999387935819176
2705,2025-12-16,1535.201904296875,1542.300048828125,1551.699951171875,1538.800048828125,1545.0,11731856,1544.4000244140625,1556.199951171875,1556.5,1545.0,1529.4000244140625,1546.300048828125,-0.00893195140719727,1547.3800048828125,1546.3850036621093,0.008318696030927905
2706,2025-12-17,1537.292236328125,1544.4000244140625,1550.0,1539.300048828125,1550.0,7116649,1544.4000244140625,1542.300048828125,1556.199951171875,1556.5,1536.9000244140625,1538.800048828125,0.001361586928259051,1548.8800048828125,1547.6600036621094,0.008315412007007715
2707,2025-12-18,1537.292236328125,1544.4000244140625,1551.5,1535.199951171875,1535.199951171875,6580829,1565.0999755859375,1544.4000244140625,1542.300048828125,1556.199951171875,1545.0,1535.5999755859375,0.0,1548.760009765625,1547.4250061035157,0.007007891999990556
2708,2025-12-19,1557.8968505859375,1565.0999755859375,1574.199951171875,1551.0,1554.4000244140625,13937275,1575.4000244140625,1544.4000244140625,1544.4000244140625,1542.300048828125,1556.5,1540.5999755859375,0.013403231575140895,1550.4800048828124,1548.3500061035156,0.007618299613373338
2709,2025-12-22,1568.1495361328125,1575.4000244140625,1577.5,1565.300048828125,1573.5,10184852,1570.699951171875,1565.0999755859375,1544.4000244140625,1544.4000244140625,1556.199951171875,1543.0,0.006581080434985509,1554.32001953125,1550.3250061035155,0.00751233329339975
2710,2025-12-23,1563.4710693359375,1570.699951171875,1580.9000244140625,1568.0999755859375,1580.9000244140625,7506564,1558.199951171875,1575.4000244140625,1565.0999755859375,1544.4000244140625,1542.300048828125,1529.4000244140625,-0.0029834157479688983,1560.0,1551.8750061035157,0.007566257845379306
2711,2025-12-24,1551.0286865234375,1558.199951171875,1575.699951171875,1553.5999755859375,1572.699951171875,8815745,1559.199951171875,1570.699951171875,1575.4000244140625,1565.0999755859375,1544.4000244140625,1536.9000244140625,-0.00795823542916263,1562.7599853515626,1551.2900024414062,0.006426931251515955
2712,2025-12-26,1552.0240478515625,1559.199951171875,1561.0,1554.300048828125,1554.699951171875,2311495,1545.5999755859375,1558.199951171875,1570.699951171875,1575.4000244140625,1544.4000244140625,1545.0,0.0006417661605289116,1565.719970703125,1551.0799987792968,0.006367342783040034
2713,2025-12-29,1538.4866943359375,1545.5999755859375,1558.0999755859375,1543.5999755859375,1554.9000244140625,5972105,1539.800048828125,1559.199951171875,1558.199951171875,1570.699951171875,1565.0999755859375,1556.5,-0.00872240636982824,1561.819970703125,1549.9849975585937,0.006611278998057682
2714,2025-12-30,1532.71337890625,1539.800048828125,1553.5999755859375,1537.800048828125,1547.0,8815884,1570.4000244140625,1545.5999755859375,1559.199951171875,1558.199951171875,1575.4000244140625,1556.199951171875,-0.003752540663449322,1554.6999755859374,1548.6700012207032,0.0066468960363210835
2715,2025-12-31,1563.172607421875,1570.4000244140625,1577.0,1541.0,1541.0,5771830,1575.5999755859375,1539.800048828125,1545.5999755859375,1559.199951171875,1570.699951171875,1542.300048828125,0.019872694256131362,1554.639990234375,1549.875,0.00752309679157985
2716,2026-01-01,1568.3485107421875,1575.5999755859375,1592.5,1571.0999755859375,1573.699951171875,6408128,1592.300048828125,1570.4000244140625,1539.800048828125,1545.5999755859375,1558.199951171875,1544.4000244140625,0.003311227133873107,1558.1199951171875,1551.7149963378906,0.007421119489209644
2717,2026-01-02,1584.9718017578125,1592.300048828125,1594.5999755859375,1578.199951171875,1580.0,6602230,1578.0999755859375,1575.5999755859375,1570.4000244140625,1539.800048828125,1559.199951171875,1544.4000244140625,0.01059918348626332,1564.7400146484374,1554.55,0.007663053586537968
2718,2026-01-05,1570.8370361328125,1578.0999755859375,1611.800048828125,1575.300048828125,1593.0,8704973,1507.5999755859375,1592.300048828125,1575.5999755859375,1570.4000244140625,1545.5999755859375,1565.0999755859375,-0.008917963202122792,1571.2400146484374,1556.425,0.008020043307115591
2719,2026-01-06,1500.6614990234375,1507.5999755859375,1569.0,1496.300048828125,1569.0,27417125,1504.199951171875,1578.0999755859375,1592.300048828125,1575.5999755859375,1539.800048828125,1575.4000244140625,-0.04467397572439846,1564.8,1554.6549987792969,0.013023534182192254
2720,2026-01-07,1497.277099609375,1504.199951171875,1520.0,1498.0,1510.0,11199340,1470.5999755859375,1507.5999755859375,1578.0999755859375,1592.300048828125,1570.4000244140625,1570.699951171875,-0.002255256347255541,1551.5599853515625,1553.3949951171876,0.012900480076683351
2721,2026-01-08,1463.831787109375,1470.5999755859375,1503.9000244140625,1468.800048828125,1500.0,16518684,1475.300048828125,1504.199951171875,1507.5999755859375,1578.0999755859375,1575.5999755859375,1558.199951171875,-0.02233743962015211,1530.5599853515625,1550.0799926757813,0.013686281173624464
2722,2026-01-09,1468.51025390625,1475.300048828125,1479.9000244140625,1465.0,1465.0,8335311,1483.199951171875,1470.5999755859375,1504.199951171875,1507.5999755859375,1592.300048828125,1559.199951171875,0.003196024289552124,1507.1599853515625,1546.5949951171874,0.013635156539853074
2723,2026-01-12,1476.373779296875,1483.199951171875,1485.300048828125,1451.0,1475.300048828125,8883745,1452.800048828125,1475.300048828125,1470.5999755859375,1504.199951171875,1578.0999755859375,1545.5999755859375,0.005354776711371523,1488.17998046875,1542.9299926757812,0.013565103188278974
2724,2026-01-13,1446.11376953125,1452.800048828125,1485.800048828125,1444.699951171875,1485.0,13499760,1458.800048828125,1483.199951171875,1475.300048828125,1470.5999755859375,1507.5999755859375,1539.800048828125,-0.020496159212876952,1477.2199951171874,1537.7599975585938,0.014144844416057368
2725,2026-01-14,1452.086181640625,1458.800048828125,1467.0,1440.199951171875,1444.0,8321764,1458.800048828125,1452.800048828125,1483.199951171875,1475.300048828125,1504.199951171875,1570.4000244140625,0.004129955808330088,1468.1400146484375,1533.5849975585938,0.014174356068892191
2726,2026-01-15,1452.086181640625,1458.800048828125,1458.800048828125,1458.800048828125,1458.800048828125,0,1457.9000244140625,1458.800048828125,1452.800048828125,1483.199951171875,1470.5999755859375,1575.5999755859375,0.0,1465.780029296875,1529.304998779297,0.01415717051634641
2727,2026-01-16,1451.1903076171875,1457.9000244140625,1480.0,1455.0999755859375,1458.800048828125,17167161,1413.5999755859375,1458.800048828125,1458.800048828125,1452.800048828125,1475.300048828125,1592.300048828125,-0.0006169621496692201,1462.3000244140626,1524.979998779297,0.01415153315502349
2728,2026-01-19,1407.0941162109375,1413.5999755859375,1450.5999755859375,1403.300048828125,1450.5999755859375,20392765,1394.0,1457.9000244140625,1458.800048828125,1458.800048828125,1483.199951171875,1578.0999755859375,-0.030386204874322198,1448.380029296875,1517.4049987792969,0.014884246065860847
2729,2026-01-20,1387.5843505859375,1394.0,1416.0,1390.0,1410.699951171875,13189498,1404.5999755859375,1413.5999755859375,1457.9000244140625,1458.800048828125,1452.800048828125,1507.5999755859375,-0.01386529140099435,1436.62001953125,1508.3349975585938,0.014750633459137082
2730,2026-01-21,1398.1356201171875,1404.5999755859375,1412.9000244140625,1373.0,1389.5,17352720,1402.5,1394.0,1413.5999755859375,1457.9000244140625,1458.800048828125,1504.199951171875,0.0076039997029679895,1425.7800048828126,1500.0299987792969,0.015051243929560998
2731,2026-01-22,1396.0452880859375,1402.5,1419.5,1395.0,1410.0999755859375,15721693,1386.0999755859375,1404.5999755859375,1394.0,1413.5999755859375,1458.800048828125,1470.5999755859375,-0.0014950702138959437,1414.5199951171876,1492.2450012207032,0.015064242870714782
2732,2026-01-23,1379.720703125,1386.0999755859375,1407.0,1381.0,1401.800048828125,9837802,1380.5,1402.5,1404.5999755859375,1394.0,1457.9000244140625,1475.300048828125,-0.011693422042112323,1400.1599853515625,1483.5900024414063,0.015067559498096546
2733,2026-01-27,1374.146484375,1380.5,1391.5999755859375,1368.0,1380.0,26302396,1396.699951171875,1386.0999755859375,1402.5,1404.5999755859375,1413.5999755859375,1483.199951171875,-0.0040400950036596495,1393.539990234375,1475.3350036621093,0.015055434100168134
2734,2026-01-28,1390.2718505859375,1396.699951171875,1409.9000244140625,1384.9000244140625,1385.0,11121657,1391.0,1380.5,1386.0999755859375,1402.5,1394.0,1452.800048828125,0.011734843297265485,1394.07998046875,1468.179998779297,0.015541735661782557
2735,2026-01-29,1384.59814453125,1391.0,1402.9000244140625,1384.0,1402.9000244140625,20846683,1395.4000244140625,1396.699951171875,1380.5,1386.0999755859375,1404.5999755859375,1458.800048828125,-0.004081013368041231,1391.3599853515625,1459.2099975585938,0.014427507400631314
2736,2026-01-30,1388.9779052734375,1395.4000244140625,1398.0,1378.5,1382.5999755859375,11239835,1390.4000244140625,1391.0,1396.699951171875,1380.5,1402.5,1458.800048828125,0.0031632094996854043,1389.939990234375,1450.2,0.014422545660513247
2737,2026-02-02,1384.0009765625,1390.4000244140625,1392.9000244140625,1335.5,1340.0,15711165,1437.0999755859375,1395.4000244140625,1391.0,1396.699951171875,1386.0999755859375,1457.9000244140625,-0.003583201886569798,1390.8,1440.104998779297,0.01390521843246447
2738,2026-02-03,1430.4859619140625,1437.0999755859375,1489.5,1430.199951171875,1473.9000244140625,25456171,1456.800048828125,1390.4000244140625,1395.4000244140625,1391.0,1380.5,1413.5999755859375,0.0335874211391467,1402.1199951171875,1433.054998779297,0.016540890075567156
2739,2026-02-04,1450.095458984375,1456.800048828125,1464.0,1440.300048828125,1444.0,8333387,1443.4000244140625,1437.0999755859375,1390.4000244140625,1395.4000244140625,1396.699951171875,1394.0,0.013708213469390218,1414.1400146484375,1430.5150024414063,0.014048764254889639
2740,2026-02-05,1436.757080078125,1443.4000244140625,1461.5,1439.5,1457.0,11763658,1450.800048828125,1456.800048828125,1437.0999755859375,1390.4000244140625,1391.0,1404.5999755859375,-0.00919825917416861,1424.62001953125,1427.4750061035156,0.014150736692315273
2741,2026-02-06,1444.123046875,1450.800048828125,1452.800048828125,1433.5,1441.5,8277304,1461.5999755859375,1443.4000244140625,1456.800048828125,1437.0999755859375,1395.4000244140625,1402.5,0.00512680080982153,1435.7000244140625,1426.485009765625,0.013381462140138004
2742,2026-02-09,1454.873291015625,1461.5999755859375,1465.9000244140625,1453.0,1458.0,5775864,1458.5,1450.800048828125,1443.4000244140625,1456.800048828125,1390.4000244140625,1386.0999755859375,0.007444117999951816,1449.9400146484375,1425.8000061035157,0.013478128937279382
2743,2026-02-10,1451.7874755859375,1458.5,1471.0,1452.199951171875,1471.0,10259630,1468.699951171875,1461.5999755859375,1450.800048828125,1443.4000244140625,1437.0999755859375,1380.5,-0.00212094665963225,1454.22001953125,1424.565008544922,0.01341422338751246
2744,2026-02-11,1461.9405517578125,1468.699951171875,1470.0,1453.5999755859375,1459.5999755859375,7106877,1448.9000244140625,1458.5,1461.5999755859375,1450.800048828125,1456.800048828125,1396.699951171875,0.006993452980373682,1456.6,1425.3600036621094,0.012672737646753668
2745,2026-02-12,1442.231689453125,1448.9000244140625,1473.0,1445.5,1470.0,11135399,1419.5999755859375,1468.699951171875,1458.5,1461.5999755859375,1443.4000244140625,1391.0,-0.013481260581519106,1457.7,1424.8650024414062,0.013023067914477342
2746,2026-02-13,1413.0665283203125,1419.5999755859375,1450.699951171875,1416.300048828125,1445.5,10755693,1437.0999755859375,1448.9000244140625,1468.699951171875,1458.5,1450.800048828125,1395.4000244140625,-0.02022227091891593,1451.4599853515624,1422.9049987792969,0.013765678102551568
2747,2026-02-16,1430.4859619140625,1437.0999755859375,1439.5999755859375,1409.300048828125,1420.0999755859375,5896514,1423.0,1419.5999755859375,1448.9000244140625,1468.699951171875,1461.5999755859375,1390.4000244140625,0.012327416385575107,1446.5599853515625,1421.8649963378907,0.014098334737686301
2748,2026-02-17,1416.450927734375,1423.0,1431.800048828125,1418.5999755859375,1431.0999755859375,10731630,1441.300048828125,1437.0999755859375,1419.5999755859375,1448.9000244140625,1458.5,1437.0999755859375,-0.009811408966302837,1439.4599853515624,1422.3349975585938,0.012468795408451711
2749,2026-02-18,1434.666748046875,1441.300048828125,1442.0999755859375,1419.199951171875,1427.0,5521096,1409.5,1423.0,1437.0999755859375,1419.5999755859375,1468.699951171875,1456.800048828125,0.012860188916461679,1433.9800048828124,1424.7,0.012289772509985732
2750,2026-02-19,1403.0130615234375,1409.5,1443.0,1400.0,1443.0,11884664,1419.4000244140625,1441.300048828125,1423.0,1437.0999755859375,1448.9000244140625,1443.4000244140625,-0.02206344810296834,1426.1,1424.945001220703,0.013294258407411403
2751,2026-02-20,1412.8675537109375,1419.4000244140625,1427.4000244140625,1406.0999755859375,1409.5,8177670,1428.0,1409.5,1441.300048828125,1423.0,1419.5999755859375,1450.800048828125,0.007023784614446527,1426.060009765625,1425.7900024414062,0.013371389131536456
2752,2026-02-23,1421.4278564453125,1428.0,1434.9000244140625,1418.300048828125,1425.0,7758856,1428.800048828125,1419.4000244140625,1409.5,1441.300048828125,1437.0999755859375,1461.5999755859375,0.006058880821484758,1424.2400146484374,1427.8850036621093,0.013092844344385684
2753,2026-02-24,1422.2242431640625,1428.800048828125,1433.300048828125,1415.0,1425.300048828125,12529409,1398.5,1428.0,1419.4000244140625,1409.5,1423.0,1458.5,0.0005602582830006586,1425.4000244140625,1430.3000061035157,0.013029329224581585
2754,2026-02-25,1392.063720703125,1398.5,1440.5,1393.5,1435.0,10728792,1406.800048828125,1428.800048828125,1428.0,1419.4000244140625,1441.300048828125,1468.699951171875,-0.0212066403923884,1416.8400146484375,1430.3900085449218,0.013768653408094871
2755,2026-02-26,1400.3255615234375,1406.800048828125,1412.9000244140625,1391.9000244140625,1398.5,16683858,1393.9000244140625,1398.5,1428.800048828125,1428.0,1409.5,1448.9000244140625,0.0059349651970861395,1416.3000244140626,1431.1800109863282,0.013788636516110524
2756,2026-02-27,1387.48486328125,1393.9000244140625,1410.4000244140625,1388.0999755859375,1398.0,12031440,1358.0,1406.800048828125,1398.5,1428.800048828125,1419.4000244140625,1419.5999755859375,-0.009169763979471224,1411.2000244140625,1431.1050109863281,0.013945447802124427
2757,2026-03-02,1351.75,1358.0,1378.5999755859375,1341.5,1375.5,23728722,1345.0,1393.9000244140625,1406.800048828125,1398.5,1428.0,1437.0999755859375,-0.02575509275075405,1397.2000244140625,1429.485009765625,0.015083354487862664
2758,2026-03-04,1338.8099365234375,1345.0,1352.800048828125,1307.0,1330.0,32495007,1389.4000244140625,1358.0,1393.9000244140625,1406.800048828125,1428.800048828125,1423.0,-0.009572901325478611,1380.4400146484375,1424.8800109863282,0.012774667345994311
2759,2026-03-05,1383.005615234375,1389.4000244140625,1399.0,1353.0999755859375,1353.0999755859375,25957532,1404.800048828125,1345.0,1358.0,1393.9000244140625,1398.5,1441.300048828125,0.03301117056807623,1378.62001953125,1421.510009765625,0.014704939902753397
2760,2026-03-06,1398.334716796875,1404.800048828125,1424.300048828125,1390.300048828125,1396.5,19311971,1424.0,1389.4000244140625,1345.0,1358.0,1406.800048828125,1409.5,0.011083938493924306,1378.22001953125,1419.580010986328,0.01489956976259811
2761,2026-03-09,1417.4462890625,1424.0,1429.4000244140625,1370.0,1375.0,24870822,1408.800048828125,1404.800048828125,1389.4000244140625,1345.0,1393.9000244140625,1419.4000244140625,0.013667390734995788,1384.2400146484374,1418.240008544922,0.015211052310835346
2762,2026-03-10,1402.3162841796875,1408.800048828125,1431.5,1400.5999755859375,1430.5999755859375,18071259,1390.199951171875,1424.0,1404.800048828125,1389.4000244140625,1358.0,1428.0,-0.010674123013957204,1394.4000244140625,1415.6000122070313,0.015232360880537272
2763,2026-03-11,1383.8017578125,1390.199951171875,1434.0,1383.5999755859375,1424.9000244140625,21848087,1392.199951171875,1408.800048828125,1424.0,1404.800048828125,1345.0,1428.800048828125,-0.013202794585166266,1403.4400146484375,1412.185009765625,0.015447451938828766
2764,2026-03-12,1385.7926025390625,1392.199951171875,1410.9000244140625,1381.0999755859375,1390.0,20939959,1380.699951171875,1390.199951171875,1408.800048828125,1424.0,1389.4000244140625,1398.5,0.0014386419725551658,1404.0,1408.360009765625,0.015321328403542188
2765,2026-03-13,1374.3455810546875,1380.699951171875,1400.800048828125,1378.4000244140625,1385.199951171875,17265090,1395.0999755859375,1392.199951171875,1390.199951171875,1408.800048828125,1404.800048828125,1406.800048828125,-0.008260307716804527,1399.17998046875,1404.9500061035155,0.015169172367588605
2766,2026-03-16,1388.6793212890625,1395.0999755859375,1397.300048828125,1363.5,1380.0,22837802,1397.5999755859375,1380.699951171875,1392.199951171875,1390.199951171875,1424.0,1393.9000244140625,0.010429510337738757,1393.3999755859375,1403.7250061035156,0.01480707974287185
2767,2026-03-17,1391.167724609375,1397.5999755859375,1405.9000244140625,1388.199951171875,1399.0,19007744,1408.0999755859375,1395.0999755859375,1380.699951171875,1392.199951171875,1408.800048828125,1358.0,0.00179198626890531,1391.1599609375,1401.7500061035157,0.01450099492779673
2768,2026-03-18,1401.6195068359375,1408.0999755859375,1412.9000244140625,1397.199951171875,1397.199951171875,9559327,1384.800048828125,1397.5999755859375,1395.0999755859375,1380.699951171875,1390.199951171875,1345.0,0.007512879352761903,1394.7399658203126,1401.0050048828125,0.014482774810656277
2769,2026-03-19,1378.4267578125,1384.800048828125,1415.699951171875,1376.0999755859375,1388.0,16498373,1414.4000244140625,1408.0999755859375,1397.5999755859375,1395.0999755859375,1392.199951171875,1389.4000244140625,-0.01654706850493126,1393.2599853515626,1398.1800048828125,0.014555443011220082
2770,2026-03-20,1407.8905029296875,1414.4000244140625,1430.0,1396.0999755859375,1398.0,22994918,1407.800048828125,1384.800048828125,1408.0999755859375,1397.5999755859375,1380.699951171875,1404.800048828125,0.021374909403697906,1400.0,1398.4250061035157,0.014628565415836639
2771,2026-03-23,1401.3209228515625,1407.800048828125,1415.5999755859375,1391.0,1400.0,18979554,1411.800048828125,1414.4000244140625,1384.800048828125,1408.0999755859375,1395.0999755859375,1424.0,-0.00466627225114169,1402.5400146484376,1397.8450073242188,0.014578174679602126
2772,2026-03-24,1405.302490234375,1411.800048828125,1422.4000244140625,1406.5999755859375,1420.0,18620893,1413.0999755859375,1407.800048828125,1414.4000244140625,1384.800048828125,1397.5999755859375,1408.800048828125,0.002841312587912981,1405.380029296875,1397.035009765625,0.014521841864933079
2773,2026-03-25,1406.596435546875,1413.0999755859375,1430.5,1408.4000244140625,1420.0,19041331,1348.0999755859375,1411.800048828125,1407.800048828125,1414.4000244140625,1408.0999755859375,1390.199951171875,0.0009207584026444948,1406.380029296875,1396.2500061035157,0.01452341213186492
2774,2026-03-27,1341.8956298828125,1348.0999755859375,1404.699951171875,1345.0,1401.0,23266517,1343.9000244140625,1413.0999755859375,1411.800048828125,1407.800048828125,1384.800048828125,1392.199951171875,-0.045998160868305105,1399.0400146484376,1393.7300048828124,0.01719946235408472
2775,2026-03-30,1337.7149658203125,1343.9000244140625,1365.0,1334.0999755859375,1335.0,24393861,1369.199951171875,1348.0999755859375,1413.0999755859375,1411.800048828125,1414.4000244140625,1380.699951171875,-0.003115459719557956,1384.9400146484375,1390.5850036621093,0.01710704627899841
2776,2026-04-01,1362.8984375,1369.199951171875,1384.4000244140625,1362.9000244140625,1384.199951171875,14404619,1350.5,1343.9000244140625,1348.0999755859375,1413.0999755859375,1407.800048828125,1395.0999755859375,0.018825750649750228,1377.2199951171874,1389.35,0.017639038198083067
2777,2026-04-02,1344.2845458984375,1350.5,1358.199951171875,1328.0,1357.0,21280051,1304.699951171875,1369.199951171875,1343.9000244140625,1348.0999755859375,1411.800048828125,1397.5999755859375,-0.013657575108639186,1364.9599853515624,1388.975,0.016929393189574156
2778,2026-04-06,1298.6953125,1304.699951171875,1359.0,1290.0,1359.0,29274881,1304.5999755859375,1350.5,1369.199951171875,1343.9000244140625,1413.0999755859375,1408.0999755859375,-0.033913401575805247,1343.27998046875,1386.9599975585938,0.01844983451396529
2779,2026-04-07,1298.5958251953125,1304.5999755859375,1308.300048828125,1291.0,1295.0,28388922,1347.800048828125,1304.699951171875,1350.5,1369.199951171875,1348.0999755859375,1384.800048828125,-7.662726272639198e-05,1334.57998046875,1382.7199951171874,0.016596242084391328
2780,2026-04-08,1341.5970458984375,1347.800048828125,1350.5999755859375,1326.199951171875,1349.0,21817543,1330.0,1304.5999755859375,1304.699951171875,1350.5,1343.9000244140625,1414.4000244140625,0.03311365479888573,1335.3599853515625,1379.8699951171875,0.018231462293181462
2781,2026-04-09,1323.87890625,1330.0,1350.0,1326.300048828125,1346.0,20725390,1350.199951171875,1347.800048828125,1304.5999755859375,1304.699951171875,1369.199951171875,1407.800048828125,-0.013206742976157093,1327.5199951171876,1375.1699951171875,0.01801198712522179
2782,2026-04-10,1343.9859619140625,1350.199951171875,1352.300048828125,1331.5,1337.0,19364461,1315.0999755859375,1330.0,1347.800048828125,1304.5999755859375,1350.5,1411.800048828125,0.015187933211936011,1327.4599853515624,1372.239990234375,0.01837586831270674
2783,2026-04-13,1309.0474853515625,1315.0999755859375,1327.5999755859375,1310.0,1321.199951171875,28753269,1344.0999755859375,1350.199951171875,1330.0,1347.800048828125,1304.699951171875,1413.0999755859375,-0.02599613157701075,1329.539990234375,1368.4849914550782,0.018999890382972215
2784,2026-04-15,1337.9140625,1344.0999755859375,1347.0,1334.199951171875,1337.0,15313779,1343.300048828125,1315.0999755859375,1350.199951171875,1330.0,1304.5999755859375,1348.0999755859375,0.022051555424202007,1337.439990234375,1366.0799926757813,0.019773807301645057
2785,2026-04-16,1337.1177978515625,1343.300048828125,1353.800048828125,1330.0,1352.0,30211012,1365.0,1344.0999755859375,1315.0999755859375,1350.199951171875,1347.800048828125,1343.9000244140625,-0.0005951393291736551,1336.539990234375,1364.2099975585938,0.019711482708583132
2786,2026-04-17,1358.7178955078125,1365.0,1368.4000244140625,1340.0,1340.0,13869105,1363.300048828125,1343.300048828125,1344.0999755859375,1315.0999755859375,1330.0,1369.199951171875,0.016154210067069963,1343.539990234375,1362.7049987792968,0.01992939377612082
2787,2026-04-20,1357.0257568359375,1363.300048828125,1373.0,1352.800048828125,1363.199951171875,13614733,1353.300048828125,1365.0,1343.300048828125,1344.0999755859375,1350.199951171875,1350.5,-0.0012453854739010728,1346.160009765625,1360.9900024414062,0.019919371593934306
2788,2026-04-21,1347.07177734375,1353.300048828125,1369.800048828125,1350.0999755859375,1359.0,27293629,1362.0999755859375,1363.300048828125,1365.0,1343.300048828125,1315.0999755859375,1304.699951171875,-0.00733514240580857,1353.8000244140626,1358.2500061035157,0.019859971490948133
2789,2026-04-22,1355.8311767578125,1362.0999755859375,1366.0,1349.0999755859375,1350.300048828125,9525953,1343.4000244140625,1353.300048828125,1363.300048828125,1365.0,1344.0999755859375,1304.5999755859375,0.006502568861526781,1357.4000244140625,1357.1150024414062,0.019626209097182084
2790,2026-04-23,1337.21728515625,1343.4000244140625,1355.5,1340.699951171875,1346.0,16385079,1327.800048828125,1362.0999755859375,1353.300048828125,1363.300048828125,1343.300048828125,1347.800048828125,-0.013728765514316121,1357.42001953125,1353.5650024414062,0.019116681252227298
2791,2026-04-24,1321.6890869140625,1327.800048828125,1345.9000244140625,1325.0,1340.0,11744802,1365.800048828125,1343.4000244140625,1362.0999755859375,1353.300048828125,1365.0,1330.0,-0.011612308547293337,1349.980029296875,1349.5650024414062,0.019222881823001452
2792,2026-04-27,1359.51416015625,1365.800048828125,1371.5999755859375,1311.0,1313.0,24673098,1388.9000244140625,1327.800048828125,1343.4000244140625,1362.0999755859375,1363.300048828125,1350.199951171875,0.02861876683431186,1350.480029296875,1347.2650024414063,0.020442571778009448
2793,2026-04-28,1382.5078125,1388.9000244140625,1395.199951171875,1357.0,1358.0,41027699,1425.4000244140625,1365.800048828125,1327.800048828125,1343.4000244140625,1353.300048828125,1315.0999755859375,0.01691314596580784,1357.6000244140625,1346.0550048828125,0.020849134571709296
2794,2026-04-29,1418.83984375,1425.4000244140625,1433.800048828125,1391.300048828125,1392.0,30542143,1430.800048828125,1388.9000244140625,1365.800048828125,1327.800048828125,1362.0999755859375,1344.0999755859375,0.026279789299736178,1370.2600341796874,1349.9200073242187,0.018732764948359026
2795,2026-04-30,1424.215087890625,1430.800048828125,1437.0,1393.0999755859375,1409.0,30957881,1430.800048828125,1425.4000244140625,1388.9000244140625,1365.800048828125,1343.4000244140625,1343.300048828125,0.0037884273337811525,1387.7400390625,1354.2650085449218,0.018678483880718938
2796,2026-05-01,1424.215087890625,1430.800048828125,1430.800048828125,1430.800048828125,1430.800048828125,0,1463.0999755859375,1430.800048828125,1425.4000244140625,1388.9000244140625,1327.800048828125,1365.0,0.0,1408.3400390625,1357.3450134277343,0.018326109036569966
2797,2026-05-04,1456.3663330078125,1463.0999755859375,1467.4000244140625,1433.4000244140625,1433.4000244140625,24035700,1463.5999755859375,1430.800048828125,1430.800048828125,1425.4000244140625,1365.800048828125,1363.300048828125,0.022574731377921875,1427.8000244140626,1362.9750122070313,0.01844958655410057
2798,2026-05-05,1456.864013671875,1463.5999755859375,1473.4000244140625,1450.0,1460.0,23543341,1437.9000244140625,1463.0999755859375,1430.800048828125,1430.800048828125,1388.9000244140625,1353.300048828125,0.0003417401464993475,1442.7400146484374,1370.9200134277344,0.016177859479593062
2799,2026-05-06,1431.2823486328125,1437.9000244140625,1473.300048828125,1427.5,1463.0,14221786,1436.199951171875,1463.5999755859375,1463.0999755859375,1430.800048828125,1425.4000244140625,1362.0999755859375,-0.01755940940186629,1445.2400146484374,1377.5850158691405,0.016969957194964778
2800,2026-05-07,1429.590087890625,1436.199951171875,1449.5,1430.300048828125,1438.800048828125,19816903,1435.199951171875,1437.9000244140625,1463.5999755859375,1463.0999755859375,1430.800048828125,1343.4000244140625,-0.0011823306303094805,1446.3199951171875,1382.0050109863282,0.015663385415697995
2801,2026-05-08,1428.5947265625,1435.199951171875,1442.800048828125,1417.5,1426.0,8663105,1388.199951171875,1436.199951171875,1437.9000244140625,1463.5999755859375,1430.800048828125,1327.800048828125,-0.0006962818785671843,1447.1999755859374,1387.2650085449218,0.015212916939148207
2802,2026-05-11,1381.81103515625,1388.199951171875,1428.0,1382.0,1420.0,15261787,1364.0,1435.199951171875,1436.199951171875,1437.9000244140625,1463.0999755859375,1365.800048828125,-0.03274805016654536,1432.219970703125,1389.1650085449219,0.01701424748248591
2803,2026-05-12,1357.722412109375,1364.0,1393.5,1360.300048828125,1392.0,24357500,1358.800048828125,1388.199951171875,1435.199951171875,1436.199951171875,1463.5999755859375,1388.9000244140625,-0.01743261203218327,1412.2999755859375,1391.610009765625,0.016381146336929837
2804,2026-05-13,1352.54638671875,1358.800048828125,1372.4000244140625,1352.4000244140625,1361.4000244140625,13797989,1361.800048828125,1364.0,1388.199951171875,1435.199951171875,1437.9000244140625,1425.4000244140625,-0.0038122809177969508,1396.47998046875,1392.3450134277343,0.01571859962179185
2805,2026-05-14,1355.5325927734375,1361.800048828125,1378.0,1358.4000244140625,1365.199951171875,17303059,1336.4000244140625,1358.800048828125,1364.0,1388.199951171875,1436.199951171875,1430.800048828125,0.0022078303592845128,1381.6,1393.2700134277343,0.01571930339161698
2806,2026-05-15,1330.24951171875,1336.4000244140625,1364.800048828125,1329.199951171875,1356.800048828125,19976192,1335.9000244140625,1361.800048828125,1358.800048828125,1364.0,1435.199951171875,1430.800048828125,-0.018651801662013523,1361.8400146484375,1391.8400146484375,0.015856230848257484
2807,2026-05-18,1329.7518310546875,1335.9000244140625,1342.0,1318.699951171875,1334.0,13022473,1322.699951171875,1336.4000244140625,1361.800048828125,1358.800048828125,1388.199951171875,1463.0999755859375,-0.0003741394723628666,1351.380029296875,1390.4700134277343,0.015856541220641448
2808,2026-05-19,1316.6124267578125,1322.699951171875,1344.0,1318.4000244140625,1338.699951171875,21665501,1359.699951171875,1335.9000244140625,1336.4000244140625,1361.800048828125,1364.0,1463.5999755859375,-0.009881033760724134,1343.12001953125,1388.940008544922,0.015921048335374107
2809,2026-05-20,1353.442138671875,1359.699951171875,1362.9000244140625,1312.5999755859375,1318.699951171875,13248515,1349.5999755859375,1322.699951171875,1335.9000244140625,1336.4000244140625,1358.800048828125,1437.9000244140625,0.027973086388352053,1343.3,1388.8200073242188,0.017132899035854694
2810,2026-05-21,1343.388671875,1349.5999755859375,1370.9000244140625,1345.199951171875,1367.199951171875,17150630,1354.5,1359.699951171875,1322.699951171875,1335.9000244140625,1361.800048828125,1436.199951171875,-0.007428091452994945,1340.8599853515625,1389.1300048828125,0.01692282676320356
2811,2026-05-22,1348.26611328125,1354.5,1367.4000244140625,1349.0999755859375,1350.0,7105813,1367.0,1349.5999755859375,1359.699951171875,1322.699951171875,1336.4000244140625,1435.199951171875,0.0036307235497208268,1344.47998046875,1390.4650024414063,0.016696708694932005
2812,2026-05-25,1360.7086181640625,1367.0,1371.0999755859375,1357.0,1366.800048828125,6750071,1356.300048828125,1354.5,1349.5999755859375,1359.699951171875,1335.9000244140625,1388.199951171875,0.009228497600590524,1350.6999755859374,1390.525,0.015539258435589452
2813,2026-05-26,1350.0579833984375,1356.300048828125,1368.5,1352.4000244140625,1360.0999755859375,13769747,1350.5,1367.0,1354.5,1349.5999755859375,1322.699951171875,1364.0,-0.007827323461503277,1357.4199951171875,1388.895001220703,0.015114228180979164
2814,2026-05-27,1344.2845458984375,1350.5,1361.0,1348.5999755859375,1353.0,13215138,1350.5,1356.300048828125,1367.0,1354.5,1359.699951171875,1358.800048828125,-0.004276375889786577,1355.5800048828125,1385.15,0.01367946776310063
2815,2026-05-28,1344.2845458984375,1350.5,1350.5,1350.5,1350.5,0,1321.199951171875,1350.5,1356.300048828125,1367.0,1349.5999755859375,1361.800048828125,0.0,1355.760009765625,1381.1349975585938,0.013612324282497765
2816,2026-05-29,1315.119384765625,1321.199951171875,1369.0,1317.0,1364.0,42634247,1320.0,1350.5,1350.5,1356.300048828125,1354.5,1336.4000244140625,-0.021695704426601292,1349.1,1375.6549926757812,0.01422835018502287
2817,2026-06-01,1313.9249267578125,1320.0,1335.5,1318.5,1332.5,10700603,1314.5999755859375,1321.199951171875,1350.5,1350.5,1367.0,1335.9000244140625,-0.0009082282896019089,1339.7,1368.4999938964843,0.012830593476900833
2818,2026-06-02,1308.5498046875,1314.5999755859375,1327.800048828125,1300.300048828125,1307.699951171875,23302785,1313.199951171875,1320.0,1321.199951171875,1350.5,1356.300048828125,1322.699951171875,-0.004090927586410942,1331.3599853515625,1361.0499938964845,0.01277061655340625
2819,2026-06-03,1307.15625,1313.199951171875,1324.0,1301.0,1315.0,20012293,1303.699951171875,1314.5999755859375,1320.0,1321.199951171875,1350.5,1359.699951171875,-0.001064981317558944,1323.8999755859375,1354.814990234375,0.012464557891187574
2820,2026-06-04,1297.699951171875,1303.699951171875,1311.199951171875,1293.0999755859375,1301.0,23474327,1291.0,1313.199951171875,1314.5999755859375,1320.0,1350.5,1349.5999755859375,-0.007234237247360831,1314.5399658203125,1348.189990234375,0.012454472308983281
2821,2026-06-05,1291.0,1291.0,1306.0,1288.0,1304.5,17785223,1263.300048828125,1303.699951171875,1313.199951171875,1314.5999755859375,1321.199951171875,1354.5,-0.009741467858811581,1308.4999755859376,1340.9799926757812,0.012463591127343123
2822,2026-06-08,1263.300048828125,1263.300048828125,1282.5999755859375,1259.199951171875,1277.0,16494759,1269.199951171875,1291.0,1303.699951171875,1313.199951171875,1320.0,1367.0,-0.021456197654434517,1297.1599853515625,1334.7349975585937,0.011356931824626429
2823,2026-06-09,1269.199951171875,1269.199951171875,1274.199951171875,1257.5,1269.0,23620214,1258.800048828125,1263.300048828125,1291.0,1303.699951171875,1314.5999755859375,1356.300048828125,0.0046702304406802675,1288.07998046875,1329.9949951171875,0.011119680847523438
2824,2026-06-10,1258.800048828125,1258.800048828125,1300.5,1254.4000244140625,1275.0,21012796,1263.0,1269.199951171875,1263.300048828125,1291.0,1313.199951171875,1350.5,-0.00819406141179535,1277.2,1324.9949951171875,0.011168457704586975
2825,2026-06-11,1263.0,1263.0,1276.0,1253.199951171875,1258.0,13117486,1293.0,1258.800048828125,1269.199951171875,1263.300048828125,1303.699951171875,1350.5,0.003336472043979466,1269.060009765625,1320.0549926757812,0.01120297433195221
2826,2026-06-12,1293.0,1293.0,1297.0,1262.5,1277.0,11988785,1307.0,1263.0,1258.800048828125,1269.199951171875,1291.0,1321.199951171875,0.02375296912114022,1269.460009765625,1317.884991455078,0.012193107908442271
2827,2026-06-15,1307.0,1307.0,1325.0,1303.300048828125,1315.300048828125,18633321,1328.800048828125,1293.0,1263.0,1258.800048828125,1263.300048828125,1320.0,0.010827532869296164,1278.2,1316.439990234375,0.012504658311699552
2828,2026-06-16,1328.800048828125,1328.800048828125,1333.4000244140625,1306.4000244140625,1313.4000244140625,18513223,1332.699951171875,1307.0,1293.0,1263.0,1269.199951171875,1314.5999755859375,0.0166794558746175,1290.12001953125,1316.7449951171875,0.012917526824799583
2829,2026-06-17,1332.699951171875,1332.699951171875,1334.0,1317.0,1333.0,10029170,1328.0999755859375,1328.800048828125,1307.0,1293.0,1258.800048828125,1313.199951171875,0.002934905328449755,1304.9,1315.3949951171876,0.01119360507549265
2830,2026-06-18,1328.0999755859375,1328.0999755859375,1333.9000244140625,1322.0,1330.0,15494549,1309.5,1332.699951171875,1328.800048828125,1307.0,1263.0,1303.699951171875,-0.003451621335989863,1317.9199951171875,1314.3199951171875,0.011107332766841905
2831,2026-06-19,1309.5,1309.5,1338.199951171875,1305.300048828125,1328.0,24887034,1326.5,1328.0999755859375,1332.699951171875,1328.800048828125,1293.0,1291.0,-0.014004951380058195,1321.2199951171874,1312.0699951171875,0.011436891272341924
2832,2026-06-22,1326.5,1326.5,1344.9000244140625,1314.0999755859375,1316.699951171875,12931213,1309.5,1309.5,1328.0999755859375,1332.699951171875,1307.0,1263.300048828125,0.012982054219167649,1325.1199951171875,1310.0449951171875,0.011653136763452856
2833,2026-06-23,1309.5,1309.5,1333.0,1304.0,1328.9000244140625,15400184,1313.5999755859375,1326.5,1309.5,1328.0999755859375,1328.800048828125,1269.199951171875,-0.012815680361854542,1321.2599853515626,1307.7049926757813,0.011848826450661647
2834,2026-06-24,1313.5999755859375,1313.5999755859375,1322.0,1297.5,1305.699951171875,11030917,1318.0999755859375,1309.5,1326.5,1309.5,1332.699951171875,1258.800048828125,0.0031309473737590743,1317.439990234375,1305.8599914550782,0.011879374906733438
2835,2026-06-25,1318.0999755859375,1318.0999755859375,1328.0,1314.5999755859375,1318.0,12694362,1318.0999755859375,1313.5999755859375,1309.5,1326.5,1328.0999755859375,1263.0,0.00342570042907675,1315.439990234375,1304.239990234375,0.011923979728230224
2836,2026-06-26,1318.0999755859375,1318.0999755859375,1318.0999755859375,1318.0999755859375,1318.0999755859375,0,1301.0,1318.0999755859375,1313.5999755859375,1309.5,1309.5,1293.0,0.0,1317.1599853515625,1304.0849914550781,0.010898883455283163
2837,2026-06-29,1301.0,1301.0,1313.699951171875,1292.5999755859375,1308.0,13757656,1293.9000244140625,1318.0999755859375,1318.0999755859375,1313.5999755859375,1326.5,1307.0,-0.01297320074551711,1312.0599853515625,1303.134991455078,0.011275623421939097
2838,2026-06-30,1293.9000244140625,1293.9000244140625,1306.9000244140625,1290.0,1306.9000244140625,15695263,1308.0,1301.0,1318.0999755859375,1318.0999755859375,1309.5,1328.800048828125,-0.005457321741689114,1308.939990234375,1302.0999938964844,0.011301587620043302
2839,2026-07-01,1308.0,1308.0,1312.199951171875,1296.5,1298.9000244140625,7001401,1303.5,1293.9000244140625,1301.0,1318.0999755859375,1313.5999755859375,1332.699951171875,0.010897268196839782,1307.8199951171875,1301.8399963378906,0.01159578438993551
2840,2026-07-02,1303.5,1303.5,1313.199951171875,1299.0,1310.0,17795024,1304.0,1308.0,1293.9000244140625,1301.0,1318.0999755859375,1328.0999755859375,-0.0034403669724770714,1304.9,1301.8299987792968,0.011504199160892374
2841,2026-07-03,1304.0,1304.0,1312.0,1302.0,1312.0,7839550,1321.300048828125,1303.5,1308.0,1293.9000244140625,1318.0999755859375,1309.5,0.0003835826620637306,1302.0800048828125,1302.479998779297,0.011270814709758227
2842,2026-07-06,1321.300048828125,1321.300048828125,1325.5999755859375,1299.4000244140625,1304.0,7610709,1308.4000244140625,1304.0,1303.5,1308.0,1301.0,1326.5,0.013266908610525263,1306.1400146484375,1305.3799987792968,0.010336358007122771
2843,2026-07-07,1308.4000244140625,1308.4000244140625,1328.0,1304.0999755859375,1323.5,14335554,1275.9000244140625,1321.300048828125,1304.0,1303.5,1293.9000244140625,1309.5,-0.009763130203093273,1309.0400146484376,1307.3400024414063,0.010660748676529063
2844,2026-07-08,1275.9000244140625,1275.9000244140625,1302.300048828125,1271.5999755859375,1297.0,19960868,1279.800048828125,1308.4000244140625,1321.300048828125,1304.0,1308.0,1313.5999755859375,-0.024839498160781792,1302.62001953125,1308.195001220703,0.012025950833946912
2845,2026-07-09,1279.800048828125,1279.800048828125,1296.5,1274.199951171875,1277.0999755859375,14651963,1307.800048828125,1275.9000244140625,1308.4000244140625,1321.300048828125,1303.5,1318.0999755859375,0.0030566849591946443,1297.880029296875,1309.0350036621094,0.01202293824982641
2846,2026-07-10,1307.800048828125,1307.800048828125,1311.0999755859375,1287.800048828125,1291.9000244140625,8412537,1296.9000244140625,1279.800048828125,1275.9000244140625,1308.4000244140625,1304.0,1318.0999755859375,0.02187841766816523,1298.6400390625,1309.7750061035156,0.011839921651796061
2847,2026-07-13,1296.9000244140625,1296.9000244140625,1306.4000244140625,1295.0,1300.0,9488352,1293.0,1307.800048828125,1279.800048828125,1275.9000244140625,1321.300048828125,1301.0,-0.008334626095043873,1293.7600341796874,1309.2700073242188,0.011746739954340007
2848,2026-07-14,1293.0,1293.0,1308.0,1286.9000244140625,1290.0,13511284,1295.5,1296.9000244140625,1307.800048828125,1279.800048828125,1308.4000244140625,1293.9000244140625,-0.0030071897144303694,1290.680029296875,1307.4800048828124,0.011051329592630244
2849,2026-07-15,1295.5,1295.5,1310.9000244140625,1294.0999755859375,1294.0999755859375,9577965,1296.5999755859375,1293.0,1296.9000244140625,1307.800048828125,1275.9000244140625,1308.0,0.0019334880123742515,1294.6000244140625,1305.6200073242187,0.011033355120240276
2850,2026-07-16,1296.5999755859375,1296.5999755859375,1309.4000244140625,1291.800048828125,1295.5,15631046,1327.199951171875,1295.5,1293.0,1296.9000244140625,1279.800048828125,1303.5,0.0008490741689983761,1297.960009765625,1304.0450073242187,0.011032284904182472
2851,2026-07-17,1327.199951171875,1327.199951171875,1330.300048828125,1296.0999755859375,1300.0,18302218,1323.0999755859375,1296.5999755859375,1295.5,1293.0,1307.800048828125,1304.0,0.023600166714571547,1301.839990234375,1304.9300048828125,0.011895368968102652
2852,2026-07-20,1323.0999755859375,1323.0999755859375,1345.9000244140625,1314.9000244140625,1317.199951171875,14305844,1303.699951171875,1327.199951171875,1296.5999755859375,1295.5,1296.9000244140625,1321.300048828125,-0.0030891920861791933,1307.07998046875,1304.7600036621093,0.011562948730526264
2853,2026-07-21,1303.699951171875,1303.699951171875,1326.9000244140625,1302.699951171875,1321.0,12753410,1288.5999755859375,1323.0999755859375,1327.199951171875,1296.5999755859375,1293.0,1308.4000244140625,-0.014662553678508772,1309.219970703125,1304.4700012207031,0.011676950835821804
2854,2026-07-22,1288.5999755859375,1288.5999755859375,1304.5999755859375,1280.699951171875,1302.0,10840383,1272.199951171875,1303.699951171875,1323.0999755859375,1327.199951171875,1295.5,1275.9000244140625,-0.011582400975289064,1307.8399658203125,1303.2200012207031,0.011919842748889303
2855,2026-07-23,1272.199951171875,1272.199951171875,1287.300048828125,1268.0,1283.0,12580741,1278.0,1288.5999755859375,1303.699951171875,1323.0999755859375,1296.5999755859375,1279.800048828125,-0.01272700971968066,1302.9599609375,1300.925,0.012156697109722694
2856,2026-07-24,1278.0,1278.0,1283.4000244140625,1249.800048828125,1265.0,9817000,1280.0,1272.199951171875,1288.5999755859375,1303.699951171875,1327.199951171875,1307.800048828125,0.004559070154642297,1293.119970703125,1298.9200012207032,0.012232768933604829
2857,2026-07-27,1280.0,1280.0,1288.699951171875,1278.0,1288.199951171875,7163132,1267.699951171875,1278.0,1272.199951171875,1288.5999755859375,1323.0999755859375,1296.9000244140625,0.0015649452269170805,1284.4999755859376,1297.8700012207032,0.011941891788499867
2858,2026-07-28,1267.699951171875,1267.699951171875,1279.199951171875,1265.9000244140625,1275.0,9312184,1275.9000244140625,1280.0,1278.0,1272.199951171875,1303.699951171875,1293.0,-0.009609413146972612,1277.2999755859375,1296.5599975585938,0.012063583695683151
2859,2026-07-29,1275.9000244140625,1275.9000244140625,1282.4000244140625,1268.699951171875,1275.0,9448307,1292.9000244140625,1267.699951171875,1280.0,1278.0,1288.5999755859375,1295.5,0.006468465376690435,1274.7599853515626,1294.9549987792968,0.011873759214940842
2860,2026-07-30,1292.9000244140625,1292.9000244140625,1297.0,1275.300048828125,1279.800048828125,12158451,1307.800048828125,1275.9000244140625,1267.699951171875,1280.0,1272.199951171875,1296.5999755859375,0.01332392795258941,1278.9,1294.425,0.012289839307943603
2861,2026-07-31,1307.800048828125,1307.800048828125,1309.699951171875,1293.5999755859375,1295.0,8624996,1319.0,1292.9000244140625,1275.9000244140625,1267.699951171875,1278.0,1327.199951171875,0.011524498517056836,1284.860009765625,1294.6150024414062,0.012573409567817703
2862,2026-08-03,1319.0,1319.0,1319.0,1306.0,1315.199951171875,7508023,1290.9000244140625,1307.800048828125,1292.9000244140625,1275.9000244140625,1280.0,1323.0999755859375,0.008563962955889792,1292.660009765625,1294.5,0.012358719369407837
2863,2026-08-04,1290.9000244140625,1290.9000244140625,1315.0,1286.4000244140625,1315.0,10759546,1280.0,1319.0,1307.800048828125,1292.9000244140625,1267.699951171875,1303.699951171875,-0.021303999686078434,1297.3000244140626,1293.625,0.01308588170284519
2864,2026-08-05,1280.0,1280.0,1299.0,1270.0999755859375,1293.0,24820782,1325.0,1290.9000244140625,1319.0,1307.800048828125,1275.9000244140625,1288.5999755859375,-0.00844374018740146,1298.12001953125,1293.8299987792968,0.011951265364536013
2865,2026-08-06,1325.0,1325.0,1325.199951171875,1281.199951171875,1285.0,20342297,1334.800048828125,1280.0,1290.9000244140625,1319.0,1292.9000244140625,1272.199951171875,0.03515625,1304.5400146484376,1296.0899963378906,0.014279679983040966
2866,2026-08-07,1334.800048828125,1334.800048828125,1337.0,1316.5999755859375,1320.0,9885638,1327.300048828125,1325.0,1280.0,1290.9000244140625,1307.800048828125,1278.0,0.00739626326650944,1309.9400146484375,1297.4399963378905,0.013558690237381026
2867,2026-08-10,1327.300048828125,1327.300048828125,1332.9000244140625,1321.300048828125,1330.0999755859375,8207102,1323.9000244140625,1334.800048828125,1325.0,1280.0,1319.0,1280.0,-0.005618819093230143,1311.6000244140625,1298.9599975585938,0.01347245970034626
2868,2026-08-11,1323.9000244140625,1323.9000244140625,1328.699951171875,1314.0999755859375,1326.5999755859375,9953124,1329.0,1327.300048828125,1334.800048828125,1325.0,1290.9000244140625,1267.699951171875,-0.002561609499724171,1318.2000244140625,1300.5049987792968,0.013465424839408746
2869,2026-08-12,1329.0,1329.0,1329.0,1309.199951171875,1323.9000244140625,7901012,1317.0,1323.9000244140625,1327.300048828125,1334.800048828125,1280.0,1275.9000244140625,0.003852236189960445,1328.0000244140624,1302.179998779297,0.01347725286797591
2870,2026-08-13,1317.0,1317.0,1327.800048828125,1307.199951171875,1327.800048828125,9397301,1310.0,1329.0,1323.9000244140625,1327.300048828125,1325.0,1292.9000244140625,-0.009029345372460473,1326.4000244140625,1303.2,0.013676618998535244
2871,2026-08-14,1310.0,1310.0,1317.5,1301.5,1317.0,10497358,1316.0,1317.0,1329.0,1323.9000244140625,1334.800048828125,1307.800048828125,-0.005315110098709219,1321.4400146484375,1302.3400024414063,0.012635967413963237
2872,2026-08-17,1316.0,1316.0,1320.800048828125,1298.0999755859375,1314.0,13383867,1322.0,1310.0,1317.0,1329.0,1327.300048828125,1319.0,0.004580152671755711,1319.1800048828125,1301.9850036621094,0.012672026841172695
2873,2026-08-18,1322.0,1322.0,1328.5999755859375,1311.199951171875,1314.0,10180567,1311.0,1316.0,1310.0,1317.0,1323.9000244140625,1290.9000244140625,0.004559270516717229,1318.8,1302.9000061035156,0.012238367872207216
2874,2026-08-19,1311.0,1311.0,1321.5999755859375,1303.5,1320.300048828125,7489365,1313.199951171875,1322.0,1316.0,1310.0,1329.0,1280.0,-0.008320726172465931,1315.2,1304.0200073242188,0.012085913315688571
2875,2026-08-20,1313.199951171875,1313.199951171875,1316.5,1307.0,1315.5,5546227,1316.0,1311.0,1322.0,1316.0,1317.0,1325.0,0.0016780710693173884,1314.439990234375,1306.0700073242188,0.011650523667131322
2876,2026-08-21,1316.0,1316.0,1316.0,1308.0,1314.0,5434871,1309.800048828125,1313.199951171875,1311.0,1322.0,1310.0,1334.800048828125,0.0021322334238791374,1315.639990234375,1307.9700073242188,0.0116312659971596
2877,2026-08-24,1309.800048828125,1309.800048828125,1320.0,1302.4000244140625,1316.5999755859375,7277167,1317.0,1316.0,1313.199951171875,1311.0,1316.0,1327.300048828125,-0.004711209097169489,1314.4,1309.460009765625,0.011714635536032336
2878,2026-08-25,1317.0,1317.0,1317.0999755859375,1300.0,1304.300048828125,7115355,1298.0,1309.800048828125,1316.0,1313.199951171875,1322.0,1323.9000244140625,0.0054969849621830935,1313.4,1311.9250122070312,0.011464237469779813
2879,2026-08-26,1298.0,1298.0,1315.5999755859375,1298.0,1310.0,5744474,1282.199951171875,1317.0,1309.800048828125,1316.0,1311.0,1329.0,-0.014426727410782103,1310.8,1313.030010986328,0.011973633533074545
2880,2026-08-27,1282.199951171875,1282.199951171875,1308.4000244140625,1282.199951171875,1305.0,11271497,1287.0,1298.0,1317.0,1309.800048828125,1313.199951171875,1317.0,-0.012172610807492323,1304.6,1312.4950073242187,0.011941487716978644
2881,2026-08-28,1287.0,1287.0,1291.800048828125,1280.0,1284.9000244140625,6830228,1277.0,1282.199951171875,1298.0,1317.0,1316.0,1310.0,0.0037436039704557,1298.8,1311.4550048828125,0.011657701865706015
2882,2026-08-31,1277.0,1277.0,1297.5999755859375,1271.0,1278.699951171875,34871137,1309.0,1287.0,1282.199951171875,1298.0,1309.800048828125,1316.0,-0.007770007770007803,1292.239990234375,1309.3550048828124,0.011543386457822219
2883,2026-09-01,1309.0,1309.0,1311.800048828125,1280.0,1285.0,12617528,1313.0999755859375,1277.0,1287.0,1282.199951171875,1317.0,1322.0,0.025058731401722767,1290.639990234375,1310.2600036621093,0.012014114744108398
2884,2026-09-02,1313.0999755859375,1313.0999755859375,1321.9000244140625,1293.0999755859375,1298.0,13497841,1302.5,1309.0,1277.0,1287.0,1298.0,1311.0,0.003132143304765078,1293.6599853515625,1311.9150024414062,0.011824508830877203
2885,2026-09-03,1302.5,1302.5,1316.800048828125,1302.5,1313.0999755859375,9721454,1322.0,1313.0999755859375,1309.0,1277.0,1282.199951171875,1313.199951171875,-0.008072481747787408,1297.7199951171874,1310.7900024414062,0.00891019363193844
2886,2026-09-04,1322.0,1322.0,1333.0,1304.0999755859375,1304.0999755859375,13031534,1309.5,1302.5,1313.0999755859375,1309.0,1287.0,1316.0,0.01497120921305184,1304.7199951171874,1310.15,0.009423940010796236
2887,2026-09-07,1309.5,1309.5,1324.199951171875,1301.9000244140625,1323.0999755859375,10210522,1294.9000244140625,1322.0,1302.5,1313.0999755859375,1277.0,1309.800048828125,-0.009455370650529482,1311.2199951171874,1309.2599975585938,0.00957278308415583
2888,2026-09-08,1294.9000244140625,1294.9000244140625,1306.800048828125,1288.0,1304.0999755859375,9799528,1279.0,1309.5,1322.0,1302.5,1309.0,1317.0,-0.011149274979715518,1308.4,1307.8099975585938,0.009852426174429585
2889,2026-09-09,1279.0,1279.0,1294.699951171875,1277.199951171875,1283.5,12152819,1274.0,1294.9000244140625,1309.5,1322.0,1313.0999755859375,1298.0,-0.01227895908122889,1301.5800048828125,1305.3099975585938,0.010086547923942117
2890,2026-09-10,1274.0,1274.0,1285.300048828125,1266.300048828125,1278.5,9296079,1257.5,1279.0,1294.9000244140625,1309.5,1302.5,1282.199951171875,-0.003909304143862369,1295.8800048828125,1303.1599975585937,0.009959381796836739
2891,2026-09-11,1257.5,1257.5,1267.4000244140625,1253.0,1267.0,8777736,1257.5,1274.0,1279.0,1294.9000244140625,1322.0,1287.0,-0.01295133437990581,1282.9800048828124,1300.5349975585937,0.01025094712446238
2892,2026-09-14,1257.5,1257.5,1257.5,1257.5,1257.5,0,1235.300048828125,1257.5,1274.0,1279.0,1309.5,1277.0,0.0,1272.5800048828125,1297.6099975585937,0.010147000276336466
2893,2026-09-15,1235.300048828125,1235.300048828125,1259.4000244140625,1235.300048828125,1252.5,13754376,1240.0,1257.5,1257.5,1274.0,1294.9000244140625,1309.0,-0.017654036717196786,1260.660009765625,1293.275,0.010572428050542862
2894,2026-09-16,1240.0,1240.0,1255.0,1240.0,1243.0,10023997,1243.9000244140625,1235.300048828125,1257.5,1257.5,1279.0,1313.0999755859375,0.003804704109203083,1252.860009765625,1289.725,0.010618914193706521
2895,2026-09-17,1243.9000244140625,1243.9000244140625,1253.4000244140625,1238.5,1244.800048828125,7752895,1226.4000244140625,1240.0,1235.300048828125,1257.5,1274.0,1302.5,0.0031451809790825624,1246.8400146484375,1286.2600036621093,0.010655946544429024
2896,2026-09-18,1226.4000244140625,1226.4000244140625,1247.300048828125,1226.4000244140625,1245.0,15122715,1247.4000244140625,1243.9000244140625,1240.0,1235.300048828125,1257.5,1322.0,-0.014068654760452604,1240.62001953125,1281.7800048828126,0.010886301006372235
2897,2026-09-21,1247.4000244140625,1247.4000244140625,1249.0999755859375,1232.5,1234.0999755859375,10007218,1240.4000244140625,1226.4000244140625,1243.9000244140625,1240.0,1257.5,1309.5,0.01712328733035795,1238.6000244140625,1278.6600036621094,0.011810199802324615
2898,2026-09-22,1240.4000244140625,1240.4000244140625,1251.9000244140625,1237.4000244140625,1247.5999755859375,10684376,1248.0,1247.4000244140625,1226.4000244140625,1243.9000244140625,1235.300048828125,1294.9000244140625,-0.005611672168507553,1239.62001953125,1274.8300048828125,0.01168117665840325
2899,2026-09-23,1248.0,1248.0,1252.800048828125,1238.9000244140625,1242.0,8352048,1219.199951171875,1240.4000244140625,1247.4000244140625,1226.4000244140625,1240.0,1279.0,0.006127035985449503,1241.22001953125,1272.3300048828125,0.011519228975899616
2900,2026-09-24,1219.199951171875,1219.199951171875,1241.5999755859375,1219.199951171875,1236.5999755859375,13923795,1226.0,1248.0,1240.4000244140625,1247.4000244140625,1243.9000244140625,1274.0,-0.023076962202023266,1236.2800048828126,1269.1800048828125,0.012264980808728447
2901,2026-09-25,1226.0,1226.0,1227.4000244140625,1210.5,1210.5,13138735,1197.5999755859375,1219.199951171875,1248.0,1240.4000244140625,1226.4000244140625,1257.5,0.005577468094211113,1236.2,1266.1300048828125,0.01232040864740709
2902,2026-09-28,1197.5999755859375,1197.5999755859375,1219.699951171875,1197.0,1218.0,13602349,1182.0,1226.0,1219.199951171875,1248.0,1247.4000244140625,1257.5,-0.023164783371992237,1226.239990234375,1262.1600036621094,0.01313091156815235
2903,2026-09-29,1182.0,1182.0,1198.300048828125,1181.800048828125,1193.800048828125,24191416,1187.0,1197.5999755859375,1226.0,1219.199951171875,1240.4000244140625,1235.300048828125,-0.013026031983931041,1214.5599853515625,1255.8100036621095,0.011487659075115394
2904,2026-09-30,1187.0,1187.0,1196.5,1181.699951171875,1182.0,16376789,1167.699951171875,1182.0,1197.5999755859375,1226.0,1248.0,1240.0,0.004230118443316444,1202.3599853515625,1249.5050048828125,0.01153124363804234
2905,2026-10-01,1167.699951171875,1167.699951171875,1183.9000244140625,1160.800048828125,1180.0999755859375,16771221,1167.699951171875,1187.0,1182.0,1197.5999755859375,1219.199951171875,1243.9000244140625,-0.016259518810551765,1192.0599853515625,1242.7650024414063,0.011789526674462349
2906,2026-10-02,1167.699951171875,1167.699951171875,1167.699951171875,1167.699951171875,1167.699951171875,0,1186.4000244140625,1167.699951171875,1187.0,1182.0,1226.0,1226.4000244140625,0.0,1180.3999755859375,1235.05,0.010868572273575253
2907,2026-10-05,1186.4000244140625,1186.4000244140625,1193.0,1171.199951171875,1171.199951171875,14254907,1218.0,1167.699951171875,1167.699951171875,1187.0,1197.5999755859375,1247.4000244140625,0.016014450650118306,1178.1599853515625,1228.895001220703,0.011901502777127296
2908,2026-10-06,1218.0,1218.0,1219.0999755859375,1188.0999755859375,1188.0999755859375,18003127,1207.699951171875,1186.4000244140625,1167.699951171875,1167.699951171875,1182.0,1240.4000244140625,0.02663517779472735,1185.3599853515625,1225.05,0.013711321937277842
2909,2026-10-07,1207.699951171875,1207.699951171875,1220.800048828125,1203.5,1212.0,11880731,1178.0,1218.0,1186.4000244140625,1167.699951171875,1187.0,1248.0,-0.008456526131465525,1189.4999755859376,1221.4849975585937,0.013600889806863782
